Executable      : siesta
Version         : 5.4.2
Architecture    : x86_64
Compiler version: GNU-14.3.0
Compiler flags  : -march=nocona -mtune=haswell -ftree-vectorize -fPIC -fstack-protector-strong -fno-plt -O2 -ffunction-sections -pipe -isystem <prefix>/include -I<prefix>/_build_env/include -fdebug-prefix-map=<prefix>/work=/usr/local/src/conda/siesta-5.4.2 -fdebug-prefix-map=<prefix>=/usr/local/src/conda-prefix -I<prefix>/lib -fallow-argument-mismatch -O3
Parallelisations: none
NetCDF support
NetCDF-4 support
Lua support
DFT-D3 support

Runtime information:
* Directory : /home/UAB/1668068/Documents/Grafit/Output
* Running in serial mode.
>> Start of run:  24-MAY-2026  14:19:13

                           *********************** 
                           *  WELCOME TO SIESTA  * 
                           *********************** 

 NOTE: Siesta V5 introduces some new defaults for basis-set generation
 NOTE: which might lead to slightly different numerical results.
 NOTE: Please see the manual for full details and compatibility measures.


reinit: Reading from file graphite.fdf

reinit: -----------------------------------------------------------------------
reinit: System Name: 
reinit: -----------------------------------------------------------------------
reinit: System Label: relaxation
reinit: -----------------------------------------------------------------------

initatom: Reading input for the pseudopotentials and atomic orbitals ----------
Species number:   1 Atomic number:    6 Label: C

Ground state valence configuration (from tables):   2s02  2p02  3d00  4f00

---- Processing specs for species: C
Reading pseudopotential information in PSML from:
  C.psml
PSML file version: 1.1
Using libxc ids:  101 130
GGA--PBE XC_GGA_X_PBE--XC_GGA_C_PBE pb
PSML uuid: 297821e0-be41-11e7-6802-e1ff7dfff095

---- Pseudopotential check for C 

Pseudized shells:
2s( 2.00) rc: 1.20
2p( 2.00) rc: 1.26
Valence configuration for ps generation: 2s:2p: Total charge:   4.000000
For C, standard SIESTA heuristics set lmxkb to 3
 (one more than the basis l, including polarization orbitals).
Use PS.lmax or PS.KBprojectors blocks to override.
C pseudopotential only contains V_ls up to l=1 -- lmxkb reset.

<basis_specs>
===============================================================================
C                    Z=   6    Mass=  12.011        Charge= 0.17977+309
Lmxo=2 Lmxkb= 1    BasisType=split      Semic=F
L=0  Nsemic=0  Cnfigmx=2
          i=1  nzeta=2  polorb=0  (2s)
            splnorm:   0.15000    
               vcte:    40.000    
               rinn:  -0.90000    
               qcoe:    0.0000    
               qyuk:    0.0000    
               qwid:   0.10000E-01
                rcs:    0.0000      0.0000    
            lambdas:    1.0000      1.0000    
L=1  Nsemic=0  Cnfigmx=2
          i=1  nzeta=2  polorb=1  (2p)  (to be polarized perturbatively)
            splnorm:   0.15000    
               vcte:    40.000    
               rinn:  -0.90000    
               qcoe:    0.0000    
               qyuk:    0.0000    
               qwid:   0.10000E-01
                rcs:    0.0000      0.0000    
            lambdas:    1.0000      1.0000    
L=2  Nsemic=0  Cnfigmx=3
          i=1  nzeta=0  polorb=0  (3d)  (perturbative polarization orbital) (from 2p)
-------------------------------------------------------------------------------
L=0  Nkbl=1  erefs: 0.17977+309
L=1  Nkbl=1  erefs: 0.17977+309
===============================================================================
</basis_specs>

Using PAO.SplitTailNorm
atom: Called for C                     (Z =   6)
NOTE: C pseudopotential has channels up to l= 1
NOTE: PAOs with higher l will be generated with V_local
Maximum radius (at nrval) set to   50.00000 8518

read_vps: Pseudopotential generation method:
read_vps: ONCVPSP-3.Hamann's oncvpsp                        
Valence charge in pseudo generation:    4.00000

read_vps: Pseudopotential includes a core correction:
read_vps: Pseudo-core for xc-correction

xc_check: Exchange-correlation functional:
xc_check: GGA Perdew, Burke & Ernzerhof 1996
Got Vlocal (oncv-fit) from psml data
Choosing vlocal chloc cutoff:  4.122282
qtot up to nchloc:    4.00001153
atom: Maximum radius for chlocal:    4.12228
atom: Maximum radius for r*vlocal+2*Zval:    4.12228
Reading KB projs from C psml data
Using scalar-relativistic projectors in PSML file

PSML: Kleinman-Bylander projectors: 
   l= 0   rc=  1.219773   Ekb= 12.963096
   l= 0   rc=  1.219773   Ekb=  0.771007
   l= 1   rc=  1.278952   Ekb= -8.399923
   l= 1   rc=  1.278952   Ekb= -1.755033

PSML: Total number of  Kleinman-Bylander projectors:   8
atom: -------------------------------------------------------------------------

atom: SANKEY-TYPE ORBITALS:
atom: Selected multiple-zeta basis: split     

SPLIT: Orbitals with angular momentum L= 0

SPLIT: Basis orbitals for state 2s

SPLIT: PAO cut-off radius determined from an
SPLIT: energy shift=  0.022050 Ry
Split based on tail norm

   izeta = 1
                 lambda =    1.000000
                     rc =    4.056692
                 energy =   -0.986303
                kinetic =    1.010795
    potential(screened) =   -1.997097
       potential(ionic) =   -5.588640

   izeta = 2
                 rmatch =    2.893247
              splitnorm =    0.150000
                 energy =   -0.613850
                kinetic =    1.961100
    potential(screened) =   -2.574951
       potential(ionic) =   -6.459313

SPLIT: Orbitals with angular momentum L= 1

SPLIT: Basis orbitals for state 2p

SPLIT: PAO cut-off radius determined from an
SPLIT: energy shift=  0.022050 Ry
Split based on tail norm

   izeta = 1
                 lambda =    1.000000
                     rc =    4.791027
                 energy =   -0.364422
                kinetic =    2.639165
    potential(screened) =   -3.003587
       potential(ionic) =   -6.489368

   izeta = 2
                 rmatch =    3.403813
              splitnorm =    0.150000
                 energy =   -0.189443
                kinetic =    3.967582
    potential(screened) =   -4.157024
       potential(ionic) =   -7.981902
*Note: V_local used for l= 2

** Using vlocal for PAOs with L= 2

POLgen: Perturbative polarization orbital with L=  2

POLgen: Polarization orbital for state 2p
*Note: V_local used for lpol= 2

** Using vlocal for PAOs with L= 2
Split based on tail norm

   izeta = 1
                     rc =    4.791027
                 energy =    1.360757
                kinetic =    2.624160
    potential(screened) =   -1.263403
       potential(ionic) =   -4.243109
atom: Total number of Sankey-type orbitals: 13

atm_pop: Valence configuration (for local Pseudopot. screening):
 2s( 2.00)                                                            
 2p( 2.00)                                                            
 3d( 0.00)                                                            
Vna: chval, zval:    4.00000   4.00000

Vna:  Cut-off radius for the neutral-atom potential:   4.791027
comcore: Pseudo-core radius Rcore=  1.671741

atom: _________________________________________________________________________

prinput: Basis input 

PAO.BasisType split     

%block ChemicalSpeciesLabel
    1    6 C                       # Species index, atomic number, species label
%endblock ChemicalSpeciesLabel

%block PAO.Basis                 # Define Basis set
# WARNING: This information might be incomplete!
C                     2                    # Species label, number of l-shells
 n=2   0   2                         # n, l, Nzeta 
   4.057      2.893   
   1.000      1.000   
 n=2   1   2 P   1                   # n, l, Nzeta, Polarization, NzetaPol
   4.791      3.404   
   1.000      1.000   
%endblock PAO.Basis

prinput: ----------------------------------------------------------------------

Dumping basis to NetCDF file C.ion.nc
coor:   Atomic-coordinates input format  =     Cartesian coordinates
coor:                                          (in Angstroms)

siesta: Atomic coordinates (Bohr) and species
siesta:      0.00000   0.00000   0.47243  1        1
siesta:      0.62991   1.25982   0.47243  1        2
siesta:      0.00000   0.00000   1.41729  1        3
siesta:      1.25982   0.62991   1.41729  1        4

siesta: System type = slab      

initatomlists: Number of atoms, orbitals, and projectors:      4    52    32

coxmol: Writing XMOL coordinates into file relaxation.xyz                                                                                                                                                                                                                      

siesta: ******************** Simulation parameters ****************************
siesta:
siesta: The following are some of the parameters of the simulation.
siesta: A complete list of the parameters used, including default values,
siesta: can be found in file out.fdf
siesta:
redata: Spin configuration                          = none
redata: Number of spin components                   = 1
redata: Time-Reversal Symmetry                      = T
redata: Spin spiral                                 = F
redata: Long output                                 =   F
redata: Number of Atomic Species                    =        1
redata: Charge density info will appear in .RHO file
redata: Write Mulliken charges (when)               = none
redata: Write Mulliken Pop.                         = NO
redata: Write Hirshfeld charges (when)              = none
redata: Write Voronoi charges (when)                = none
redata: Write spin charge (when)                    = none
redata: Matel table size (NRTAB)                    =     1024
redata: Mesh Cutoff                                 =   300.0000 Ry
redata: Net charge of the system                    =     0.0000 |e|
redata: Min. number of SCF Iter                     =        0
redata: Max. number of SCF Iter                     =      300
redata: SCF convergence failure will abort job
redata: SCF mix quantity                            = Hamiltonian
redata: Mix DM or H after convergence               =   F
redata: Recompute H after scf cycle                 =   F
redata: Mix DM in first SCF step                    =   T
redata: Write Pulay info on disk                    =   F
redata: New DM Occupancy tolerance                  = 0.000000000001
redata: No kicks to SCF
redata: DM Mixing Weight for Kicks                  =     0.5000
redata: Require Harris convergence for SCF          =   F
redata: Harris energy tolerance for SCF             =     0.000100 eV
redata: Require DM convergence for SCF              =   T
redata: DM tolerance for SCF                        =     0.000100
redata: Require EDM convergence for SCF             =   F
redata: EDM tolerance for SCF                       =     0.001000 eV
redata: Require H convergence for SCF               =   T
redata: Hamiltonian tolerance for SCF               =     0.001000 eV
redata: Require (free) Energy convergence for SCF   =   F
redata: (free) Energy tolerance for SCF             =     0.000100 eV
redata: Using DFT-D3 dispersion                     =   F
redata: Using Saved Data (generic)                  =   F
redata: Use continuation files for DM               =   T
redata: Neglect nonoverlap interactions             =   F
redata: Method of Calculation                       = Diagonalization
redata: Electronic Temperature                      =   290.1130 K
redata: Fix the spin of the system                  =   F
redata: Max. number of TDED Iter                    =        1
redata: Number of TDED substeps                     =        3
redata: Dynamics option                             = CG coord. optimization
redata: Variable cell                               =   F
redata: Use continuation files for CG               =   F
redata: Max atomic displ per move                   =     0.1058 Ang
redata: Maximum number of optimization moves        =      200
redata: Force tolerance                             =     0.0200 eV/Ang
mix.SCF: Pulay mixing                            = Pulay
mix.SCF:    Variant                              = stable
mix.SCF:    History steps                        = 2
mix.SCF:    Linear mixing weight                 =     0.050000
mix.SCF:    Mixing weight                        =     0.050000
mix.SCF:    SVD condition                        = 0.1000E-07
redata: Save all siesta data in one NC              =   F
redata: ***********************************************************************

%block SCF.Mixers
  Pulay
%endblock SCF.Mixers

%block SCF.Mixer.Pulay
  # Mixing method
  method pulay
  variant stable

  # Mixing options
  weight 0.0500
  weight.linear 0.0500
  history 2
%endblock SCF.Mixer.Pulay

DM_history_depth set to one: no extrapolation allowed by default for geometry relaxation
Size of DM history Fstack: 1
Total number of electrons:    16.000000
Total ionic charge:    16.000000
k-point displ. along   3 input, could be:     0.00    0.50
 Kpoints in:          480 . Kpoints trimmed:          458

siesta: k-grid: Number of k-points = 458
siesta: k-points from Monkhorst-Pack grid
siesta: k-cutoff (effective) =    13.400 Ang
siesta: k-point supercell and displacements
siesta: k-grid:    15     0     0      0.000
siesta: k-grid:     0    15     0      0.000
siesta: k-grid:     0     0     4      0.000

diag: Algorithm                                     = D&C
diag: Used triangular part                          = Lower
diag: Absolute tolerance                            =  0.100E-15
diag: Orthogonalization factor                      =  0.100E-05
diag: Memory factor                                 =  1.0000

superc: Internal auxiliary supercell:     5 x     5 x     1  =      25
superc: Number of atoms, orbitals, and projectors:    100   1300    800


ts: **************************************************************
ts: Save H and S matrices                           =    F
ts: Save TSHS files in MD/FC simulation             =    F
ts: Save DM and EDM matrices                        =    F
ts: Only save the overlap matrix S                  =    F
ts: **************************************************************

************************ Begin: TS CHECKS AND WARNINGS ************************
************************ End: TS CHECKS AND WARNINGS **************************


                     ====================================
                        Begin CG opt. move =      0
                     ====================================

superc: Internal auxiliary supercell:     5 x     5 x     1  =      25
superc: Number of atoms, orbitals, and projectors:    100   1300    800

outcell: Unit cell vectors (Ang):
        2.130000   -1.229756    0.000000
        2.130000    1.229756    0.000000
        0.000000    0.000000    6.700000

outcell: Cell vector modules (Ang)   :    2.459512    2.459512    6.700000
outcell: Cell angles (23,13,12) (deg):     90.0000     90.0000     60.0000
outcell: Cell volume (Ang**3)        :     35.0997
siesta: WARNING: Atoms     1     3 too close: rij =    0.500000 Ang
siesta: WARNING: Atoms     5     7 too close: rij =    0.500000 Ang
siesta: WARNING: Atoms     9    11 too close: rij =    0.500000 Ang
siesta: WARNING: Atoms    13    15 too close: rij =    0.500000 Ang
siesta: WARNING: Atoms    17    19 too close: rij =    0.500000 Ang
siesta: WARNING: Atoms    21    23 too close: rij =    0.500000 Ang
siesta: WARNING: Atoms    25    27 too close: rij =    0.500000 Ang
siesta: WARNING: Atoms    29    31 too close: rij =    0.500000 Ang
siesta: WARNING: Atoms    33    35 too close: rij =    0.500000 Ang
siesta: WARNING: Atoms    37    39 too close: rij =    0.500000 Ang
siesta: WARNING: Atoms    41    43 too close: rij =    0.500000 Ang
siesta: WARNING: Atoms    45    47 too close: rij =    0.500000 Ang
siesta: WARNING: Atoms    49    51 too close: rij =    0.500000 Ang
siesta: WARNING: Atoms    53    55 too close: rij =    0.500000 Ang
siesta: WARNING: Atoms    57    59 too close: rij =    0.500000 Ang
siesta: WARNING: Atoms    61    63 too close: rij =    0.500000 Ang
siesta: WARNING: Atoms    65    67 too close: rij =    0.500000 Ang
siesta: WARNING: Atoms    69    71 too close: rij =    0.500000 Ang
siesta: WARNING: Atoms    73    75 too close: rij =    0.500000 Ang
siesta: WARNING: Atoms    77    79 too close: rij =    0.500000 Ang
siesta: WARNING: Atoms    81    83 too close: rij =    0.500000 Ang
siesta: WARNING: Atoms    85    87 too close: rij =    0.500000 Ang
siesta: WARNING: Atoms    89    91 too close: rij =    0.500000 Ang
siesta: WARNING: Atoms    93    95 too close: rij =    0.500000 Ang
siesta: WARNING: Atoms    97    99 too close: rij =    0.500000 Ang
<dSpData1D:S at geom step 0
  <sparsity:sparsity for geom step 0
    nrows_g=52 nrows=52 sparsity=17.6028 nnzs=47598, refcount: 7>
  <dData1D:(new from dSpData1D) n=47598, refcount: 1>
refcount: 1>
new_DM -- step:     1
Initializing Density Matrix...

Attempting to read DM from file... Failed...
DM filled with atomic data:
<dSpData2D:DM initialized from atoms
  <sparsity:sparsity for geom step 0
    nrows_g=52 nrows=52 sparsity=17.6028 nnzs=47598, refcount: 8>
  <dData2D:DM n=47598 m=1, refcount: 1>
refcount: 1>
No. of atoms with KB's overlaping orbs in proc 0. Max # of overlaps:      28     306

InitMesh: MESH = 24 x 24 x 72 = 41472
InitMesh: Mesh cutoff (required, used) =   300.000   319.167 Ry
New grid distribution [1]: sub = 2

stepf: Fermi-Dirac step function

siesta: Program's energy decomposition (eV):
siesta: Ebs     =      -155.491945
siesta: Eions   =      1128.646832
siesta: Ena     =       478.980839
siesta: Ekin    =       987.242829
siesta: Enl     =       -89.681616
siesta: Eso     =         0.000000
siesta: Edftu   =         0.000000
siesta: DEna    =      -288.434605
siesta: DUscf   =        58.205343
siesta: DUext   =         0.000000
siesta: Ex      =      -305.065594
siesta: Ec      =       -23.509869
siesta: Exc     =      -328.575463
siesta: EbV     =         0.000000
siesta: eta*DQ  =         0.000000
siesta: Emadel  =         0.000000
siesta: Emeta   =         0.000000
siesta: Emolmec =         0.000000
siesta: Ekinion =         0.000000
siesta: Eharris =      -248.664422
siesta: Etot    =      -310.909505
siesta: FreeEng =      -310.909505

        iscf     Eharris(eV)        E_KS(eV)     FreeEng(eV)     dDmax    Ef(eV) dHmax(eV)
   scf:    1     -248.664422     -310.909505     -310.909505 12.581483-10.199698 23.382603
timer: Routine,Calls,Time,% = IterSCF        1       1.351  67.51
   scf:    2     -317.362046     -314.166955     -314.166955  0.279297 -9.566350 21.305465
   scf:    3     -339.652145     -331.656304     -331.657475  2.996347 -2.705647  2.977757
   scf:    4     -331.571532     -331.680924     -331.682674  0.325865 -3.518951  0.883323
   scf:    5     -331.746069     -331.713953     -331.715737  0.037043 -3.511000  0.901413
   scf:    6     -331.855230     -331.788246     -331.790139  0.107731 -3.521259  0.891344
   scf:    7     -331.825173     -331.807078     -331.808986  0.036007 -3.553039  0.835044
   scf:    8     -331.870452     -331.842271     -331.844072  0.112011 -3.676535  0.623607
   scf:    9     -331.850053     -331.846431     -331.848159  0.032220 -3.735351  0.524398
   scf:   10     -331.839024     -331.844314     -331.845853  0.079046 -3.904642  0.488392
   scf:   11     -331.840560     -331.842499     -331.843988  0.015369 -3.961685  0.468205
   scf:   12     -331.834451     -331.838666     -331.840057  0.024295 -4.082690  0.381929
   scf:   13     -331.841032     -331.839867     -331.841245  0.003708 -4.108423  0.324583
   scf:   14     -331.846744     -331.843439     -331.844801  0.013973 -4.156595  0.202950
   scf:   15     -331.846919     -331.845203     -331.846572  0.008066 -4.159590  0.206571
   scf:   16     -331.852832     -331.849231     -331.850629  0.024576 -4.160326  0.203706
   scf:   17     -331.851029     -331.850149     -331.851561  0.007913 -4.153487  0.190734
   scf:   18     -331.853015     -331.851766     -331.853227  0.025150 -4.126258  0.139895
   scf:   19     -331.852026     -331.851909     -331.853387  0.007178 -4.113337  0.123440
   scf:   20     -331.851288     -331.851672     -331.853195  0.017418 -4.076703  0.121022
   scf:   21     -331.851454     -331.851566     -331.853100  0.003446 -4.064240  0.113554
   scf:   22     -331.851145     -331.851365     -331.852921  0.005457 -4.037855  0.090289
   scf:   23     -331.851492     -331.851429     -331.852987  0.000774 -4.031907  0.076524
   scf:   24     -331.851806     -331.851625     -331.853184  0.003086 -4.020526  0.046611
   scf:   25     -331.851827     -331.851727     -331.853283  0.001915 -4.019545  0.047445
   scf:   26     -331.852162     -331.851956     -331.853501  0.005682 -4.018712  0.046591
   scf:   27     -331.852069     -331.852014     -331.853554  0.001950 -4.020156  0.043283
   scf:   28     -331.852192     -331.852112     -331.853639  0.005610 -4.025611  0.031350
   scf:   29     -331.852136     -331.852125     -331.853647  0.001622 -4.028344  0.029365
   scf:   30     -331.852120     -331.852126     -331.853637  0.003780 -4.035814  0.028329
   scf:   31     -331.852123     -331.852125     -331.853633  0.000732 -4.038347  0.026384
   scf:   32     -331.852116     -331.852121     -331.853624  0.001204 -4.043884  0.020818
   scf:   33     -331.852129     -331.852125     -331.853628  0.000160 -4.045156  0.017694
   scf:   34     -331.852145     -331.852135     -331.853638  0.000676 -4.047712  0.010912
   scf:   35     -331.852144     -331.852140     -331.853644  0.000435 -4.047976  0.011091
   scf:   36     -331.852157     -331.852149     -331.853655  0.001279 -4.048265  0.010697
   scf:   37     -331.852153     -331.852151     -331.853658  0.000459 -4.047969  0.009795
   scf:   38     -331.852152     -331.852152     -331.853663  0.001224 -4.046892  0.007079
   scf:   39     -331.852151     -331.852151     -331.853663  0.000349 -4.046329  0.006706
   scf:   40     -331.852145     -331.852148     -331.853663  0.000766 -4.044870  0.006240
   scf:   41     -331.852147     -331.852147     -331.853663  0.000143 -4.044381  0.005782
   scf:   42     -331.852144     -331.852146     -331.853662  0.000236 -4.043303  0.004489
   scf:   43     -331.852146     -331.852146     -331.853662  0.000033 -4.043055  0.003808
   scf:   44     -331.852147     -331.852146     -331.853663  0.000143 -4.042544  0.002508
   scf:   45     -331.852147     -331.852147     -331.853663  0.000094 -4.042490  0.002523
   scf:   46     -331.852149     -331.852148     -331.853664  0.000270 -4.042440  0.002353
   scf:   47     -331.852149     -331.852148     -331.853664  0.000101 -4.042506  0.002114
   scf:   48     -331.852150     -331.852149     -331.853664  0.000247 -4.042730  0.001589
   scf:   49     -331.852150     -331.852150     -331.853664  0.000069 -4.042845  0.001471
   scf:   50     -331.852151     -331.852150     -331.853664  0.000140 -4.043123  0.001285
   scf:   51     -331.852151     -331.852150     -331.853664  0.000025 -4.043212  0.001172
   scf:   52     -331.852151     -331.852151     -331.853664  0.000039 -4.043407  0.000872

SCF Convergence by DM+H criterion
max |DM_out - DM_in|         :     0.0000392117
max |H_out - H_in|      (eV) :     0.0008719367
SCF cycle converged after 52 iterations

Using DM_out to compute the final energy and forces
No. of atoms with KB's overlaping orbs in proc 0. Max # of overlaps:      28     306

siesta: E_KS(eV) =             -331.8522

siesta: E_KS - E_eggbox =      -331.8522

siesta: Atomic forces (eV/Ang):
----------------------------------------
   Tot    0.020324    0.016130    0.003060
----------------------------------------
   Max  775.644880
   Res  381.391812    sqrt( Sum f_i^2 / 3N )
----------------------------------------
   Max  775.644880    constrained

Stress tensor Voigt[x,y,z,yz,xz,xy] (kbar):   -11807.09   -11779.31   -23491.45     3726.80    -3712.77    -4950.82
(Free)E + p*V (eV/cell)       11.9324
Target enthalpy (eV/cell)     -331.8537

                     ====================================
                        Begin CG opt. move =      1
                     ====================================

superc: Internal auxiliary supercell:     5 x     5 x     1  =      25
superc: Number of atoms, orbitals, and projectors:    100   1300    800

outcell: Unit cell vectors (Ang):
        2.130000   -1.229756    0.000000
        2.130000    1.229756    0.000000
        0.000000    0.000000    6.700000

outcell: Cell vector modules (Ang)   :    2.459512    2.459512    6.700000
outcell: Cell angles (23,13,12) (deg):     90.0000     90.0000     60.0000
outcell: Cell volume (Ang**3)        :     35.0997
<dSpData1D:S at geom step 1
  <sparsity:sparsity for geom step 1
    nrows_g=52 nrows=52 sparsity=17.5451 nnzs=47442, refcount: 7>
  <dData1D:(new from dSpData1D) n=47442, refcount: 1>
refcount: 1>
new_DM -- step:     2
Re-using DM from previous geometries...
Number of DMs in history: 1
 DM extrapolation coefficients: 
1   1.00000
New DM after history re-use:
<dSpData2D:SpM extrapolated using coords
  <sparsity:sparsity for geom step 1
    nrows_g=52 nrows=52 sparsity=17.5451 nnzs=47442, refcount: 9>
  <dData2D:(temp array for extrapolation) n=47442 m=1, refcount: 1>
refcount: 1>
Note: For starting DM, Qtot, Tr[D*S] =         16.00000000         17.10933974
No. of atoms with KB's overlaping orbs in proc 0. Max # of overlaps:      28     299

InitMesh: MESH = 24 x 24 x 72 = 41472
InitMesh: Mesh cutoff (required, used) =   300.000   319.167 Ry
New grid distribution [1]: sub = 2

        iscf     Eharris(eV)        E_KS(eV)     FreeEng(eV)     dDmax    Ef(eV) dHmax(eV)
   scf:    1     -451.124692     -444.110353     -444.110932  2.479013 -2.946289  1.840926
   scf:    2     -443.710013     -444.207743     -444.208459  0.222800 -2.845191  1.605280
   scf:    3     -444.635995     -444.485681     -444.486332  0.103714 -2.893811  0.230923
   scf:    4     -444.488379     -444.487044     -444.487691  0.001244 -2.894810  0.210234
   scf:    5     -444.498315     -444.493594     -444.494220  0.010542 -2.902575  0.073756
   scf:    6     -444.493934     -444.493766     -444.494393  0.000614 -2.902610  0.065099
   scf:    7     -444.494585     -444.494263     -444.494896  0.003829 -2.903105  0.021043
   scf:    8     -444.494283     -444.494273     -444.494907  0.000300 -2.903372  0.018544
   scf:    9     -444.494330     -444.494307     -444.494947  0.001994 -2.905261  0.009875
   scf:   10     -444.494314     -444.494310     -444.494950  0.000236 -2.905532  0.009383
   scf:   11     -444.494329     -444.494321     -444.494962  0.001340 -2.906989  0.006037
   scf:   12     -444.494322     -444.494321     -444.494962  0.000078 -2.906987  0.005365
   scf:   13     -444.494325     -444.494323     -444.494964  0.000382 -2.906855  0.003383
   scf:   14     -444.494324     -444.494324     -444.494964  0.000022 -2.906730  0.003246
   scf:   15     -444.494325     -444.494324     -444.494964  0.000161 -2.905817  0.002066
   scf:   16     -444.494324     -444.494324     -444.494964  0.000030 -2.905664  0.001720
   scf:   17     -444.494324     -444.494324     -444.494964  0.000118 -2.905075  0.001043
   scf:   18     -444.494324     -444.494324     -444.494964  0.000022 -2.905033  0.000956

SCF Convergence by DM+H criterion
max |DM_out - DM_in|         :     0.0000215968
max |H_out - H_in|      (eV) :     0.0009556627
SCF cycle converged after 18 iterations

Using DM_out to compute the final energy and forces
No. of atoms with KB's overlaping orbs in proc 0. Max # of overlaps:      28     299

siesta: E_KS(eV) =             -444.4943

siesta: Atomic forces (eV/Ang):
----------------------------------------
   Tot   -0.009601   -0.001133    0.000108
----------------------------------------
   Max  458.223871
   Res  243.459211    sqrt( Sum f_i^2 / 3N )
----------------------------------------
   Max  458.223871    constrained

Stress tensor Voigt[x,y,z,yz,xz,xy] (kbar):    -9721.68    -9600.66   -17325.60     2615.34    -2548.16    -3879.24
(Free)E + p*V (eV/cell)     -176.8733
Target enthalpy (eV/cell)     -444.4950

                     ====================================
                        Begin CG opt. move =      2
                     ====================================

superc: Internal auxiliary supercell:     5 x     5 x     1  =      25
superc: Number of atoms, orbitals, and projectors:    100   1300    800

outcell: Unit cell vectors (Ang):
        2.130000   -1.229756    0.000000
        2.130000    1.229756    0.000000
        0.000000    0.000000    6.700000

outcell: Cell vector modules (Ang)   :    2.459512    2.459512    6.700000
outcell: Cell angles (23,13,12) (deg):     90.0000     90.0000     60.0000
outcell: Cell volume (Ang**3)        :     35.0997
<dSpData1D:S at geom step 2
  <sparsity:sparsity for geom step 2
    nrows_g=52 nrows=52 sparsity=17.2729 nnzs=46706, refcount: 7>
  <dData1D:(new from dSpData1D) n=46706, refcount: 1>
refcount: 1>
new_DM -- step:     3
Re-using DM from previous geometries...
Number of DMs in history: 1
 DM extrapolation coefficients: 
1   1.00000
New DM after history re-use:
<dSpData2D:SpM extrapolated using coords
  <sparsity:sparsity for geom step 2
    nrows_g=52 nrows=52 sparsity=17.2729 nnzs=46706, refcount: 9>
  <dData2D:(temp array for extrapolation) n=46706 m=1, refcount: 1>
refcount: 1>
Note: For starting DM, Qtot, Tr[D*S] =         16.00000000         17.39540199
No. of atoms with KB's overlaping orbs in proc 0. Max # of overlaps:      28     294

InitMesh: MESH = 24 x 24 x 72 = 41472
InitMesh: Mesh cutoff (required, used) =   300.000   319.167 Ry
New grid distribution [1]: sub = 2

        iscf     Eharris(eV)        E_KS(eV)     FreeEng(eV)     dDmax    Ef(eV) dHmax(eV)
   scf:    1     -547.714600     -543.522312     -543.523670  3.458863 -1.668238  3.501809
   scf:    2     -542.482104     -543.516486     -543.517755  0.578851 -3.076296  4.262991
   scf:    3     -544.282995     -544.033831     -544.035375  0.304193 -2.354421  0.544895
   scf:    4     -544.053187     -544.044074     -544.045624  0.004414 -2.342854  0.481523
   scf:    5     -544.067077     -544.059050     -544.060533  0.011640 -2.317508  0.340603
   scf:    6     -544.063965     -544.061557     -544.063024  0.004698 -2.316954  0.297183
   scf:    7     -544.075758     -544.070020     -544.071415  0.028068 -2.312509  0.206380
   scf:    8     -544.072397     -544.071242     -544.072630  0.006741 -2.311465  0.164895
   scf:    9     -544.074266     -544.073040     -544.074413  0.019154 -2.307697  0.073114
   scf:   10     -544.073401     -544.073232     -544.074604  0.001631 -2.306496  0.062281
   scf:   11     -544.073531     -544.073441     -544.074811  0.003092 -2.303178  0.035899
   scf:   12     -544.073483     -544.073462     -544.074833  0.000345 -2.302482  0.031414
   scf:   13     -544.073554     -544.073523     -544.074894  0.001940 -2.298653  0.020985
   scf:   14     -544.073540     -544.073532     -544.074903  0.000439 -2.297888  0.018558
   scf:   15     -544.073559     -544.073548     -544.074920  0.001565 -2.295225  0.008479
   scf:   16     -544.073554     -544.073551     -544.074923  0.000231 -2.294998  0.007316
   scf:   17     -544.073555     -544.073554     -544.074926  0.000412 -2.294686  0.005355
   scf:   18     -544.073555     -544.073554     -544.074927  0.000023 -2.294767  0.004594
   scf:   19     -544.073555     -544.073555     -544.074928  0.000099 -2.295103  0.002837
   scf:   20     -544.073555     -544.073555     -544.074928  0.000026 -2.295186  0.002664
   scf:   21     -544.073555     -544.073555     -544.074928  0.000132 -2.295607  0.001464
   scf:   22     -544.073555     -544.073555     -544.074928  0.000029 -2.295674  0.001156
   scf:   23     -544.073555     -544.073555     -544.074928  0.000059 -2.295798  0.000892

SCF Convergence by DM+H criterion
max |DM_out - DM_in|         :     0.0000587471
max |H_out - H_in|      (eV) :     0.0008924370
SCF cycle converged after 23 iterations

Using DM_out to compute the final energy and forces
No. of atoms with KB's overlaping orbs in proc 0. Max # of overlaps:      28     294

siesta: E_KS(eV) =             -544.0736

siesta: Atomic forces (eV/Ang):
----------------------------------------
   Tot   -0.002168    0.004427    0.005169
----------------------------------------
   Max  180.969830
   Res  120.358324    sqrt( Sum f_i^2 / 3N )
----------------------------------------
   Max  180.969830    constrained

Stress tensor Voigt[x,y,z,yz,xz,xy] (kbar):    -7240.27    -6870.35    -9402.89     1397.38    -1409.99    -2666.40
(Free)E + p*V (eV/cell)     -372.3674
Target enthalpy (eV/cell)     -544.0749

                     ====================================
                        Begin CG opt. move =      3
                     ====================================

superc: Internal auxiliary supercell:     5 x     5 x     1  =      25
superc: Number of atoms, orbitals, and projectors:    100   1300    800

outcell: Unit cell vectors (Ang):
        2.130000   -1.229756    0.000000
        2.130000    1.229756    0.000000
        0.000000    0.000000    6.700000

outcell: Cell vector modules (Ang)   :    2.459512    2.459512    6.700000
outcell: Cell angles (23,13,12) (deg):     90.0000     90.0000     60.0000
outcell: Cell volume (Ang**3)        :     35.0997
<dSpData1D:S at geom step 3
  <sparsity:sparsity for geom step 3
    nrows_g=52 nrows=52 sparsity=17.0015 nnzs=45972, refcount: 7>
  <dData1D:(new from dSpData1D) n=45972, refcount: 1>
refcount: 1>
new_DM -- step:     4
Re-using DM from previous geometries...
Number of DMs in history: 1
 DM extrapolation coefficients: 
1   1.00000
New DM after history re-use:
<dSpData2D:SpM extrapolated using coords
  <sparsity:sparsity for geom step 3
    nrows_g=52 nrows=52 sparsity=17.0015 nnzs=45972, refcount: 9>
  <dData2D:(temp array for extrapolation) n=45972 m=1, refcount: 1>
refcount: 1>
Note: For starting DM, Qtot, Tr[D*S] =         16.00000000         16.73450596
No. of atoms with KB's overlaping orbs in proc 0. Max # of overlaps:      28     294

InitMesh: MESH = 24 x 24 x 72 = 41472
InitMesh: Mesh cutoff (required, used) =   300.000   319.167 Ry
New grid distribution [1]: sub = 2

        iscf     Eharris(eV)        E_KS(eV)     FreeEng(eV)     dDmax    Ef(eV) dHmax(eV)
   scf:    1     -598.342275     -593.550815     -593.552925  1.840136 -1.372715  2.772652
   scf:    2     -591.850879     -593.232813     -593.235121  0.205765 -2.254582  4.487647
   scf:    3     -594.119265     -593.872850     -593.875355  0.128016 -1.729272  0.713251
   scf:    4     -593.891406     -593.882500     -593.885095  0.002408 -1.732012  0.616522
   scf:    5     -593.913730     -593.902961     -593.905778  0.010824 -1.737805  0.346328
   scf:    6     -593.907729     -593.905366     -593.908180  0.002572 -1.737293  0.318603
   scf:    7     -593.924148     -593.916255     -593.919087  0.022413 -1.729476  0.100946
   scf:    8     -593.916749     -593.916512     -593.919347  0.000989 -1.726907  0.088389
   scf:    9     -593.917110     -593.916902     -593.919745  0.002962 -1.718028  0.045826
   scf:   10     -593.916926     -593.916914     -593.919758  0.000114 -1.716671  0.040567
   scf:   11     -593.916971     -593.916954     -593.919803  0.000905 -1.705948  0.021846
   scf:   12     -593.916963     -593.916959     -593.919809  0.000156 -1.704659  0.017825
   scf:   13     -593.916971     -593.916967     -593.919819  0.000533 -1.700714  0.007992
   scf:   14     -593.916969     -593.916968     -593.919821  0.000039 -1.700759  0.006927
   scf:   15     -593.916969     -593.916969     -593.919823  0.000108 -1.701037  0.003544
   scf:   16     -593.916969     -593.916969     -593.919823  0.000022 -1.701184  0.003147
   scf:   17     -593.916969     -593.916969     -593.919824  0.000149 -1.702177  0.002140
   scf:   18     -593.916969     -593.916969     -593.919824  0.000026 -1.702333  0.001680
   scf:   19     -593.916968     -593.916969     -593.919824  0.000067 -1.702737  0.000961

SCF Convergence by DM+H criterion
max |DM_out - DM_in|         :     0.0000670555
max |H_out - H_in|      (eV) :     0.0009610866
SCF cycle converged after 19 iterations

Using DM_out to compute the final energy and forces
No. of atoms with KB's overlaping orbs in proc 0. Max # of overlaps:      28     294

siesta: E_KS(eV) =             -593.9170

siesta: Atomic forces (eV/Ang):
----------------------------------------
   Tot    0.002320    0.002952    0.001637
----------------------------------------
   Max  103.324866
   Res   62.448593    sqrt( Sum f_i^2 / 3N )
----------------------------------------
   Max  103.324866    constrained

Stress tensor Voigt[x,y,z,yz,xz,xy] (kbar):    -5052.91    -4802.84    -4866.34      686.78     -716.64    -1682.75
(Free)E + p*V (eV/cell)     -486.4117
Target enthalpy (eV/cell)     -593.9198

                     ====================================
                        Begin CG opt. move =      4
                     ====================================

superc: Internal auxiliary supercell:     5 x     5 x     1  =      25
superc: Number of atoms, orbitals, and projectors:    100   1300    800

outcell: Unit cell vectors (Ang):
        2.130000   -1.229756    0.000000
        2.130000    1.229756    0.000000
        0.000000    0.000000    6.700000

outcell: Cell vector modules (Ang)   :    2.459512    2.459512    6.700000
outcell: Cell angles (23,13,12) (deg):     90.0000     90.0000     60.0000
outcell: Cell volume (Ang**3)        :     35.0997
<dSpData1D:S at geom step 4
  <sparsity:sparsity for geom step 4
    nrows_g=52 nrows=52 sparsity=16.7685 nnzs=45342, refcount: 7>
  <dData1D:(new from dSpData1D) n=45342, refcount: 1>
refcount: 1>
new_DM -- step:     5
Re-using DM from previous geometries...
Number of DMs in history: 1
 DM extrapolation coefficients: 
1   1.00000
New DM after history re-use:
<dSpData2D:SpM extrapolated using coords
  <sparsity:sparsity for geom step 4
    nrows_g=52 nrows=52 sparsity=16.7685 nnzs=45342, refcount: 9>
  <dData2D:(temp array for extrapolation) n=45342 m=1, refcount: 1>
refcount: 1>
Note: For starting DM, Qtot, Tr[D*S] =         16.00000000         16.23605093
No. of atoms with KB's overlaping orbs in proc 0. Max # of overlaps:      28     275

InitMesh: MESH = 24 x 24 x 72 = 41472
InitMesh: Mesh cutoff (required, used) =   300.000   319.167 Ry
New grid distribution [1]: sub = 2

        iscf     Eharris(eV)        E_KS(eV)     FreeEng(eV)     dDmax    Ef(eV) dHmax(eV)
   scf:    1     -624.963260     -618.321940     -618.323328  0.729671 -1.352071  0.757787
   scf:    2     -617.251380     -618.036198     -618.037462  0.049086 -1.416106  2.549543
   scf:    3     -618.434119     -618.387248     -618.389080  0.037744 -1.354461  0.357483
   scf:    4     -618.396393     -618.391866     -618.393718  0.001396 -1.351168  0.321741
   scf:    5     -618.424371     -618.411830     -618.413683  0.012923 -1.324912  0.117096
   scf:    6     -618.412233     -618.412036     -618.413889  0.000204 -1.324615  0.101234
   scf:    7     -618.413078     -618.412639     -618.414489  0.000878 -1.323973  0.058796
   scf:    8     -618.412782     -618.412712     -618.414562  0.000135 -1.324514  0.050448
   scf:    9     -618.412957     -618.412864     -618.414709  0.000578 -1.327186  0.013848
   scf:   10     -618.412879     -618.412872     -618.414716  0.000063 -1.327677  0.011810
   scf:   11     -618.412888     -618.412882     -618.414724  0.000168 -1.328814  0.008751
   scf:   12     -618.412888     -618.412885     -618.414727  0.000038 -1.328854  0.008323
   scf:   13     -618.412902     -618.412894     -618.414735  0.000133 -1.328817  0.008872
   scf:   14     -618.412897     -618.412896     -618.414737  0.000026 -1.328643  0.008008
   scf:   15     -618.412901     -618.412899     -618.414740  0.000084 -1.327950  0.004770
   scf:   16     -618.412899     -618.412899     -618.414740  0.000020 -1.327656  0.003732
   scf:   17     -618.412898     -618.412898     -618.414740  0.000058 -1.326815  0.003034
   scf:   18     -618.412898     -618.412898     -618.414740  0.000023 -1.326579  0.002560
   scf:   19     -618.412898     -618.412898     -618.414740  0.000042 -1.326184  0.001724
   scf:   20     -618.412898     -618.412898     -618.414740  0.000008 -1.326137  0.001679
   scf:   21     -618.412898     -618.412898     -618.414741  0.000016 -1.326060  0.001499
   scf:   22     -618.412898     -618.412898     -618.414741  0.000006 -1.326071  0.001378
   scf:   23     -618.412898     -618.412898     -618.414741  0.000019 -1.326134  0.000918

SCF Convergence by DM+H criterion
max |DM_out - DM_in|         :     0.0000194100
max |H_out - H_in|      (eV) :     0.0009177518
SCF cycle converged after 23 iterations

Using DM_out to compute the final energy and forces
No. of atoms with KB's overlaping orbs in proc 0. Max # of overlaps:      28     275

siesta: E_KS(eV) =             -618.4129

siesta: Atomic forces (eV/Ang):
----------------------------------------
   Tot   -0.004393   -0.005538    0.002481
----------------------------------------
   Max   57.672285
   Res   33.516705    sqrt( Sum f_i^2 / 3N )
----------------------------------------
   Max   57.672285    constrained

Stress tensor Voigt[x,y,z,yz,xz,xy] (kbar):    -3472.24    -3319.19    -2648.78      287.16     -322.58    -1021.89
(Free)E + p*V (eV/cell)     -549.4776
Target enthalpy (eV/cell)     -618.4147

                     ====================================
                        Begin CG opt. move =      5
                     ====================================

superc: Internal auxiliary supercell:     5 x     7 x     1  =      35
superc: Number of atoms, orbitals, and projectors:    140   1820   1120

outcell: Unit cell vectors (Ang):
        2.130000   -1.229756    0.000000
        2.130000    1.229756    0.000000
        0.000000    0.000000    6.700000

outcell: Cell vector modules (Ang)   :    2.459512    2.459512    6.700000
outcell: Cell angles (23,13,12) (deg):     90.0000     90.0000     60.0000
outcell: Cell volume (Ang**3)        :     35.0997
<dSpData1D:S at geom step 5
  <sparsity:sparsity for geom step 5
    nrows_g=52 nrows=52 sparsity=16.3920 nnzs=44324, refcount: 7>
  <dData1D:(new from dSpData1D) n=44324, refcount: 1>
refcount: 1>
new_DM -- step:     6
Re-using DM from previous geometries...
Number of DMs in history: 1
 DM extrapolation coefficients: 
1   1.00000
New DM after history re-use:
<dSpData2D:SpM extrapolated using coords
  <sparsity:sparsity for geom step 5
    nrows_g=52 nrows=52 sparsity=16.3920 nnzs=44324, refcount: 9>
  <dData2D:(temp array for extrapolation) n=44324 m=1, refcount: 1>
refcount: 1>
Note: For starting DM, Qtot, Tr[D*S] =         16.00000000         15.97468548
No. of atoms with KB's overlaping orbs in proc 0. Max # of overlaps:      30     263

InitMesh: MESH = 24 x 24 x 72 = 41472
InitMesh: Mesh cutoff (required, used) =   300.000   319.167 Ry
New grid distribution [1]: sub = 2

        iscf     Eharris(eV)        E_KS(eV)     FreeEng(eV)     dDmax    Ef(eV) dHmax(eV)
   scf:    1     -636.567188     -630.637731     -630.639273  0.313608 -1.797252  1.325628
   scf:    2     -629.017521     -630.195709     -630.196787  0.111902 -1.190136  3.762977
   scf:    3     -630.877974     -630.726513     -630.728779  0.083176 -1.592164  0.408740
   scf:    4     -630.733178     -630.730074     -630.732322  0.001697 -1.591494  0.308062
   scf:    5     -630.737677     -630.734913     -630.737106  0.003494 -1.588507  0.138359
   scf:    6     -630.736972     -630.735962     -630.738141  0.000794 -1.586682  0.117415
   scf:    7     -630.741114     -630.738790     -630.740920  0.003197 -1.581149  0.107789
   scf:    8     -630.739731     -630.739278     -630.741402  0.000769 -1.581326  0.096600
   scf:    9     -630.740102     -630.739734     -630.741853  0.001141 -1.583125  0.068960
   scf:   10     -630.739855     -630.739796     -630.741916  0.000260 -1.584775  0.056522
   scf:   11     -630.739955     -630.739887     -630.742009  0.000699 -1.589799  0.040172
   scf:   12     -630.739929     -630.739909     -630.742032  0.000347 -1.592780  0.034541
   scf:   13     -630.739925     -630.739920     -630.742045  0.000761 -1.598770  0.018681
   scf:   14     -630.739924     -630.739923     -630.742048  0.000251 -1.600413  0.011815
   scf:   15     -630.739927     -630.739926     -630.742051  0.000227 -1.601794  0.012425
   scf:   16     -630.739932     -630.739929     -630.742055  0.000035 -1.601908  0.011432
   scf:   17     -630.739940     -630.739935     -630.742062  0.000076 -1.601971  0.009433
   scf:   18     -630.739940     -630.739938     -630.742065  0.000047 -1.601831  0.008809
   scf:   19     -630.739944     -630.739941     -630.742071  0.000123 -1.601330  0.008016
   scf:   20     -630.739942     -630.739942     -630.742072  0.000067 -1.600950  0.007047
   scf:   21     -630.739941     -630.739942     -630.742073  0.000113 -1.600269  0.005019
   scf:   22     -630.739941     -630.739941     -630.742073  0.000056 -1.599878  0.004645
   scf:   23     -630.739941     -630.739941     -630.742073  0.000085 -1.599236  0.003771
   scf:   24     -630.739942     -630.739942     -630.742073  0.000033 -1.598936  0.002938
   scf:   25     -630.739943     -630.739943     -630.742073  0.000040 -1.598550  0.002030
   scf:   26     -630.739944     -630.739943     -630.742073  0.000013 -1.598435  0.002083
   scf:   27     -630.739945     -630.739944     -630.742074  0.000017 -1.598305  0.002023
   scf:   28     -630.739945     -630.739944     -630.742074  0.000007 -1.598297  0.001873
   scf:   29     -630.739946     -630.739945     -630.742074  0.000015 -1.598328  0.001596
   scf:   30     -630.739945     -630.739945     -630.742074  0.000010 -1.598387  0.001560
   scf:   31     -630.739946     -630.739945     -630.742074  0.000022 -1.598536  0.001361
   scf:   32     -630.739946     -630.739945     -630.742074  0.000014 -1.598642  0.001267
   scf:   33     -630.739945     -630.739945     -630.742074  0.000022 -1.598828  0.001039
   scf:   34     -630.739945     -630.739945     -630.742074  0.000010 -1.598924  0.000845

SCF Convergence by DM+H criterion
max |DM_out - DM_in|         :     0.0000104150
max |H_out - H_in|      (eV) :     0.0008452844
SCF cycle converged after 34 iterations

Using DM_out to compute the final energy and forces
No. of atoms with KB's overlaping orbs in proc 0. Max # of overlaps:      30     263

siesta: E_KS(eV) =             -630.7399

siesta: Atomic forces (eV/Ang):
----------------------------------------
   Tot    0.001852    0.001003   -0.005196
----------------------------------------
   Max   28.410105
   Res   17.207722    sqrt( Sum f_i^2 / 3N )
----------------------------------------
   Max   28.410105    constrained

Stress tensor Voigt[x,y,z,yz,xz,xy] (kbar):    -2475.44    -2158.36    -1610.29       22.52     -134.34     -610.99
(Free)E + p*V (eV/cell)     -585.1446
Target enthalpy (eV/cell)     -630.7421

                     ====================================
                        Begin CG opt. move =      6
                     ====================================

superc: Internal auxiliary supercell:     5 x     7 x     3  =     105
superc: Number of atoms, orbitals, and projectors:    420   5460   3360

outcell: Unit cell vectors (Ang):
        2.130000   -1.229756    0.000000
        2.130000    1.229756    0.000000
        0.000000    0.000000    6.700000

outcell: Cell vector modules (Ang)   :    2.459512    2.459512    6.700000
outcell: Cell angles (23,13,12) (deg):     90.0000     90.0000     60.0000
outcell: Cell volume (Ang**3)        :     35.0997
<dSpData1D:S at geom step 6
  <sparsity:sparsity for geom step 6
    nrows_g=52 nrows=52 sparsity=16.7951 nnzs=45414, refcount: 7>
  <dData1D:(new from dSpData1D) n=45414, refcount: 1>
refcount: 1>
new_DM -- step:     7
Re-using DM from previous geometries...
Number of DMs in history: 1
 DM extrapolation coefficients: 
1   1.00000
New DM after history re-use:
<dSpData2D:SpM extrapolated using coords
  <sparsity:sparsity for geom step 6
    nrows_g=52 nrows=52 sparsity=16.7951 nnzs=45414, refcount: 9>
  <dData2D:(temp array for extrapolation) n=45414 m=1, refcount: 1>
refcount: 1>
Note: For starting DM, Qtot, Tr[D*S] =         16.00000000         15.86384652
No. of atoms with KB's overlaping orbs in proc 0. Max # of overlaps:      32     268

InitMesh: MESH = 24 x 24 x 72 = 41472
InitMesh: Mesh cutoff (required, used) =   300.000   319.167 Ry
New grid distribution [1]: sub = 2

        iscf     Eharris(eV)        E_KS(eV)     FreeEng(eV)     dDmax    Ef(eV) dHmax(eV)
   scf:    1     -641.298396     -636.724853     -636.726853  0.136807 -2.238896  1.824273
   scf:    2     -633.966319     -636.010844     -636.013110  0.255283 -1.608861  4.987633
   scf:    3     -637.160037     -636.920070     -636.921755  0.188804 -2.078831  0.242326
   scf:    4     -636.922238     -636.921176     -636.922858  0.000938 -2.084799  0.215623
   scf:    5     -636.927271     -636.924529     -636.926200  0.004019 -2.113368  0.174717
   scf:    6     -636.925968     -636.925266     -636.926936  0.001331 -2.124782  0.163108
   scf:    7     -636.927380     -636.926467     -636.928139  0.004394 -2.162105  0.110952
   scf:    8     -636.926656     -636.926573     -636.928247  0.001969 -2.176386  0.085498
   scf:    9     -636.926262     -636.926451     -636.928132  0.004167 -2.205732  0.054000
   scf:   10     -636.926394     -636.926424     -636.928108  0.001309 -2.213902  0.043120
   scf:   11     -636.926413     -636.926423     -636.928112  0.001743 -2.224089  0.039285
   scf:   12     -636.926520     -636.926473     -636.928163  0.000220 -2.224873  0.034933
   scf:   13     -636.926667     -636.926575     -636.928267  0.000344 -2.225335  0.039679
   scf:   14     -636.926644     -636.926610     -636.928302  0.000180 -2.224416  0.038287
   scf:   15     -636.926767     -636.926694     -636.928386  0.000634 -2.220594  0.031330
   scf:   16     -636.926732     -636.926714     -636.928405  0.000324 -2.218482  0.026673
   scf:   17     -636.926745     -636.926734     -636.928423  0.000976 -2.212254  0.017727
   scf:   18     -636.926731     -636.926733     -636.928421  0.000424 -2.209636  0.014760
   scf:   19     -636.926719     -636.926727     -636.928413  0.000723 -2.205208  0.011137
   scf:   20     -636.926729     -636.926728     -636.928414  0.000191 -2.204086  0.008867
   scf:   21     -636.926736     -636.926732     -636.928417  0.000289 -2.202498  0.009235
   scf:   22     -636.926738     -636.926735     -636.928420  0.000045 -2.202348  0.009297
   scf:   23     -636.926748     -636.926742     -636.928426  0.000098 -2.202221  0.008800
   scf:   24     -636.926746     -636.926744     -636.928428  0.000046 -2.202396  0.008073
   scf:   25     -636.926750     -636.926747     -636.928431  0.000142 -2.203098  0.005552
   scf:   26     -636.926748     -636.926748     -636.928432  0.000079 -2.203519  0.005032
   scf:   27     -636.926747     -636.926747     -636.928432  0.000201 -2.204606  0.004056
   scf:   28     -636.926747     -636.926747     -636.928432  0.000079 -2.205055  0.003764
   scf:   29     -636.926745     -636.926746     -636.928431  0.000138 -2.205862  0.002895
   scf:   30     -636.926746     -636.926746     -636.928431  0.000037 -2.206085  0.002361
   scf:   31     -636.926746     -636.926746     -636.928432  0.000065 -2.206455  0.002282
   scf:   32     -636.926746     -636.926746     -636.928432  0.000012 -2.206510  0.002195
   scf:   33     -636.926747     -636.926747     -636.928432  0.000023 -2.206590  0.001852
   scf:   34     -636.926747     -636.926747     -636.928432  0.000010 -2.206566  0.001632
   scf:   35     -636.926747     -636.926747     -636.928432  0.000031 -2.206455  0.001292
   scf:   36     -636.926747     -636.926747     -636.928432  0.000017 -2.206377  0.001197
   scf:   37     -636.926747     -636.926747     -636.928432  0.000043 -2.206167  0.001044
   scf:   38     -636.926747     -636.926747     -636.928432  0.000017 -2.206074  0.000968

SCF Convergence by DM+H criterion
max |DM_out - DM_in|         :     0.0000167246
max |H_out - H_in|      (eV) :     0.0009680605
SCF cycle converged after 38 iterations

Using DM_out to compute the final energy and forces
No. of atoms with KB's overlaping orbs in proc 0. Max # of overlaps:      32     268

siesta: E_KS(eV) =             -636.9267

siesta: Atomic forces (eV/Ang):
----------------------------------------
   Tot    0.002564   -0.002785   -0.003146
----------------------------------------
   Max   11.478037
   Res    8.121313    sqrt( Sum f_i^2 / 3N )
----------------------------------------
   Max   11.478037    constrained

Stress tensor Voigt[x,y,z,yz,xz,xy] (kbar):    -1797.05    -1413.53    -1110.82     -127.92      -38.82     -387.91
(Free)E + p*V (eV/cell)     -605.3714
Target enthalpy (eV/cell)     -636.9284

                     ====================================
                        Begin CG opt. move =      7
                     ====================================

superc: Internal auxiliary supercell:     5 x     7 x     3  =     105
superc: Number of atoms, orbitals, and projectors:    420   5460   3360

outcell: Unit cell vectors (Ang):
        2.130000   -1.229756    0.000000
        2.130000    1.229756    0.000000
        0.000000    0.000000    6.700000

outcell: Cell vector modules (Ang)   :    2.459512    2.459512    6.700000
outcell: Cell angles (23,13,12) (deg):     90.0000     90.0000     60.0000
outcell: Cell volume (Ang**3)        :     35.0997
<dSpData1D:S at geom step 7
  <sparsity:sparsity for geom step 7
    nrows_g=52 nrows=52 sparsity=16.7951 nnzs=45414, refcount: 7>
  <dData1D:(new from dSpData1D) n=45414, refcount: 1>
refcount: 1>
new_DM -- step:     8
Re-using DM from previous geometries...
Number of DMs in history: 1
 DM extrapolation coefficients: 
1   1.00000
New DM after history re-use:
<dSpData2D:SpM extrapolated using coords
  <sparsity:sparsity for geom step 7
    nrows_g=52 nrows=52 sparsity=16.7951 nnzs=45414, refcount: 9>
  <dData2D:(temp array for extrapolation) n=45414 m=1, refcount: 1>
refcount: 1>
Note: For starting DM, Qtot, Tr[D*S] =         16.00000000         15.81497116
No. of atoms with KB's overlaping orbs in proc 0. Max # of overlaps:      32     268

InitMesh: MESH = 24 x 24 x 72 = 41472
InitMesh: Mesh cutoff (required, used) =   300.000   319.167 Ry
New grid distribution [1]: sub = 2

        iscf     Eharris(eV)        E_KS(eV)     FreeEng(eV)     dDmax    Ef(eV) dHmax(eV)
   scf:    1     -643.996853     -639.983202     -639.987178  0.264169 -2.788283  0.754792
   scf:    2     -638.330467     -639.523104     -639.526153  0.123427 -2.842445  3.657639
   scf:    3     -640.130036     -640.054515     -640.058697  0.097937 -2.812711  0.505225
   scf:    4     -640.057880     -640.056298     -640.060487  0.003803 -2.824626  0.418122
   scf:    5     -640.064227     -640.060574     -640.064735  0.008198 -2.861320  0.315346
   scf:    6     -640.067675     -640.064294     -640.068398  0.007422 -2.902721  0.272428
   scf:    7     -640.070058     -640.067677     -640.071675  0.015113 -2.980104  0.138893
   scf:    8     -640.068114     -640.067946     -640.071916  0.005909 -3.006686  0.110759
   scf:    9     -640.067854     -640.067928     -640.071878  0.005588 -3.031087  0.072619
   scf:   10     -640.067939     -640.067939     -640.071884  0.002538 -3.041924  0.046565
   scf:   11     -640.068040     -640.067995     -640.071941  0.001564 -3.047777  0.040397
   scf:   12     -640.068105     -640.068053     -640.072001  0.000339 -3.047887  0.042964
   scf:   13     -640.068173     -640.068116     -640.072070  0.000191 -3.046698  0.042345
   scf:   14     -640.068181     -640.068150     -640.072108  0.000262 -3.045061  0.039150
   scf:   15     -640.068231     -640.068194     -640.072160  0.000651 -3.041350  0.031247
   scf:   16     -640.068229     -640.068213     -640.072186  0.000673 -3.037846  0.024442
   scf:   17     -640.068219     -640.068219     -640.072203  0.001241 -3.031714  0.021665
   scf:   18     -640.068205     -640.068213     -640.072203  0.000868 -3.027706  0.018141
   scf:   19     -640.068199     -640.068206     -640.072200  0.000748 -3.024448  0.012941
   scf:   20     -640.068209     -640.068208     -640.072202  0.000259 -3.023489  0.008967
   scf:   21     -640.068215     -640.068211     -640.072205  0.000164 -3.023079  0.008969
   scf:   22     -640.068218     -640.068215     -640.072207  0.000027 -3.023197  0.008599
   scf:   23     -640.068224     -640.068219     -640.072210  0.000051 -3.023559  0.007610
   scf:   24     -640.068225     -640.068223     -640.072212  0.000075 -3.023964  0.006547
   scf:   25     -640.068231     -640.068227     -640.072214  0.000173 -3.024820  0.004772
   scf:   26     -640.068232     -640.068230     -640.072215  0.000162 -3.025563  0.004336
   scf:   27     -640.068234     -640.068232     -640.072215  0.000206 -3.026466  0.004070
   scf:   28     -640.068233     -640.068233     -640.072215  0.000105 -3.026895  0.003296
   scf:   29     -640.068233     -640.068233     -640.072215  0.000074 -3.027172  0.002367
   scf:   30     -640.068233     -640.068233     -640.072215  0.000026 -3.027226  0.001709
   scf:   31     -640.068232     -640.068233     -640.072215  0.000018 -3.027229  0.001631
   scf:   32     -640.068232     -640.068232     -640.072215  0.000006 -3.027188  0.001469
   scf:   33     -640.068232     -640.068232     -640.072215  0.000018 -3.027093  0.001129
   scf:   34     -640.068231     -640.068232     -640.072215  0.000021 -3.026997  0.000881

SCF Convergence by DM+H criterion
max |DM_out - DM_in|         :     0.0000211533
max |H_out - H_in|      (eV) :     0.0008811625
SCF cycle converged after 34 iterations

Using DM_out to compute the final energy and forces
No. of atoms with KB's overlaping orbs in proc 0. Max # of overlaps:      32     268

siesta: E_KS(eV) =             -640.0682

siesta: Atomic forces (eV/Ang):
----------------------------------------
   Tot   -0.000411   -0.003665   -0.000489
----------------------------------------
   Max    8.653331
   Res    4.737080    sqrt( Sum f_i^2 / 3N )
----------------------------------------
   Max    8.653331    constrained

Stress tensor Voigt[x,y,z,yz,xz,xy] (kbar):    -1150.90     -916.19    -1016.91     -218.68      -50.35     -251.14
(Free)E + p*V (eV/cell)     -617.5513
Target enthalpy (eV/cell)     -640.0722

                     ====================================
                        Begin CG opt. move =      8
                     ====================================

superc: Internal auxiliary supercell:     5 x     7 x     3  =     105
superc: Number of atoms, orbitals, and projectors:    420   5460   3360

outcell: Unit cell vectors (Ang):
        2.130000   -1.229756    0.000000
        2.130000    1.229756    0.000000
        0.000000    0.000000    6.700000

outcell: Cell vector modules (Ang)   :    2.459512    2.459512    6.700000
outcell: Cell angles (23,13,12) (deg):     90.0000     90.0000     60.0000
outcell: Cell volume (Ang**3)        :     35.0997
<dSpData1D:S at geom step 8
  <sparsity:sparsity for geom step 8
    nrows_g=52 nrows=52 sparsity=16.2152 nnzs=43846, refcount: 7>
  <dData1D:(new from dSpData1D) n=43846, refcount: 1>
refcount: 1>
new_DM -- step:     9
Re-using DM from previous geometries...
Number of DMs in history: 1
 DM extrapolation coefficients: 
1   1.00000
New DM after history re-use:
<dSpData2D:SpM extrapolated using coords
  <sparsity:sparsity for geom step 8
    nrows_g=52 nrows=52 sparsity=16.2152 nnzs=43846, refcount: 9>
  <dData2D:(temp array for extrapolation) n=43846 m=1, refcount: 1>
refcount: 1>
Note: For starting DM, Qtot, Tr[D*S] =         16.00000000         15.82145864
No. of atoms with KB's overlaping orbs in proc 0. Max # of overlaps:      32     252

InitMesh: MESH = 24 x 24 x 72 = 41472
InitMesh: Mesh cutoff (required, used) =   300.000   319.167 Ry
New grid distribution [1]: sub = 2

        iscf     Eharris(eV)        E_KS(eV)     FreeEng(eV)     dDmax    Ef(eV) dHmax(eV)
   scf:    1     -645.461317     -641.828881     -641.830547  0.193998 -3.297420  0.802940
   scf:    2     -638.839092     -640.884390     -640.886049  0.162769 -3.438940  4.386032
   scf:    3     -641.898091     -641.849094     -641.850809  0.146379 -3.320556  0.419577
   scf:    4     -641.853564     -641.851360     -641.853073  0.002354 -3.329570  0.396036
   scf:    5     -641.868423     -641.861610     -641.863304  0.019485 -3.404246  0.204216
   scf:    6     -641.863156     -641.862422     -641.864116  0.004935 -3.422695  0.173870
   scf:    7     -641.862594     -641.862799     -641.864537  0.015339 -3.479098  0.132094
   scf:    8     -641.863139     -641.862979     -641.864727  0.001669 -3.484063  0.103231
   scf:    9     -641.863478     -641.863272     -641.865039  0.002654 -3.490855  0.069440
   scf:   10     -641.863463     -641.863370     -641.865136  0.000199 -3.489486  0.064039
   scf:   11     -641.863849     -641.863647     -641.865405  0.001082 -3.482841  0.039149
   scf:   12     -641.863710     -641.863679     -641.865434  0.000397 -3.480969  0.032982
   scf:   13     -641.863761     -641.863738     -641.865478  0.001984 -3.471849  0.023145
   scf:   14     -641.863746     -641.863742     -641.865479  0.000372 -3.470342  0.020656
   scf:   15     -641.863752     -641.863748     -641.865480  0.000639 -3.467869  0.013379
   scf:   16     -641.863755     -641.863752     -641.865484  0.000044 -3.467924  0.010745
   scf:   17     -641.863765     -641.863759     -641.865491  0.000100 -3.468230  0.007005
   scf:   18     -641.863761     -641.863760     -641.865492  0.000037 -3.468411  0.006229
   scf:   19     -641.863761     -641.863761     -641.865495  0.000211 -3.469383  0.002971
   scf:   20     -641.863761     -641.863761     -641.865495  0.000063 -3.469627  0.002566
   scf:   21     -641.863759     -641.863760     -641.865495  0.000134 -3.470119  0.002653
   scf:   22     -641.863760     -641.863760     -641.865495  0.000015 -3.470149  0.002207
   scf:   23     -641.863759     -641.863760     -641.865495  0.000027 -3.470183  0.001169
   scf:   24     -641.863760     -641.863760     -641.865495  0.000003 -3.470163  0.000947

SCF Convergence by DM+H criterion
max |DM_out - DM_in|         :     0.0000028030
max |H_out - H_in|      (eV) :     0.0009467542
SCF cycle converged after 24 iterations

Using DM_out to compute the final energy and forces
No. of atoms with KB's overlaping orbs in proc 0. Max # of overlaps:      32     252

siesta: E_KS(eV) =             -641.8638

siesta: Atomic forces (eV/Ang):
----------------------------------------
   Tot   -0.001795   -0.002901    0.003618
----------------------------------------
   Max    8.827322
   Res    5.007946    sqrt( Sum f_i^2 / 3N )
----------------------------------------
   Max    8.827322    constrained

Stress tensor Voigt[x,y,z,yz,xz,xy] (kbar):     -590.28     -698.56     -986.88     -270.57     -150.86     -125.16
(Free)E + p*V (eV/cell)     -625.2470
Target enthalpy (eV/cell)     -641.8655

                     ====================================
                        Begin CG opt. move =      9
                     ====================================

superc: Internal auxiliary supercell:     5 x     7 x     3  =     105
superc: Number of atoms, orbitals, and projectors:    420   5460   3360

outcell: Unit cell vectors (Ang):
        2.130000   -1.229756    0.000000
        2.130000    1.229756    0.000000
        0.000000    0.000000    6.700000

outcell: Cell vector modules (Ang)   :    2.459512    2.459512    6.700000
outcell: Cell angles (23,13,12) (deg):     90.0000     90.0000     60.0000
outcell: Cell volume (Ang**3)        :     35.0997
<dSpData1D:S at geom step 9
  <sparsity:sparsity for geom step 9
    nrows_g=52 nrows=52 sparsity=15.5836 nnzs=42138, refcount: 7>
  <dData1D:(new from dSpData1D) n=42138, refcount: 1>
refcount: 1>
new_DM -- step:    10
Re-using DM from previous geometries...
Number of DMs in history: 1
 DM extrapolation coefficients: 
1   1.00000
New DM after history re-use:
<dSpData2D:SpM extrapolated using coords
  <sparsity:sparsity for geom step 9
    nrows_g=52 nrows=52 sparsity=15.5836 nnzs=42138, refcount: 9>
  <dData2D:(temp array for extrapolation) n=42138 m=1, refcount: 1>
refcount: 1>
Note: For starting DM, Qtot, Tr[D*S] =         16.00000000         15.83875175
No. of atoms with KB's overlaping orbs in proc 0. Max # of overlaps:      32     251

InitMesh: MESH = 24 x 24 x 72 = 41472
InitMesh: Mesh cutoff (required, used) =   300.000   319.167 Ry
New grid distribution [1]: sub = 2

        iscf     Eharris(eV)        E_KS(eV)     FreeEng(eV)     dDmax    Ef(eV) dHmax(eV)
   scf:    1     -645.299119     -642.476032     -642.478521  0.099013 -3.608833  1.163362
   scf:    2     -635.967167     -640.459987     -640.462637  0.239999 -3.704429  6.235749
   scf:    3     -642.813911     -642.551746     -642.554176  0.204382 -3.629014  0.442444
   scf:    4     -642.560568     -642.556723     -642.559176  0.004056 -3.631839  0.304593
   scf:    5     -642.564621     -642.561377     -642.563840  0.003697 -3.639987  0.114426
   scf:    6     -642.565062     -642.563394     -642.565846  0.001072 -3.647862  0.103300
   scf:    7     -642.565278     -642.564440     -642.566878  0.001265 -3.655815  0.081682
   scf:    8     -642.564935     -642.564693     -642.567125  0.000923 -3.659091  0.081773
   scf:    9     -642.566001     -642.565402     -642.567812  0.003566 -3.672931  0.058429
   scf:   10     -642.565824     -642.565643     -642.568037  0.002876 -3.684676  0.038817
   scf:   11     -642.565699     -642.565675     -642.568065  0.001081 -3.688791  0.033733
   scf:   12     -642.565706     -642.565692     -642.568080  0.000594 -3.690493  0.024903
   scf:   13     -642.565716     -642.565705     -642.568092  0.000383 -3.691156  0.015580
   scf:   14     -642.565721     -642.565714     -642.568100  0.000146 -3.691093  0.012977
   scf:   15     -642.565725     -642.565720     -642.568106  0.000055 -3.690744  0.011584
   scf:   16     -642.565728     -642.565724     -642.568111  0.000034 -3.690242  0.009880
   scf:   17     -642.565730     -642.565727     -642.568116  0.000094 -3.689462  0.008043
   scf:   18     -642.565730     -642.565729     -642.568119  0.000150 -3.688500  0.006542
   scf:   19     -642.565727     -642.565728     -642.568120  0.000189 -3.687464  0.007185
   scf:   20     -642.565726     -642.565727     -642.568121  0.000145 -3.686778  0.006490
   scf:   21     -642.565726     -642.565727     -642.568121  0.000090 -3.686413  0.005031
   scf:   22     -642.565727     -642.565727     -642.568121  0.000041 -3.686288  0.003614
   scf:   23     -642.565728     -642.565727     -642.568121  0.000027 -3.686260  0.002342
   scf:   24     -642.565728     -642.565728     -642.568122  0.000016 -3.686284  0.001814
   scf:   25     -642.565728     -642.565728     -642.568122  0.000012 -3.686338  0.001721
   scf:   26     -642.565729     -642.565728     -642.568122  0.000015 -3.686414  0.001457
   scf:   27     -642.565729     -642.565729     -642.568122  0.000022 -3.686506  0.001055
   scf:   28     -642.565729     -642.565729     -642.568122  0.000021 -3.686583  0.001274
   scf:   29     -642.565729     -642.565729     -642.568122  0.000016 -3.686637  0.001209
   scf:   30     -642.565729     -642.565729     -642.568122  0.000009 -3.686666  0.001001
   scf:   31     -642.565729     -642.565729     -642.568122  0.000005 -3.686680  0.000748

SCF Convergence by DM+H criterion
max |DM_out - DM_in|         :     0.0000054950
max |H_out - H_in|      (eV) :     0.0007479912
SCF cycle converged after 31 iterations

Using DM_out to compute the final energy and forces
No. of atoms with KB's overlaping orbs in proc 0. Max # of overlaps:      32     251

siesta: E_KS(eV) =             -642.5657

siesta: Atomic forces (eV/Ang):
----------------------------------------
   Tot    0.003695    0.001717    0.001566
----------------------------------------
   Max    9.396790
   Res    5.720553    sqrt( Sum f_i^2 / 3N )
----------------------------------------
   Max    9.396790    constrained

Stress tensor Voigt[x,y,z,yz,xz,xy] (kbar):     -369.20     -652.31     -758.00     -236.64     -246.73      -97.24
(Free)E + p*V (eV/cell)     -629.5733
Target enthalpy (eV/cell)     -642.5681

                     ====================================
                        Begin CG opt. move =     10
                     ====================================

superc: Internal auxiliary supercell:     5 x     7 x     3  =     105
superc: Number of atoms, orbitals, and projectors:    420   5460   3360

outcell: Unit cell vectors (Ang):
        2.130000   -1.229756    0.000000
        2.130000    1.229756    0.000000
        0.000000    0.000000    6.700000

outcell: Cell vector modules (Ang)   :    2.459512    2.459512    6.700000
outcell: Cell angles (23,13,12) (deg):     90.0000     90.0000     60.0000
outcell: Cell volume (Ang**3)        :     35.0997
<dSpData1D:S at geom step 10
  <sparsity:sparsity for geom step 10
    nrows_g=52 nrows=52 sparsity=14.8217 nnzs=40078, refcount: 7>
  <dData1D:(new from dSpData1D) n=40078, refcount: 1>
refcount: 1>
new_DM -- step:    11
Re-using DM from previous geometries...
Number of DMs in history: 1
 DM extrapolation coefficients: 
1   1.00000
New DM after history re-use:
<dSpData2D:SpM extrapolated using coords
  <sparsity:sparsity for geom step 10
    nrows_g=52 nrows=52 sparsity=14.8217 nnzs=40078, refcount: 9>
  <dData2D:(temp array for extrapolation) n=40078 m=1, refcount: 1>
refcount: 1>
Note: For starting DM, Qtot, Tr[D*S] =         16.00000000         15.82128974
No. of atoms with KB's overlaping orbs in proc 0. Max # of overlaps:      32     231

InitMesh: MESH = 24 x 24 x 72 = 41472
InitMesh: Mesh cutoff (required, used) =   300.000   319.167 Ry
New grid distribution [1]: sub = 2

        iscf     Eharris(eV)        E_KS(eV)     FreeEng(eV)     dDmax    Ef(eV) dHmax(eV)
   scf:    1     -644.237263     -642.188835     -642.192897  0.090430 -4.045167  1.552203
   scf:    2     -633.217464     -639.473735     -639.478232  0.243329 -4.095104  7.743276
   scf:    3     -642.781369     -642.339147     -642.343648  0.201486 -4.060863  0.259336
   scf:    4     -642.342252     -642.340921     -642.345469  0.002563 -4.063635  0.171299
   scf:    5     -642.342702     -642.341956     -642.346538  0.001215 -4.068935  0.107353
   scf:    6     -642.342768     -642.342369     -642.346954  0.000702 -4.072862  0.095714
   scf:    7     -642.344521     -642.343604     -642.348197  0.004332 -4.093602  0.072604
   scf:    8     -642.343900     -642.343765     -642.348354  0.001848 -4.100465  0.060661
   scf:    9     -642.343858     -642.343828     -642.348409  0.002158 -4.107772  0.038810
   scf:   10     -642.343880     -642.343855     -642.348434  0.000261 -4.108151  0.028702
   scf:   11     -642.343915     -642.343889     -642.348463  0.000293 -4.108299  0.014784
   scf:   12     -642.343907     -642.343898     -642.348472  0.000038 -4.108017  0.014247
   scf:   13     -642.343930     -642.343917     -642.348491  0.000143 -4.106917  0.010596
   scf:   14     -642.343922     -642.343920     -642.348495  0.000114 -4.106377  0.007644
   scf:   15     -642.343916     -642.343919     -642.348497  0.000267 -4.105221  0.008916
   scf:   16     -642.343918     -642.343918     -642.348498  0.000086 -4.104903  0.007911
   scf:   17     -642.343917     -642.343918     -642.348498  0.000122 -4.104495  0.005581
   scf:   18     -642.343919     -642.343918     -642.348499  0.000033 -4.104410  0.004309
   scf:   19     -642.343920     -642.343919     -642.348499  0.000058 -4.104267  0.002833
   scf:   20     -642.343920     -642.343920     -642.348500  0.000012 -4.104237  0.002225
   scf:   21     -642.343921     -642.343921     -642.348500  0.000020 -4.104204  0.001004
   scf:   22     -642.343921     -642.343921     -642.348500  0.000012 -4.104209  0.000771

SCF Convergence by DM+H criterion
max |DM_out - DM_in|         :     0.0000123214
max |H_out - H_in|      (eV) :     0.0007710009
SCF cycle converged after 22 iterations

Using DM_out to compute the final energy and forces
No. of atoms with KB's overlaping orbs in proc 0. Max # of overlaps:      32     231

siesta: E_KS(eV) =             -642.3439

siesta: Atomic forces (eV/Ang):
----------------------------------------
   Tot   -0.002253   -0.003393    0.001359
----------------------------------------
   Max   10.760867
   Res    6.326637    sqrt( Sum f_i^2 / 3N )
----------------------------------------
   Max   10.760867    constrained

Stress tensor Voigt[x,y,z,yz,xz,xy] (kbar):     -312.21     -656.82     -541.18     -169.57     -339.03     -101.52
(Free)E + p*V (eV/cell)     -631.3202
Target enthalpy (eV/cell)     -642.3485

                     ====================================
                        Begin CG opt. move =     11
                     ====================================

superc: Internal auxiliary supercell:     5 x     7 x     3  =     105
superc: Number of atoms, orbitals, and projectors:    420   5460   3360

outcell: Unit cell vectors (Ang):
        2.130000   -1.229756    0.000000
        2.130000    1.229756    0.000000
        0.000000    0.000000    6.700000

outcell: Cell vector modules (Ang)   :    2.459512    2.459512    6.700000
outcell: Cell angles (23,13,12) (deg):     90.0000     90.0000     60.0000
outcell: Cell volume (Ang**3)        :     35.0997
<dSpData1D:S at geom step 11
  <sparsity:sparsity for geom step 11
    nrows_g=52 nrows=52 sparsity=15.5895 nnzs=42154, refcount: 7>
  <dData1D:(new from dSpData1D) n=42154, refcount: 1>
refcount: 1>
new_DM -- step:    12
Re-using DM from previous geometries...
Number of DMs in history: 1
 DM extrapolation coefficients: 
1   1.00000
New DM after history re-use:
<dSpData2D:SpM extrapolated using coords
  <sparsity:sparsity for geom step 11
    nrows_g=52 nrows=52 sparsity=15.5895 nnzs=42154, refcount: 9>
  <dData2D:(temp array for extrapolation) n=42154 m=1, refcount: 1>
refcount: 1>
Note: For starting DM, Qtot, Tr[D*S] =         16.00000000         16.08931710
No. of atoms with KB's overlaping orbs in proc 0. Max # of overlaps:      32     250

InitMesh: MESH = 24 x 24 x 72 = 41472
InitMesh: Mesh cutoff (required, used) =   300.000   319.167 Ry
New grid distribution [1]: sub = 2

        iscf     Eharris(eV)        E_KS(eV)     FreeEng(eV)     dDmax    Ef(eV) dHmax(eV)
   scf:    1     -640.787730     -642.545651     -642.548137  0.078815 -3.836982  0.688327
   scf:    2     -640.452061     -641.898953     -641.901764  0.140326 -3.783338  3.772150
   scf:    3     -642.635219     -642.573943     -642.576565  0.124934 -3.820167  0.198388
   scf:    4     -642.577398     -642.575844     -642.578487  0.001472 -3.816514  0.111305
   scf:    5     -642.577728     -642.577014     -642.579683  0.001553 -3.810831  0.073612
   scf:    6     -642.577276     -642.577148     -642.579816  0.000334 -3.808851  0.064577
   scf:    7     -642.578019     -642.577622     -642.580291  0.001756 -3.798004  0.039963
   scf:    8     -642.577871     -642.577758     -642.580430  0.001500 -3.791247  0.035140
   scf:    9     -642.577818     -642.577795     -642.580469  0.001444 -3.785572  0.025291
   scf:   10     -642.577809     -642.577802     -642.580476  0.000459 -3.784208  0.017931
   scf:   11     -642.577817     -642.577811     -642.580482  0.000332 -3.783485  0.009994
   scf:   12     -642.577821     -642.577816     -642.580487  0.000033 -3.783665  0.008783
   scf:   13     -642.577829     -642.577823     -642.580492  0.000044 -3.784115  0.007699
   scf:   14     -642.577827     -642.577825     -642.580494  0.000031 -3.784422  0.006796
   scf:   15     -642.577833     -642.577829     -642.580498  0.000094 -3.785304  0.004893
   scf:   16     -642.577831     -642.577830     -642.580499  0.000081 -3.785873  0.004533
   scf:   17     -642.577830     -642.577830     -642.580499  0.000147 -3.786794  0.005060
   scf:   18     -642.577830     -642.577830     -642.580499  0.000064 -3.787110  0.004274
   scf:   19     -642.577830     -642.577830     -642.580499  0.000058 -3.787333  0.002951
   scf:   20     -642.577830     -642.577830     -642.580499  0.000014 -3.787342  0.002225
   scf:   21     -642.577830     -642.577830     -642.580499  0.000012 -3.787318  0.001360
   scf:   22     -642.577830     -642.577830     -642.580500  0.000005 -3.787281  0.001190
   scf:   23     -642.577830     -642.577830     -642.580500  0.000013 -3.787191  0.000897

SCF Convergence by DM+H criterion
max |DM_out - DM_in|         :     0.0000134752
max |H_out - H_in|      (eV) :     0.0008971225
SCF cycle converged after 23 iterations

Using DM_out to compute the final energy and forces
No. of atoms with KB's overlaping orbs in proc 0. Max # of overlaps:      32     250

siesta: E_KS(eV) =             -642.5778

siesta: Atomic forces (eV/Ang):
----------------------------------------
   Tot    0.002975   -0.002900    0.000121
----------------------------------------
   Max    9.934489
   Res    5.901081    sqrt( Sum f_i^2 / 3N )
----------------------------------------
   Max    9.934489    constrained

Stress tensor Voigt[x,y,z,yz,xz,xy] (kbar):     -351.87     -646.21     -699.51     -222.76     -270.57      -98.57
(Free)E + p*V (eV/cell)     -630.1839
Target enthalpy (eV/cell)     -642.5805

cgvc: Finished line minimization    1.  Mean atomic displacement =    0.2093

                     ====================================
                        Begin CG opt. move =     12
                     ====================================

superc: Internal auxiliary supercell:     5 x     7 x     3  =     105
superc: Number of atoms, orbitals, and projectors:    420   5460   3360

outcell: Unit cell vectors (Ang):
        2.130000   -1.229756    0.000000
        2.130000    1.229756    0.000000
        0.000000    0.000000    6.700000

outcell: Cell vector modules (Ang)   :    2.459512    2.459512    6.700000
outcell: Cell angles (23,13,12) (deg):     90.0000     90.0000     60.0000
outcell: Cell volume (Ang**3)        :     35.0997
<dSpData1D:S at geom step 12
  <sparsity:sparsity for geom step 12
    nrows_g=52 nrows=52 sparsity=15.6945 nnzs=42438, refcount: 7>
  <dData1D:(new from dSpData1D) n=42438, refcount: 1>
refcount: 1>
new_DM -- step:    13
Re-using DM from previous geometries...
Number of DMs in history: 1
 DM extrapolation coefficients: 
1   1.00000
New DM after history re-use:
<dSpData2D:SpM extrapolated using coords
  <sparsity:sparsity for geom step 12
    nrows_g=52 nrows=52 sparsity=15.6945 nnzs=42438, refcount: 9>
  <dData2D:(temp array for extrapolation) n=42438 m=1, refcount: 1>
refcount: 1>
Note: For starting DM, Qtot, Tr[D*S] =         16.00000000         15.82063925
No. of atoms with KB's overlaping orbs in proc 0. Max # of overlaps:      32     248

InitMesh: MESH = 24 x 24 x 72 = 41472
InitMesh: Mesh cutoff (required, used) =   300.000   319.167 Ry
New grid distribution [1]: sub = 2

        iscf     Eharris(eV)        E_KS(eV)     FreeEng(eV)     dDmax    Ef(eV) dHmax(eV)
   scf:    1     -639.281393     -642.375680     -642.377539  0.254143 -3.817641  7.542756
   scf:    2     -327.679075     -544.325258     -544.326282  0.996507 -2.924754 51.729265
   scf:    3     -671.161349     -643.967727     -643.970003  0.725727 -3.891798  4.577947
   scf:    4     -642.216757     -644.389776     -644.392469  0.235906 -3.877193  3.424643
   scf:    5     -644.874475     -644.903051     -644.905909  0.114748 -3.903861  0.297779
   scf:    6     -644.912801     -644.908785     -644.911685  0.006460 -3.904002  0.251697
   scf:    7     -644.913403     -644.911165     -644.914064  0.002055 -3.905267  0.233794
   scf:    8     -644.920460     -644.916173     -644.919064  0.004024 -3.910258  0.178934
   scf:    9     -644.921329     -644.918913     -644.921807  0.001712 -3.915718  0.142985
   scf:   10     -644.922104     -644.920632     -644.923544  0.001219 -3.922092  0.103634
   scf:   11     -644.921918     -644.921315     -644.924241  0.000818 -3.926696  0.098085
   scf:   12     -644.921928     -644.921664     -644.924606  0.001125 -3.931720  0.084971
   scf:   13     -644.921784     -644.921736     -644.924684  0.000758 -3.934103  0.065174
   scf:   14     -644.921788     -644.921769     -644.924719  0.000527 -3.935590  0.044448
   scf:   15     -644.921820     -644.921796     -644.924747  0.000277 -3.936159  0.030996
   scf:   16     -644.921853     -644.921828     -644.924778  0.000310 -3.936683  0.026649
   scf:   17     -644.921869     -644.921850     -644.924800  0.000195 -3.936954  0.022795
   scf:   18     -644.921888     -644.921872     -644.924821  0.000214 -3.937211  0.014599
   scf:   19     -644.921888     -644.921881     -644.924829  0.000108 -3.937259  0.013221
   scf:   20     -644.921892     -644.921887     -644.924834  0.000143 -3.937179  0.014808
   scf:   21     -644.921895     -644.921892     -644.924838  0.000100 -3.937021  0.013352
   scf:   22     -644.921901     -644.921897     -644.924842  0.000095 -3.936781  0.010482
   scf:   23     -644.921904     -644.921901     -644.924845  0.000053 -3.936552  0.008071
   scf:   24     -644.921908     -644.921905     -644.924848  0.000054 -3.936246  0.006864
   scf:   25     -644.921909     -644.921907     -644.924850  0.000043 -3.936011  0.005065
   scf:   26     -644.921909     -644.921908     -644.924850  0.000043 -3.935789  0.002855
   scf:   27     -644.921908     -644.921908     -644.924850  0.000025 -3.935671  0.002222
   scf:   28     -644.921908     -644.921908     -644.924851  0.000023 -3.935575  0.002262
   scf:   29     -644.921908     -644.921908     -644.924851  0.000015 -3.935523  0.002127
   scf:   30     -644.921908     -644.921908     -644.924851  0.000019 -3.935470  0.001815
   scf:   31     -644.921908     -644.921908     -644.924851  0.000017 -3.935441  0.001524
   scf:   32     -644.921908     -644.921908     -644.924851  0.000019 -3.935424  0.001501
   scf:   33     -644.921908     -644.921908     -644.924851  0.000011 -3.935429  0.001234
   scf:   34     -644.921908     -644.921908     -644.924851  0.000009 -3.935450  0.000964

SCF Convergence by DM+H criterion
max |DM_out - DM_in|         :     0.0000085518
max |H_out - H_in|      (eV) :     0.0009643343
SCF cycle converged after 34 iterations

Using DM_out to compute the final energy and forces
No. of atoms with KB's overlaping orbs in proc 0. Max # of overlaps:      32     248

siesta: E_KS(eV) =             -644.9219

siesta: Atomic forces (eV/Ang):
----------------------------------------
   Tot    0.003518   -0.000393   -0.003201
----------------------------------------
   Max    6.127316
   Res    2.877986    sqrt( Sum f_i^2 / 3N )
----------------------------------------
   Max    6.127316    constrained

Stress tensor Voigt[x,y,z,yz,xz,xy] (kbar):     -240.95     -263.17     -362.44     -248.02       -6.26      -50.68
(Free)E + p*V (eV/cell)     -638.5967
Target enthalpy (eV/cell)     -644.9249

                     ====================================
                        Begin CG opt. move =     13
                     ====================================

superc: Internal auxiliary supercell:     5 x     7 x     3  =     105
superc: Number of atoms, orbitals, and projectors:    420   5460   3360

outcell: Unit cell vectors (Ang):
        2.130000   -1.229756    0.000000
        2.130000    1.229756    0.000000
        0.000000    0.000000    6.700000

outcell: Cell vector modules (Ang)   :    2.459512    2.459512    6.700000
outcell: Cell angles (23,13,12) (deg):     90.0000     90.0000     60.0000
outcell: Cell volume (Ang**3)        :     35.0997
<dSpData1D:S at geom step 13
  <sparsity:sparsity for geom step 13
    nrows_g=52 nrows=52 sparsity=15.2589 nnzs=41260, refcount: 7>
  <dData1D:(new from dSpData1D) n=41260, refcount: 1>
refcount: 1>
new_DM -- step:    14
Re-using DM from previous geometries...
Number of DMs in history: 1
 DM extrapolation coefficients: 
1   1.00000
New DM after history re-use:
<dSpData2D:SpM extrapolated using coords
  <sparsity:sparsity for geom step 13
    nrows_g=52 nrows=52 sparsity=15.2589 nnzs=41260, refcount: 9>
  <dData2D:(temp array for extrapolation) n=41260 m=1, refcount: 1>
refcount: 1>
Note: For starting DM, Qtot, Tr[D*S] =         16.00000000         15.83239557
No. of atoms with KB's overlaping orbs in proc 0. Max # of overlaps:      30     237

InitMesh: MESH = 24 x 24 x 72 = 41472
InitMesh: Mesh cutoff (required, used) =   300.000   319.167 Ry
New grid distribution [1]: sub = 2

        iscf     Eharris(eV)        E_KS(eV)     FreeEng(eV)     dDmax    Ef(eV) dHmax(eV)
   scf:    1     -633.559842     -640.244757     -640.248107  0.300890 -4.158577  9.321992
   scf:    2     -122.644558     -477.973111     -477.974882  1.011138 -2.505473 66.302763
   scf:    3     -687.734520     -642.443685     -642.446805  0.688397 -4.203468  6.003137
   scf:    4     -639.237884     -643.127728     -643.130806  0.298057 -4.216184  4.644654
   scf:    5     -644.035634     -644.050082     -644.053906  0.142757 -4.262126  0.431499
   scf:    6     -644.063481     -644.057628     -644.061439  0.007101 -4.261986  0.396127
   scf:    7     -644.065883     -644.061978     -644.065767  0.003745 -4.262280  0.312470
   scf:    8     -644.072422     -644.067752     -644.071512  0.004969 -4.263674  0.163550
   scf:    9     -644.072524     -644.070364     -644.074132  0.002301 -4.265547  0.142410
   scf:   10     -644.072636     -644.071569     -644.075352  0.000809 -4.267486  0.104966
   scf:   11     -644.073201     -644.072451     -644.076253  0.000706 -4.270155  0.083351
   scf:   12     -644.073160     -644.072849     -644.076666  0.000743 -4.272861  0.077740
   scf:   13     -644.073060     -644.072970     -644.076792  0.000598 -4.274812  0.063584
   scf:   14     -644.073077     -644.073029     -644.076851  0.000353 -4.276148  0.047389
   scf:   15     -644.073117     -644.073077     -644.076897  0.000356 -4.277257  0.033981
   scf:   16     -644.073148     -644.073116     -644.076935  0.000350 -4.278310  0.029768
   scf:   17     -644.073159     -644.073141     -644.076959  0.000321 -4.279291  0.021466
   scf:   18     -644.073157     -644.073151     -644.076969  0.000232 -4.280002  0.012232
   scf:   19     -644.073157     -644.073155     -644.076972  0.000144 -4.280405  0.010349
   scf:   20     -644.073162     -644.073159     -644.076975  0.000093 -4.280587  0.009852
   scf:   21     -644.073169     -644.073164     -644.076979  0.000079 -4.280641  0.008684
   scf:   22     -644.073178     -644.073172     -644.076985  0.000081 -4.280594  0.007274
   scf:   23     -644.073187     -644.073179     -644.076990  0.000082 -4.280446  0.007342
   scf:   24     -644.073190     -644.073185     -644.076994  0.000066 -4.280231  0.006346
   scf:   25     -644.073191     -644.073188     -644.076996  0.000045 -4.280008  0.004736
   scf:   26     -644.073191     -644.073190     -644.076997  0.000031 -4.279808  0.003839
   scf:   27     -644.073191     -644.073191     -644.076997  0.000032 -4.279623  0.003326
   scf:   28     -644.073191     -644.073191     -644.076997  0.000048 -4.279446  0.002662
   scf:   29     -644.073190     -644.073191     -644.076997  0.000060 -4.279276  0.002048
   scf:   30     -644.073190     -644.073190     -644.076998  0.000063 -4.279131  0.001917
   scf:   31     -644.073189     -644.073190     -644.076998  0.000060 -4.279018  0.001679
   scf:   32     -644.073189     -644.073189     -644.076998  0.000051 -4.278941  0.001417
   scf:   33     -644.073189     -644.073189     -644.076998  0.000041 -4.278896  0.001465
   scf:   34     -644.073188     -644.073189     -644.076998  0.000029 -4.278881  0.001363
   scf:   35     -644.073188     -644.073188     -644.076999  0.000017 -4.278894  0.001123
   scf:   36     -644.073188     -644.073188     -644.076999  0.000011 -4.278926  0.001025
   scf:   37     -644.073188     -644.073188     -644.076999  0.000008 -4.278969  0.000968

SCF Convergence by DM+H criterion
max |DM_out - DM_in|         :     0.0000078883
max |H_out - H_in|      (eV) :     0.0009678877
SCF cycle converged after 37 iterations

Using DM_out to compute the final energy and forces
No. of atoms with KB's overlaping orbs in proc 0. Max # of overlaps:      30     237

siesta: E_KS(eV) =             -644.0732

siesta: Atomic forces (eV/Ang):
----------------------------------------
   Tot   -0.000432    0.001582    0.001451
----------------------------------------
   Max    8.464455
   Res    5.055034    sqrt( Sum f_i^2 / 3N )
----------------------------------------
   Max    8.464455    constrained

Stress tensor Voigt[x,y,z,yz,xz,xy] (kbar):     -398.34     -302.52     -328.01     -297.53      173.15     -148.09
(Free)E + p*V (eV/cell)     -636.5637
Target enthalpy (eV/cell)     -644.0770

                     ====================================
                        Begin CG opt. move =     14
                     ====================================

superc: Internal auxiliary supercell:     5 x     7 x     3  =     105
superc: Number of atoms, orbitals, and projectors:    420   5460   3360

outcell: Unit cell vectors (Ang):
        2.130000   -1.229756    0.000000
        2.130000    1.229756    0.000000
        0.000000    0.000000    6.700000

outcell: Cell vector modules (Ang)   :    2.459512    2.459512    6.700000
outcell: Cell angles (23,13,12) (deg):     90.0000     90.0000     60.0000
outcell: Cell volume (Ang**3)        :     35.0997
<dSpData1D:S at geom step 14
  <sparsity:sparsity for geom step 14
    nrows_g=52 nrows=52 sparsity=15.7419 nnzs=42566, refcount: 7>
  <dData1D:(new from dSpData1D) n=42566, refcount: 1>
refcount: 1>
new_DM -- step:    15
Re-using DM from previous geometries...
Number of DMs in history: 1
 DM extrapolation coefficients: 
1   1.00000
New DM after history re-use:
<dSpData2D:SpM extrapolated using coords
  <sparsity:sparsity for geom step 14
    nrows_g=52 nrows=52 sparsity=15.7419 nnzs=42566, refcount: 9>
  <dData2D:(temp array for extrapolation) n=42566 m=1, refcount: 1>
refcount: 1>
Note: For starting DM, Qtot, Tr[D*S] =         16.00000000         15.97353085
No. of atoms with KB's overlaping orbs in proc 0. Max # of overlaps:      32     248

InitMesh: MESH = 24 x 24 x 72 = 41472
InitMesh: Mesh cutoff (required, used) =   300.000   319.167 Ry
New grid distribution [1]: sub = 2

        iscf     Eharris(eV)        E_KS(eV)     FreeEng(eV)     dDmax    Ef(eV) dHmax(eV)
   scf:    1     -640.892210     -643.766161     -643.768793  0.150935 -3.947406  5.186748
   scf:    2     -446.282768     -581.437622     -581.438860  0.905628 -4.322321 40.645663
   scf:    3     -658.164406     -644.698070     -644.701471  0.687536 -3.950640  2.338527
   scf:    4     -644.485604     -644.872287     -644.875076  0.109981 -3.980151  1.367209
   scf:    5     -644.960946     -644.951658     -644.954745  0.038767 -3.976068  0.345611
   scf:    6     -644.955183     -644.953545     -644.956650  0.002709 -3.977105  0.247352
   scf:    7     -644.958767     -644.956535     -644.959647  0.003464 -3.980311  0.096524
   scf:    8     -644.958323     -644.957517     -644.960624  0.002226 -3.982307  0.076176
   scf:    9     -644.958249     -644.957894     -644.960998  0.000612 -3.983226  0.066332
   scf:   10     -644.959246     -644.958639     -644.961740  0.000967 -3.985890  0.033729
   scf:   11     -644.958954     -644.958827     -644.961928  0.000659 -3.987647  0.038866
   scf:   12     -644.958885     -644.958858     -644.961959  0.000292 -3.987741  0.034631
   scf:   13     -644.958924     -644.958893     -644.961993  0.000341 -3.987825  0.024356
   scf:   14     -644.958936     -644.958916     -644.962014  0.000209 -3.987894  0.015840
   scf:   15     -644.958940     -644.958929     -644.962026  0.000117 -3.987955  0.013583
   scf:   16     -644.958940     -644.958935     -644.962031  0.000058 -3.988004  0.010251
   scf:   17     -644.958942     -644.958939     -644.962034  0.000069 -3.988068  0.005749
   scf:   18     -644.958941     -644.958940     -644.962034  0.000051 -3.988125  0.003345
   scf:   19     -644.958941     -644.958940     -644.962035  0.000046 -3.988181  0.003302
   scf:   20     -644.958941     -644.958940     -644.962035  0.000028 -3.988226  0.002833
   scf:   21     -644.958941     -644.958941     -644.962035  0.000026 -3.988284  0.002135
   scf:   22     -644.958941     -644.958941     -644.962035  0.000021 -3.988348  0.002205
   scf:   23     -644.958941     -644.958941     -644.962036  0.000028 -3.988437  0.002097
   scf:   24     -644.958940     -644.958940     -644.962036  0.000022 -3.988509  0.001643
   scf:   25     -644.958940     -644.958940     -644.962036  0.000014 -3.988559  0.001095
   scf:   26     -644.958940     -644.958940     -644.962036  0.000005 -3.988581  0.000711

SCF Convergence by DM+H criterion
max |DM_out - DM_in|         :     0.0000048968
max |H_out - H_in|      (eV) :     0.0007110232
SCF cycle converged after 26 iterations

Using DM_out to compute the final energy and forces
No. of atoms with KB's overlaping orbs in proc 0. Max # of overlaps:      32     248

siesta: E_KS(eV) =             -644.9589

siesta: Atomic forces (eV/Ang):
----------------------------------------
   Tot    0.000804    0.000955   -0.002357
----------------------------------------
   Max    5.873854
   Res    3.103118    sqrt( Sum f_i^2 / 3N )
----------------------------------------
   Max    5.873854    constrained

Stress tensor Voigt[x,y,z,yz,xz,xy] (kbar):     -252.49     -243.18     -337.77     -251.62       36.98      -62.97
(Free)E + p*V (eV/cell)     -638.8758
Target enthalpy (eV/cell)     -644.9620

cgvc: Finished line minimization    2.  Mean atomic displacement =    0.1646

                     ====================================
                        Begin CG opt. move =     15
                     ====================================

superc: Internal auxiliary supercell:     5 x     7 x     3  =     105
superc: Number of atoms, orbitals, and projectors:    420   5460   3360

outcell: Unit cell vectors (Ang):
        2.130000   -1.229756    0.000000
        2.130000    1.229756    0.000000
        0.000000    0.000000    6.700000

outcell: Cell vector modules (Ang)   :    2.459512    2.459512    6.700000
outcell: Cell angles (23,13,12) (deg):     90.0000     90.0000     60.0000
outcell: Cell volume (Ang**3)        :     35.0997
<dSpData1D:S at geom step 15
  <sparsity:sparsity for geom step 15
    nrows_g=52 nrows=52 sparsity=15.5784 nnzs=42124, refcount: 7>
  <dData1D:(new from dSpData1D) n=42124, refcount: 1>
refcount: 1>
new_DM -- step:    16
Re-using DM from previous geometries...
Number of DMs in history: 1
 DM extrapolation coefficients: 
1   1.00000
New DM after history re-use:
<dSpData2D:SpM extrapolated using coords
  <sparsity:sparsity for geom step 15
    nrows_g=52 nrows=52 sparsity=15.5784 nnzs=42124, refcount: 9>
  <dData2D:(temp array for extrapolation) n=42124 m=1, refcount: 1>
refcount: 1>
Note: For starting DM, Qtot, Tr[D*S] =         16.00000000         15.98101030
No. of atoms with KB's overlaping orbs in proc 0. Max # of overlaps:      32     245

InitMesh: MESH = 24 x 24 x 72 = 41472
InitMesh: Mesh cutoff (required, used) =   300.000   319.167 Ry
New grid distribution [1]: sub = 2

        iscf     Eharris(eV)        E_KS(eV)     FreeEng(eV)     dDmax    Ef(eV) dHmax(eV)
   scf:    1     -645.391338     -645.652704     -645.654874  0.166934 -4.050377  3.931937
   scf:    2     -600.971945     -632.303489     -632.305974  0.609626 -3.820441 16.620885
   scf:    3     -649.621447     -646.547624     -646.549971  0.485400 -4.030315  0.595612
   scf:    4     -646.561911     -646.556361     -646.558640  0.009550 -4.028101  0.341332
   scf:    5     -646.561026     -646.559247     -646.561440  0.004503 -4.023116  0.205536
   scf:    6     -646.561496     -646.560399     -646.562568  0.000600 -4.019389  0.181744
   scf:    7     -646.565252     -646.563361     -646.565449  0.004423 -4.001357  0.075707
   scf:    8     -646.563687     -646.563578     -646.565656  0.002178 -3.995579  0.080197
   scf:    9     -646.563596     -646.563607     -646.565685  0.001446 -3.992875  0.066803
   scf:   10     -646.563716     -646.563666     -646.565750  0.000340 -3.993012  0.051679
   scf:   11     -646.563785     -646.563732     -646.565824  0.000230 -3.993706  0.032027
   scf:   12     -646.563795     -646.563765     -646.565863  0.000104 -3.994389  0.029131
   scf:   13     -646.563838     -646.563807     -646.565913  0.000196 -3.995830  0.023397
   scf:   14     -646.563831     -646.563821     -646.565932  0.000148 -3.996840  0.017202
   scf:   15     -646.563824     -646.563826     -646.565942  0.000294 -3.998409  0.012065
   scf:   16     -646.563825     -646.563826     -646.565943  0.000181 -3.999116  0.012668
   scf:   17     -646.563827     -646.563826     -646.565944  0.000180 -3.999692  0.010727
   scf:   18     -646.563831     -646.563829     -646.565945  0.000068 -3.999828  0.008335
   scf:   19     -646.563835     -646.563832     -646.565947  0.000064 -3.999925  0.006319
   scf:   20     -646.563836     -646.563834     -646.565948  0.000022 -3.999927  0.005632
   scf:   21     -646.563839     -646.563837     -646.565949  0.000035 -3.999899  0.003961
   scf:   22     -646.563839     -646.563838     -646.565949  0.000019 -3.999857  0.002605
   scf:   23     -646.563839     -646.563839     -646.565950  0.000034 -3.999783  0.001656
   scf:   24     -646.563839     -646.563839     -646.565950  0.000021 -3.999733  0.001735
   scf:   25     -646.563839     -646.563839     -646.565950  0.000027 -3.999667  0.001547
   scf:   26     -646.563839     -646.563839     -646.565950  0.000015 -3.999627  0.001267
   scf:   27     -646.563838     -646.563838     -646.565950  0.000019 -3.999568  0.001104
   scf:   28     -646.563838     -646.563838     -646.565950  0.000010 -3.999533  0.000968

SCF Convergence by DM+H criterion
max |DM_out - DM_in|         :     0.0000097418
max |H_out - H_in|      (eV) :     0.0009679167
SCF cycle converged after 28 iterations

Using DM_out to compute the final energy and forces
No. of atoms with KB's overlaping orbs in proc 0. Max # of overlaps:      32     245

siesta: E_KS(eV) =             -646.5638

siesta: Atomic forces (eV/Ang):
----------------------------------------
   Tot    0.000534   -0.003074    0.001790
----------------------------------------
   Max    6.407672
   Res    3.483082    sqrt( Sum f_i^2 / 3N )
----------------------------------------
   Max    6.407672    constrained

Stress tensor Voigt[x,y,z,yz,xz,xy] (kbar):     -221.63     -186.95     -202.13     -248.17       70.15      -77.14
(Free)E + p*V (eV/cell)     -642.1061
Target enthalpy (eV/cell)     -646.5659

                     ====================================
                        Begin CG opt. move =     16
                     ====================================

superc: Internal auxiliary supercell:     5 x     7 x     3  =     105
superc: Number of atoms, orbitals, and projectors:    420   5460   3360

outcell: Unit cell vectors (Ang):
        2.130000   -1.229756    0.000000
        2.130000    1.229756    0.000000
        0.000000    0.000000    6.700000

outcell: Cell vector modules (Ang)   :    2.459512    2.459512    6.700000
outcell: Cell angles (23,13,12) (deg):     90.0000     90.0000     60.0000
outcell: Cell volume (Ang**3)        :     35.0997
<dSpData1D:S at geom step 16
  <sparsity:sparsity for geom step 16
    nrows_g=52 nrows=52 sparsity=15.2256 nnzs=41170, refcount: 7>
  <dData1D:(new from dSpData1D) n=41170, refcount: 1>
refcount: 1>
new_DM -- step:    17
Re-using DM from previous geometries...
Number of DMs in history: 1
 DM extrapolation coefficients: 
1   1.00000
New DM after history re-use:
<dSpData2D:SpM extrapolated using coords
  <sparsity:sparsity for geom step 16
    nrows_g=52 nrows=52 sparsity=15.2256 nnzs=41170, refcount: 9>
  <dData2D:(temp array for extrapolation) n=41170 m=1, refcount: 1>
refcount: 1>
No. of atoms with KB's overlaping orbs in proc 0. Max # of overlaps:      32     232

InitMesh: MESH = 24 x 24 x 72 = 41472
InitMesh: Mesh cutoff (required, used) =   300.000   319.167 Ry
New grid distribution [1]: sub = 2

        iscf     Eharris(eV)        E_KS(eV)     FreeEng(eV)     dDmax    Ef(eV) dHmax(eV)
   scf:    1     -647.275141     -647.370955     -647.373218  0.132705 -3.992277  2.929908
   scf:    2     -615.400580     -637.811861     -637.814641  0.546053 -3.839825 12.465470
   scf:    3     -650.327468     -648.003184     -648.005715  0.414494 -3.966458  0.473099
   scf:    4     -648.016957     -648.012274     -648.014830  0.012027 -3.962705  0.235130
   scf:    5     -648.014990     -648.013727     -648.016286  0.002404 -3.959456  0.164051
   scf:    6     -648.016086     -648.014985     -648.017548  0.002102 -3.954986  0.124968
   scf:    7     -648.016297     -648.015656     -648.018222  0.000795 -3.951756  0.118403
   scf:    8     -648.019001     -648.017681     -648.020276  0.003244 -3.933941  0.064442
   scf:    9     -648.017836     -648.017812     -648.020431  0.000837 -3.926829  0.036419
   scf:   10     -648.017866     -648.017843     -648.020465  0.000425 -3.926320  0.022485
   scf:   11     -648.017886     -648.017866     -648.020487  0.000220 -3.926557  0.019644
   scf:   12     -648.017903     -648.017885     -648.020505  0.000193 -3.926792  0.019016
   scf:   13     -648.017927     -648.017907     -648.020526  0.000235 -3.927157  0.015557
   scf:   14     -648.017944     -648.017931     -648.020547  0.000449 -3.927987  0.006614
   scf:   15     -648.017933     -648.017932     -648.020548  0.000174 -3.928177  0.005788
   scf:   16     -648.017933     -648.017933     -648.020549  0.000081 -3.928178  0.005389
   scf:   17     -648.017933     -648.017933     -648.020549  0.000065 -3.928168  0.004530
   scf:   18     -648.017932     -648.017933     -648.020550  0.000074 -3.928149  0.003008
   scf:   19     -648.017931     -648.017932     -648.020551  0.000081 -3.928118  0.001775
   scf:   20     -648.017931     -648.017932     -648.020551  0.000029 -3.928094  0.001069
   scf:   21     -648.017931     -648.017931     -648.020551  0.000010 -3.928074  0.001011
   scf:   22     -648.017931     -648.017931     -648.020551  0.000008 -3.928054  0.000955

SCF Convergence by DM+H criterion
max |DM_out - DM_in|         :     0.0000078446
max |H_out - H_in|      (eV) :     0.0009551254
SCF cycle converged after 22 iterations

Using DM_out to compute the final energy and forces
No. of atoms with KB's overlaping orbs in proc 0. Max # of overlaps:      32     232

siesta: E_KS(eV) =             -648.0179

siesta: Atomic forces (eV/Ang):
----------------------------------------
   Tot    0.002013   -0.001097   -0.000904
----------------------------------------
   Max    6.339592
   Res    3.508306    sqrt( Sum f_i^2 / 3N )
----------------------------------------
   Max    6.339592    constrained

Stress tensor Voigt[x,y,z,yz,xz,xy] (kbar):     -212.09     -144.76     -137.17     -208.27      107.68      -77.19
(Free)E + p*V (eV/cell)     -644.4130
Target enthalpy (eV/cell)     -648.0206

                     ====================================
                        Begin CG opt. move =     17
                     ====================================

superc: Internal auxiliary supercell:     5 x     7 x     3  =     105
superc: Number of atoms, orbitals, and projectors:    420   5460   3360

outcell: Unit cell vectors (Ang):
        2.130000   -1.229756    0.000000
        2.130000    1.229756    0.000000
        0.000000    0.000000    6.700000

outcell: Cell vector modules (Ang)   :    2.459512    2.459512    6.700000
outcell: Cell angles (23,13,12) (deg):     90.0000     90.0000     60.0000
outcell: Cell volume (Ang**3)        :     35.0997
<dSpData1D:S at geom step 17
  <sparsity:sparsity for geom step 17
    nrows_g=52 nrows=52 sparsity=15.2352 nnzs=41196, refcount: 7>
  <dData1D:(new from dSpData1D) n=41196, refcount: 1>
refcount: 1>
new_DM -- step:    18
Re-using DM from previous geometries...
Number of DMs in history: 1
 DM extrapolation coefficients: 
1   1.00000
New DM after history re-use:
<dSpData2D:SpM extrapolated using coords
  <sparsity:sparsity for geom step 17
    nrows_g=52 nrows=52 sparsity=15.2352 nnzs=41196, refcount: 9>
  <dData2D:(temp array for extrapolation) n=41196 m=1, refcount: 1>
refcount: 1>
No. of atoms with KB's overlaping orbs in proc 0. Max # of overlaps:      32     228

InitMesh: MESH = 24 x 24 x 72 = 41472
InitMesh: Mesh cutoff (required, used) =   300.000   319.167 Ry
New grid distribution [1]: sub = 2

        iscf     Eharris(eV)        E_KS(eV)     FreeEng(eV)     dDmax    Ef(eV) dHmax(eV)
   scf:    1     -648.243115     -648.504836     -648.506337  0.183983 -3.931563  2.666363
   scf:    2     -620.376222     -640.074399     -640.075502  0.535893 -3.478824 12.361172
   scf:    3     -650.958036     -649.004393     -649.007161  0.399374 -3.921515  0.797042
   scf:    4     -649.023600     -649.020511     -649.023304  0.019453 -3.914025  0.374189
   scf:    5     -649.028051     -649.024722     -649.027561  0.005362 -3.907523  0.244414
   scf:    6     -649.030491     -649.028220     -649.031098  0.006537 -3.898789  0.165864
   scf:    7     -649.030432     -649.029430     -649.032309  0.002107 -3.895116  0.126658
   scf:    8     -649.031072     -649.030471     -649.033343  0.003101 -3.889801  0.068244
   scf:    9     -649.030883     -649.030692     -649.033554  0.000466 -3.888582  0.048934
   scf:   10     -649.031013     -649.030864     -649.033715  0.000420 -3.887540  0.027676
   scf:   11     -649.031018     -649.030945     -649.033790  0.000311 -3.886879  0.023223
   scf:   12     -649.031075     -649.031017     -649.033854  0.000451 -3.885784  0.016697
   scf:   13     -649.031060     -649.031040     -649.033875  0.000212 -3.884931  0.012186
   scf:   14     -649.031059     -649.031051     -649.033884  0.000125 -3.883913  0.010551
   scf:   15     -649.031055     -649.031054     -649.033886  0.000080 -3.883218  0.009224
   scf:   16     -649.031054     -649.031054     -649.033888  0.000138 -3.882727  0.006418
   scf:   17     -649.031055     -649.031055     -649.033889  0.000094 -3.882625  0.004449
   scf:   18     -649.031055     -649.031055     -649.033890  0.000074 -3.882606  0.003074
   scf:   19     -649.031056     -649.031055     -649.033891  0.000050 -3.882624  0.002626
   scf:   20     -649.031055     -649.031055     -649.033892  0.000059 -3.882675  0.001854
   scf:   21     -649.031055     -649.031055     -649.033893  0.000037 -3.882745  0.001357
   scf:   22     -649.031054     -649.031055     -649.033893  0.000030 -3.882814  0.001486
   scf:   23     -649.031055     -649.031055     -649.033893  0.000017 -3.882844  0.001222
   scf:   24     -649.031055     -649.031055     -649.033893  0.000015 -3.882852  0.000833

SCF Convergence by DM+H criterion
max |DM_out - DM_in|         :     0.0000150917
max |H_out - H_in|      (eV) :     0.0008325488
SCF cycle converged after 24 iterations

Using DM_out to compute the final energy and forces
No. of atoms with KB's overlaping orbs in proc 0. Max # of overlaps:      32     228

siesta: E_KS(eV) =             -649.0311

siesta: Atomic forces (eV/Ang):
----------------------------------------
   Tot    0.000175    0.002958   -0.003924
----------------------------------------
   Max    6.407836
   Res    3.593367    sqrt( Sum f_i^2 / 3N )
----------------------------------------
   Max    6.407836    constrained

Stress tensor Voigt[x,y,z,yz,xz,xy] (kbar):     -274.30     -128.70      -91.57     -182.00      166.38      -79.78
(Free)E + p*V (eV/cell)     -645.4223
Target enthalpy (eV/cell)     -649.0339

                     ====================================
                        Begin CG opt. move =     18
                     ====================================

superc: Internal auxiliary supercell:     5 x     7 x     3  =     105
superc: Number of atoms, orbitals, and projectors:    420   5460   3360

outcell: Unit cell vectors (Ang):
        2.130000   -1.229756    0.000000
        2.130000    1.229756    0.000000
        0.000000    0.000000    6.700000

outcell: Cell vector modules (Ang)   :    2.459512    2.459512    6.700000
outcell: Cell angles (23,13,12) (deg):     90.0000     90.0000     60.0000
outcell: Cell volume (Ang**3)        :     35.0997
<dSpData1D:S at geom step 18
  <sparsity:sparsity for geom step 18
    nrows_g=52 nrows=52 sparsity=14.9238 nnzs=40354, refcount: 7>
  <dData1D:(new from dSpData1D) n=40354, refcount: 1>
refcount: 1>
new_DM -- step:    19
Re-using DM from previous geometries...
Number of DMs in history: 1
 DM extrapolation coefficients: 
1   1.00000
New DM after history re-use:
<dSpData2D:SpM extrapolated using coords
  <sparsity:sparsity for geom step 18
    nrows_g=52 nrows=52 sparsity=14.9238 nnzs=40354, refcount: 9>
  <dData2D:(temp array for extrapolation) n=40354 m=1, refcount: 1>
refcount: 1>
No. of atoms with KB's overlaping orbs in proc 0. Max # of overlaps:      32     217

InitMesh: MESH = 24 x 24 x 72 = 41472
InitMesh: Mesh cutoff (required, used) =   300.000   319.167 Ry
New grid distribution [1]: sub = 2

        iscf     Eharris(eV)        E_KS(eV)     FreeEng(eV)     dDmax    Ef(eV) dHmax(eV)
   scf:    1     -648.462497     -648.855820     -648.857086  0.174976 -3.841487  2.660333
   scf:    2     -623.347960     -641.179867     -641.181052  0.445894 -3.092432 12.387595
   scf:    3     -651.055105     -649.272015     -649.273852  0.329590 -3.832818  0.709310
   scf:    4     -649.271957     -649.282452     -649.283993  0.021780 -3.854280  0.313581
   scf:    5     -649.291972     -649.287884     -649.289485  0.006354 -3.848787  0.242476
   scf:    6     -649.294429     -649.291742     -649.293347  0.005213 -3.843083  0.176025
   scf:    7     -649.294725     -649.293553     -649.295141  0.003440 -3.839286  0.130646
   scf:    8     -649.294618     -649.294204     -649.295779  0.002084 -3.837311  0.068457
   scf:    9     -649.294646     -649.294444     -649.296015  0.000641 -3.836603  0.062735
   scf:   10     -649.294694     -649.294576     -649.296148  0.000517 -3.835931  0.055468
   scf:   11     -649.294750     -649.294668     -649.296243  0.000363 -3.835056  0.044788
   scf:   12     -649.294838     -649.294761     -649.296343  0.000369 -3.833417  0.027023
   scf:   13     -649.294843     -649.294810     -649.296403  0.000384 -3.831291  0.015689
   scf:   14     -649.294822     -649.294819     -649.296420  0.000246 -3.829839  0.009714
   scf:   15     -649.294824     -649.294822     -649.296426  0.000150 -3.829159  0.010780
   scf:   16     -649.294828     -649.294825     -649.296430  0.000162 -3.828725  0.009862
   scf:   17     -649.294832     -649.294829     -649.296433  0.000132 -3.828474  0.007460
   scf:   18     -649.294834     -649.294832     -649.296434  0.000092 -3.828345  0.004742
   scf:   19     -649.294835     -649.294834     -649.296435  0.000040 -3.828314  0.002929
   scf:   20     -649.294836     -649.294835     -649.296435  0.000029 -3.828310  0.001883
   scf:   21     -649.294837     -649.294836     -649.296435  0.000029 -3.828307  0.001749
   scf:   22     -649.294838     -649.294837     -649.296436  0.000038 -3.828292  0.001407
   scf:   23     -649.294838     -649.294838     -649.296436  0.000036 -3.828260  0.000956

SCF Convergence by DM+H criterion
max |DM_out - DM_in|         :     0.0000361384
max |H_out - H_in|      (eV) :     0.0009561744
SCF cycle converged after 23 iterations

Using DM_out to compute the final energy and forces
No. of atoms with KB's overlaping orbs in proc 0. Max # of overlaps:      32     217

siesta: E_KS(eV) =             -649.2948

siesta: Atomic forces (eV/Ang):
----------------------------------------
   Tot    0.001063    0.002267    0.000040
----------------------------------------
   Max    9.677167
   Res    4.956931    sqrt( Sum f_i^2 / 3N )
----------------------------------------
   Max    9.677167    constrained

Stress tensor Voigt[x,y,z,yz,xz,xy] (kbar):     -475.61     -114.20      -77.19     -132.03      209.43     -102.16
(Free)E + p*V (eV/cell)     -644.4257
Target enthalpy (eV/cell)     -649.2964

                     ====================================
                        Begin CG opt. move =     19
                     ====================================

superc: Internal auxiliary supercell:     5 x     7 x     3  =     105
superc: Number of atoms, orbitals, and projectors:    420   5460   3360

outcell: Unit cell vectors (Ang):
        2.130000   -1.229756    0.000000
        2.130000    1.229756    0.000000
        0.000000    0.000000    6.700000

outcell: Cell vector modules (Ang)   :    2.459512    2.459512    6.700000
outcell: Cell angles (23,13,12) (deg):     90.0000     90.0000     60.0000
outcell: Cell volume (Ang**3)        :     35.0997
<dSpData1D:S at geom step 19
  <sparsity:sparsity for geom step 19
    nrows_g=52 nrows=52 sparsity=14.8772 nnzs=40228, refcount: 7>
  <dData1D:(new from dSpData1D) n=40228, refcount: 1>
refcount: 1>
new_DM -- step:    20
Re-using DM from previous geometries...
Number of DMs in history: 1
 DM extrapolation coefficients: 
1   1.00000
New DM after history re-use:
<dSpData2D:SpM extrapolated using coords
  <sparsity:sparsity for geom step 19
    nrows_g=52 nrows=52 sparsity=14.8772 nnzs=40228, refcount: 9>
  <dData2D:(temp array for extrapolation) n=40228 m=1, refcount: 1>
refcount: 1>
No. of atoms with KB's overlaping orbs in proc 0. Max # of overlaps:      32     217

InitMesh: MESH = 24 x 24 x 72 = 41472
InitMesh: Mesh cutoff (required, used) =   300.000   319.167 Ry
New grid distribution [1]: sub = 2

        iscf     Eharris(eV)        E_KS(eV)     FreeEng(eV)     dDmax    Ef(eV) dHmax(eV)
   scf:    1     -649.214207     -649.305075     -649.306222  0.030958 -3.846014  0.395812
   scf:    2     -648.411187     -649.029225     -649.030663  0.105297 -3.831012  2.124615
   scf:    3     -649.356935     -649.316684     -649.317847  0.089467 -3.843350  0.078149
   scf:    4     -649.317141     -649.316932     -649.318096  0.000789 -3.843524  0.056888
   scf:    5     -649.317209     -649.317161     -649.318325  0.001830 -3.844456  0.032099
   scf:    6     -649.317205     -649.317185     -649.318349  0.000256 -3.845038  0.021503
   scf:    7     -649.317223     -649.317206     -649.318371  0.000244 -3.845895  0.014488
   scf:    8     -649.317217     -649.317212     -649.318377  0.000066 -3.846247  0.012331
   scf:    9     -649.317229     -649.317221     -649.318386  0.000109 -3.847127  0.009643
   scf:   10     -649.317228     -649.317225     -649.318390  0.000038 -3.847682  0.008068
   scf:   11     -649.317230     -649.317228     -649.318394  0.000083 -3.848977  0.003739
   scf:   12     -649.317229     -649.317228     -649.318395  0.000056 -3.849530  0.003470
   scf:   13     -649.317228     -649.317228     -649.318395  0.000081 -3.850058  0.003807
   scf:   14     -649.317228     -649.317228     -649.318395  0.000042 -3.850223  0.003242
   scf:   15     -649.317228     -649.317228     -649.318395  0.000046 -3.850383  0.002241
   scf:   16     -649.317229     -649.317228     -649.318395  0.000016 -3.850434  0.001608
   scf:   17     -649.317229     -649.317229     -649.318396  0.000016 -3.850487  0.000894

SCF Convergence by DM+H criterion
max |DM_out - DM_in|         :     0.0000158340
max |H_out - H_in|      (eV) :     0.0008943457
SCF cycle converged after 17 iterations

Using DM_out to compute the final energy and forces
No. of atoms with KB's overlaping orbs in proc 0. Max # of overlaps:      32     217

siesta: E_KS(eV) =             -649.3172

siesta: Atomic forces (eV/Ang):
----------------------------------------
   Tot   -0.000216   -0.000856    0.001641
----------------------------------------
   Max    7.732818
   Res    4.437324    sqrt( Sum f_i^2 / 3N )
----------------------------------------
   Max    7.732818    constrained

Stress tensor Voigt[x,y,z,yz,xz,xy] (kbar):     -410.45     -116.17      -79.50     -145.11      199.82      -94.10
(Free)E + p*V (eV/cell)     -644.8922
Target enthalpy (eV/cell)     -649.3184

cgvc: Finished line minimization    3.  Mean atomic displacement =    0.1522

                     ====================================
                        Begin CG opt. move =     20
                     ====================================

superc: Internal auxiliary supercell:     5 x     7 x     3  =     105
superc: Number of atoms, orbitals, and projectors:    420   5460   3360

outcell: Unit cell vectors (Ang):
        2.130000   -1.229756    0.000000
        2.130000    1.229756    0.000000
        0.000000    0.000000    6.700000

outcell: Cell vector modules (Ang)   :    2.459512    2.459512    6.700000
outcell: Cell angles (23,13,12) (deg):     90.0000     90.0000     60.0000
outcell: Cell volume (Ang**3)        :     35.0997
<dSpData1D:S at geom step 20
  <sparsity:sparsity for geom step 20
    nrows_g=52 nrows=52 sparsity=14.9268 nnzs=40362, refcount: 7>
  <dData1D:(new from dSpData1D) n=40362, refcount: 1>
refcount: 1>
new_DM -- step:    21
Re-using DM from previous geometries...
Number of DMs in history: 1
 DM extrapolation coefficients: 
1   1.00000
New DM after history re-use:
<dSpData2D:SpM extrapolated using coords
  <sparsity:sparsity for geom step 20
    nrows_g=52 nrows=52 sparsity=14.9268 nnzs=40362, refcount: 9>
  <dData2D:(temp array for extrapolation) n=40362 m=1, refcount: 1>
refcount: 1>
Note: For starting DM, Qtot, Tr[D*S] =         16.00000000         16.05588503
No. of atoms with KB's overlaping orbs in proc 0. Max # of overlaps:      32     212

InitMesh: MESH = 24 x 24 x 72 = 41472
InitMesh: Mesh cutoff (required, used) =   300.000   319.167 Ry
New grid distribution [1]: sub = 2

        iscf     Eharris(eV)        E_KS(eV)     FreeEng(eV)     dDmax    Ef(eV) dHmax(eV)
   scf:    1     -649.154489     -650.064921     -650.065925  0.221940 -3.831881  3.783805
   scf:    2     -619.679706     -641.146652     -641.147722  0.470915 -2.649327 14.407824
   scf:    3     -653.150454     -650.735073     -650.736394  0.330974 -3.859304  0.834779
   scf:    4     -650.746170     -650.752466     -650.753550  0.024705 -3.875498  0.376845
   scf:    5     -650.759111     -650.756313     -650.757442  0.005832 -3.871970  0.216326
   scf:    6     -650.761412     -650.759218     -650.760403  0.004347 -3.866567  0.220156
   scf:    7     -650.762541     -650.761169     -650.762403  0.004124 -3.859936  0.177170
   scf:    8     -650.762629     -650.762054     -650.763315  0.003282 -3.854153  0.108449
   scf:    9     -650.762648     -650.762395     -650.763659  0.001400 -3.850870  0.058904
   scf:   10     -650.762710     -650.762567     -650.763828  0.000607 -3.848984  0.032521
   scf:   11     -650.762755     -650.762669     -650.763924  0.000467 -3.847484  0.029368
   scf:   12     -650.762788     -650.762734     -650.763985  0.000368 -3.845856  0.026789
   scf:   13     -650.762796     -650.762770     -650.764017  0.000334 -3.844057  0.019937
   scf:   14     -650.762792     -650.762783     -650.764028  0.000230 -3.842479  0.011627
   scf:   15     -650.762791     -650.762787     -650.764032  0.000153 -3.841419  0.010783
   scf:   16     -650.762792     -650.762790     -650.764035  0.000183 -3.840722  0.010476
   scf:   17     -650.762793     -650.762792     -650.764038  0.000181 -3.840215  0.008570
   scf:   18     -650.762794     -650.762793     -650.764040  0.000159 -3.839836  0.005825
   scf:   19     -650.762794     -650.762794     -650.764041  0.000103 -3.839623  0.003283
   scf:   20     -650.762794     -650.762794     -650.764041  0.000044 -3.839554  0.002252
   scf:   21     -650.762795     -650.762794     -650.764041  0.000014 -3.839555  0.001675
   scf:   22     -650.762795     -650.762795     -650.764041  0.000010 -3.839581  0.001227
   scf:   23     -650.762795     -650.762795     -650.764041  0.000012 -3.839622  0.001208
   scf:   24     -650.762795     -650.762795     -650.764041  0.000019 -3.839681  0.001019
   scf:   25     -650.762795     -650.762795     -650.764041  0.000023 -3.839744  0.000830

SCF Convergence by DM+H criterion
max |DM_out - DM_in|         :     0.0000229235
max |H_out - H_in|      (eV) :     0.0008302518
SCF cycle converged after 25 iterations

Using DM_out to compute the final energy and forces
No. of atoms with KB's overlaping orbs in proc 0. Max # of overlaps:      32     212

siesta: E_KS(eV) =             -650.7628

siesta: Atomic forces (eV/Ang):
----------------------------------------
   Tot   -0.000339   -0.002933    0.001236
----------------------------------------
   Max    8.125843
   Res    4.745669    sqrt( Sum f_i^2 / 3N )
----------------------------------------
   Max    8.125843    constrained

Stress tensor Voigt[x,y,z,yz,xz,xy] (kbar):     -383.11     -105.81      -71.40     -122.31      140.14     -121.65
(Free)E + p*V (eV/cell)     -646.6722
Target enthalpy (eV/cell)     -650.7640

                     ====================================
                        Begin CG opt. move =     21
                     ====================================

superc: Internal auxiliary supercell:     5 x     7 x     3  =     105
superc: Number of atoms, orbitals, and projectors:    420   5460   3360

outcell: Unit cell vectors (Ang):
        2.130000   -1.229756    0.000000
        2.130000    1.229756    0.000000
        0.000000    0.000000    6.700000

outcell: Cell vector modules (Ang)   :    2.459512    2.459512    6.700000
outcell: Cell angles (23,13,12) (deg):     90.0000     90.0000     60.0000
outcell: Cell volume (Ang**3)        :     35.0997
<dSpData1D:S at geom step 21
  <sparsity:sparsity for geom step 21
    nrows_g=52 nrows=52 sparsity=14.7093 nnzs=39774, refcount: 7>
  <dData1D:(new from dSpData1D) n=39774, refcount: 1>
refcount: 1>
new_DM -- step:    22
Re-using DM from previous geometries...
Number of DMs in history: 1
 DM extrapolation coefficients: 
1   1.00000
New DM after history re-use:
<dSpData2D:SpM extrapolated using coords
  <sparsity:sparsity for geom step 21
    nrows_g=52 nrows=52 sparsity=14.7093 nnzs=39774, refcount: 9>
  <dData2D:(temp array for extrapolation) n=39774 m=1, refcount: 1>
refcount: 1>
Note: For starting DM, Qtot, Tr[D*S] =         16.00000000         16.04758921
No. of atoms with KB's overlaping orbs in proc 0. Max # of overlaps:      32     202

InitMesh: MESH = 24 x 24 x 72 = 41472
InitMesh: Mesh cutoff (required, used) =   300.000   319.167 Ry
New grid distribution [1]: sub = 2

        iscf     Eharris(eV)        E_KS(eV)     FreeEng(eV)     dDmax    Ef(eV) dHmax(eV)
   scf:    1     -651.738721     -651.850702     -651.850986  0.151237 -3.892735  2.313191
   scf:    2     -643.140743     -649.332050     -649.333092  0.283235 -3.202006  7.076421
   scf:    3     -652.810550     -652.115254     -652.115383  0.207736 -3.833282  0.164572
   scf:    4     -652.116592     -652.115941     -652.116071  0.000664 -3.830272  0.140430
   scf:    5     -652.118988     -652.117577     -652.117710  0.001615 -3.822494  0.107254
   scf:    6     -652.119288     -652.118520     -652.118657  0.001420 -3.816255  0.074280
   scf:    7     -652.119211     -652.118940     -652.119080  0.001470 -3.810868  0.038070
   scf:    8     -652.119035     -652.119002     -652.119142  0.000703 -3.808663  0.028605
   scf:    9     -652.118997     -652.119007     -652.119147  0.000509 -3.806965  0.025788
   scf:   10     -652.119012     -652.119011     -652.119150  0.000206 -3.806185  0.026250
   scf:   11     -652.119029     -652.119021     -652.119158  0.000225 -3.805198  0.024163
   scf:   12     -652.119050     -652.119036     -652.119171  0.000204 -3.804634  0.019641
   scf:   13     -652.119068     -652.119054     -652.119186  0.000270 -3.804191  0.012271
   scf:   14     -652.119069     -652.119062     -652.119193  0.000185 -3.804205  0.009224
   scf:   15     -652.119073     -652.119068     -652.119198  0.000176 -3.804424  0.007833
   scf:   16     -652.119073     -652.119071     -652.119201  0.000105 -3.804740  0.007514
   scf:   17     -652.119074     -652.119073     -652.119203  0.000093 -3.805255  0.006132
   scf:   18     -652.119074     -652.119074     -652.119203  0.000046 -3.805719  0.006282
   scf:   19     -652.119075     -652.119074     -652.119204  0.000044 -3.806167  0.007159
   scf:   20     -652.119076     -652.119075     -652.119205  0.000054 -3.806419  0.006756
   scf:   21     -652.119076     -652.119076     -652.119206  0.000071 -3.806617  0.005654
   scf:   22     -652.119077     -652.119076     -652.119207  0.000063 -3.806732  0.004290
   scf:   23     -652.119077     -652.119076     -652.119208  0.000066 -3.806821  0.002507
   scf:   24     -652.119076     -652.119076     -652.119208  0.000041 -3.806857  0.002170
   scf:   25     -652.119076     -652.119076     -652.119209  0.000021 -3.806860  0.001704
   scf:   26     -652.119076     -652.119076     -652.119209  0.000011 -3.806842  0.001229
   scf:   27     -652.119076     -652.119076     -652.119209  0.000010 -3.806816  0.001165
   scf:   28     -652.119076     -652.119076     -652.119209  0.000010 -3.806791  0.001091
   scf:   29     -652.119076     -652.119076     -652.119209  0.000013 -3.806763  0.000904

SCF Convergence by DM+H criterion
max |DM_out - DM_in|         :     0.0000128571
max |H_out - H_in|      (eV) :     0.0009043624
SCF cycle converged after 29 iterations

Using DM_out to compute the final energy and forces
No. of atoms with KB's overlaping orbs in proc 0. Max # of overlaps:      32     202

siesta: E_KS(eV) =             -652.1191

siesta: Atomic forces (eV/Ang):
----------------------------------------
   Tot    0.002846   -0.002045    0.000351
----------------------------------------
   Max    8.064995
   Res    4.521862    sqrt( Sum f_i^2 / 3N )
----------------------------------------
   Max    8.064995    constrained

Stress tensor Voigt[x,y,z,yz,xz,xy] (kbar):     -332.89      -83.67      -72.49      -75.09       76.34     -122.55
(Free)E + p*V (eV/cell)     -648.5479
Target enthalpy (eV/cell)     -652.1192

                     ====================================
                        Begin CG opt. move =     22
                     ====================================

superc: Internal auxiliary supercell:     5 x     7 x     3  =     105
superc: Number of atoms, orbitals, and projectors:    420   5460   3360

outcell: Unit cell vectors (Ang):
        2.130000   -1.229756    0.000000
        2.130000    1.229756    0.000000
        0.000000    0.000000    6.700000

outcell: Cell vector modules (Ang)   :    2.459512    2.459512    6.700000
outcell: Cell angles (23,13,12) (deg):     90.0000     90.0000     60.0000
outcell: Cell volume (Ang**3)        :     35.0997
<dSpData1D:S at geom step 22
  <sparsity:sparsity for geom step 22
    nrows_g=52 nrows=52 sparsity=14.3913 nnzs=38914, refcount: 7>
  <dData1D:(new from dSpData1D) n=38914, refcount: 1>
refcount: 1>
new_DM -- step:    23
Re-using DM from previous geometries...
Number of DMs in history: 1
 DM extrapolation coefficients: 
1   1.00000
New DM after history re-use:
<dSpData2D:SpM extrapolated using coords
  <sparsity:sparsity for geom step 22
    nrows_g=52 nrows=52 sparsity=14.3913 nnzs=38914, refcount: 9>
  <dData2D:(temp array for extrapolation) n=38914 m=1, refcount: 1>
refcount: 1>
Note: For starting DM, Qtot, Tr[D*S] =         16.00000000         16.02522430
No. of atoms with KB's overlaping orbs in proc 0. Max # of overlaps:      32     183

InitMesh: MESH = 24 x 24 x 72 = 41472
InitMesh: Mesh cutoff (required, used) =   300.000   319.167 Ry
New grid distribution [1]: sub = 2

        iscf     Eharris(eV)        E_KS(eV)     FreeEng(eV)     dDmax    Ef(eV) dHmax(eV)
   scf:    1     -653.030351     -652.998093     -652.998203  0.093794 -3.769334  1.634295
   scf:    2     -651.040742     -652.472979     -652.473292  0.099595 -3.290653  3.434470
   scf:    3     -653.336115     -653.111681     -653.111691  0.065728 -3.771416  0.216985
   scf:    4     -653.113521     -653.112635     -653.112645  0.001484 -3.771968  0.191041
   scf:    5     -653.115490     -653.114625     -653.114636  0.006186 -3.774754  0.076495
   scf:    6     -653.114744     -653.114687     -653.114697  0.000457 -3.775201  0.062401
   scf:    7     -653.114741     -653.114773     -653.114782  0.002187 -3.777673  0.029267
   scf:    8     -653.114835     -653.114805     -653.114814  0.000118 -3.777886  0.026102
   scf:    9     -653.114928     -653.114875     -653.114884  0.000416 -3.778426  0.024191
   scf:   10     -653.114896     -653.114886     -653.114895  0.000135 -3.778421  0.020825
   scf:   11     -653.114917     -653.114906     -653.114915  0.000474 -3.778389  0.008200
   scf:   12     -653.114908     -653.114907     -653.114916  0.000047 -3.778369  0.006209
   scf:   13     -653.114907     -653.114908     -653.114917  0.000144 -3.778277  0.003130
   scf:   14     -653.114908     -653.114908     -653.114917  0.000014 -3.778250  0.002646
   scf:   15     -653.114909     -653.114909     -653.114917  0.000050 -3.778170  0.002102
   scf:   16     -653.114909     -653.114909     -653.114918  0.000017 -3.778148  0.001810
   scf:   17     -653.114909     -653.114909     -653.114918  0.000055 -3.778065  0.000865

SCF Convergence by DM+H criterion
max |DM_out - DM_in|         :     0.0000554204
max |H_out - H_in|      (eV) :     0.0008651119
SCF cycle converged after 17 iterations

Using DM_out to compute the final energy and forces
No. of atoms with KB's overlaping orbs in proc 0. Max # of overlaps:      32     183

siesta: E_KS(eV) =             -653.1149

siesta: Atomic forces (eV/Ang):
----------------------------------------
   Tot    0.002361    0.006822   -0.001853
----------------------------------------
   Max    7.374778
   Res    3.733725    sqrt( Sum f_i^2 / 3N )
----------------------------------------
   Max    7.374778    constrained

Stress tensor Voigt[x,y,z,yz,xz,xy] (kbar):     -265.41      -77.76      -66.15      -18.18       14.96      -93.01
(Free)E + p*V (eV/cell)     -650.1258
Target enthalpy (eV/cell)     -653.1149

                     ====================================
                        Begin CG opt. move =     23
                     ====================================

superc: Internal auxiliary supercell:     5 x     7 x     3  =     105
superc: Number of atoms, orbitals, and projectors:    420   5460   3360

outcell: Unit cell vectors (Ang):
        2.130000   -1.229756    0.000000
        2.130000    1.229756    0.000000
        0.000000    0.000000    6.700000

outcell: Cell vector modules (Ang)   :    2.459512    2.459512    6.700000
outcell: Cell angles (23,13,12) (deg):     90.0000     90.0000     60.0000
outcell: Cell volume (Ang**3)        :     35.0997
<dSpData1D:S at geom step 23
  <sparsity:sparsity for geom step 23
    nrows_g=52 nrows=52 sparsity=14.3883 nnzs=38906, refcount: 7>
  <dData1D:(new from dSpData1D) n=38906, refcount: 1>
refcount: 1>
new_DM -- step:    24
Re-using DM from previous geometries...
Number of DMs in history: 1
 DM extrapolation coefficients: 
1   1.00000
New DM after history re-use:
<dSpData2D:SpM extrapolated using coords
  <sparsity:sparsity for geom step 23
    nrows_g=52 nrows=52 sparsity=14.3883 nnzs=38906, refcount: 9>
  <dData2D:(temp array for extrapolation) n=38906 m=1, refcount: 1>
refcount: 1>
No. of atoms with KB's overlaping orbs in proc 0. Max # of overlaps:      32     181

InitMesh: MESH = 24 x 24 x 72 = 41472
InitMesh: Mesh cutoff (required, used) =   300.000   319.167 Ry
New grid distribution [1]: sub = 2

        iscf     Eharris(eV)        E_KS(eV)     FreeEng(eV)     dDmax    Ef(eV) dHmax(eV)
   scf:    1     -653.597136     -653.526239     -653.526646  0.081021 -3.856753  1.028182
   scf:    2     -653.125645     -653.433449     -653.433532  0.036997 -3.606440  1.613785
   scf:    3     -653.632038     -653.570787     -653.570809  0.022686 -3.829323  0.104930
   scf:    4     -653.572049     -653.571481     -653.571510  0.001031 -3.832727  0.115372
   scf:    5     -653.572027     -653.571772     -653.571802  0.000849 -3.834939  0.105598
   scf:    6     -653.572246     -653.572049     -653.572081  0.001447 -3.838579  0.082762
   scf:    7     -653.572182     -653.572123     -653.572155  0.000760 -3.840413  0.066271
   scf:    8     -653.572179     -653.572168     -653.572200  0.001284 -3.843477  0.048418
   scf:    9     -653.572188     -653.572181     -653.572211  0.000567 -3.844792  0.038243
   scf:   10     -653.572207     -653.572197     -653.572226  0.000682 -3.846328  0.021399
   scf:   11     -653.572242     -653.572220     -653.572248  0.000175 -3.846593  0.017650
   scf:   12     -653.572274     -653.572250     -653.572277  0.000269 -3.846525  0.019439
   scf:   13     -653.572276     -653.572264     -653.572290  0.000142 -3.846212  0.019002
   scf:   14     -653.572284     -653.572276     -653.572302  0.000196 -3.845664  0.016555
   scf:   15     -653.572282     -653.572279     -653.572305  0.000119 -3.845329  0.014138
   scf:   16     -653.572282     -653.572281     -653.572307  0.000207 -3.844731  0.010379
   scf:   17     -653.572282     -653.572282     -653.572308  0.000103 -3.844410  0.009340
   scf:   18     -653.572282     -653.572282     -653.572309  0.000161 -3.843869  0.006677
   scf:   19     -653.572284     -653.572283     -653.572310  0.000059 -3.843627  0.004615
   scf:   20     -653.572286     -653.572285     -653.572311  0.000065 -3.843384  0.004440
   scf:   21     -653.572286     -653.572285     -653.572312  0.000043 -3.843341  0.004330
   scf:   22     -653.572287     -653.572286     -653.572313  0.000052 -3.843344  0.003693
   scf:   23     -653.572287     -653.572286     -653.572313  0.000022 -3.843382  0.003061
   scf:   24     -653.572287     -653.572287     -653.572313  0.000032 -3.843455  0.002161
   scf:   25     -653.572287     -653.572287     -653.572313  0.000016 -3.843505  0.001676
   scf:   26     -653.572287     -653.572287     -653.572313  0.000024 -3.843594  0.001473
   scf:   27     -653.572287     -653.572287     -653.572313  0.000009 -3.843647  0.001231
   scf:   28     -653.572287     -653.572287     -653.572314  0.000011 -3.843722  0.000793

SCF Convergence by DM+H criterion
max |DM_out - DM_in|         :     0.0000110976
max |H_out - H_in|      (eV) :     0.0007926239
SCF cycle converged after 28 iterations

Using DM_out to compute the final energy and forces
No. of atoms with KB's overlaping orbs in proc 0. Max # of overlaps:      32     181

siesta: E_KS(eV) =             -653.5723

siesta: Atomic forces (eV/Ang):
----------------------------------------
   Tot   -0.003981   -0.004007   -0.002310
----------------------------------------
   Max    6.409839
   Res    3.269350    sqrt( Sum f_i^2 / 3N )
----------------------------------------
   Max    6.409839    constrained

Stress tensor Voigt[x,y,z,yz,xz,xy] (kbar):     -206.74     -113.59      -45.56       20.22      -21.55      -40.83
(Free)E + p*V (eV/cell)     -650.9003
Target enthalpy (eV/cell)     -653.5723

                     ====================================
                        Begin CG opt. move =     24
                     ====================================

superc: Internal auxiliary supercell:     5 x     7 x     3  =     105
superc: Number of atoms, orbitals, and projectors:    420   5460   3360

outcell: Unit cell vectors (Ang):
        2.130000   -1.229756    0.000000
        2.130000    1.229756    0.000000
        0.000000    0.000000    6.700000

outcell: Cell vector modules (Ang)   :    2.459512    2.459512    6.700000
outcell: Cell angles (23,13,12) (deg):     90.0000     90.0000     60.0000
outcell: Cell volume (Ang**3)        :     35.0997
<dSpData1D:S at geom step 24
  <sparsity:sparsity for geom step 24
    nrows_g=52 nrows=52 sparsity=14.2286 nnzs=38474, refcount: 7>
  <dData1D:(new from dSpData1D) n=38474, refcount: 1>
refcount: 1>
new_DM -- step:    25
Re-using DM from previous geometries...
Number of DMs in history: 1
 DM extrapolation coefficients: 
1   1.00000
New DM after history re-use:
<dSpData2D:SpM extrapolated using coords
  <sparsity:sparsity for geom step 24
    nrows_g=52 nrows=52 sparsity=14.2286 nnzs=38474, refcount: 9>
  <dData2D:(temp array for extrapolation) n=38474 m=1, refcount: 1>
refcount: 1>
Note: For starting DM, Qtot, Tr[D*S] =         16.00000000         15.93922590
No. of atoms with KB's overlaping orbs in proc 0. Max # of overlaps:      32     165

InitMesh: MESH = 24 x 24 x 72 = 41472
InitMesh: Mesh cutoff (required, used) =   300.000   319.167 Ry
New grid distribution [1]: sub = 2

        iscf     Eharris(eV)        E_KS(eV)     FreeEng(eV)     dDmax    Ef(eV) dHmax(eV)
   scf:    1     -653.483435     -653.381300     -653.381392  0.070469 -3.841302  0.489620
   scf:    2     -653.251015     -653.350605     -653.350611  0.030142 -3.895726  0.706010
   scf:    3     -653.415713     -653.394800     -653.394802  0.018288 -3.824611  0.115146
   scf:    4     -653.395505     -653.395167     -653.395170  0.000707 -3.826648  0.106010
   scf:    5     -653.395845     -653.395806     -653.395808  0.003194 -3.836370  0.059395
   scf:    6     -653.395835     -653.395821     -653.395823  0.000172 -3.837129  0.052471
   scf:    7     -653.395920     -653.395880     -653.395882  0.001168 -3.842564  0.019220
   scf:    8     -653.395916     -653.395899     -653.395900  0.000117 -3.842826  0.016297
   scf:    9     -653.395961     -653.395938     -653.395939  0.000451 -3.843700  0.007787
   scf:   10     -653.395941     -653.395939     -653.395941  0.000042 -3.843602  0.007189
   scf:   11     -653.395941     -653.395942     -653.395943  0.000185 -3.843116  0.004042
   scf:   12     -653.395942     -653.395942     -653.395943  0.000010 -3.843061  0.003576
   scf:   13     -653.395942     -653.395942     -653.395944  0.000061 -3.842738  0.001536
   scf:   14     -653.395942     -653.395942     -653.395944  0.000006 -3.842722  0.001328
   scf:   15     -653.395942     -653.395942     -653.395944  0.000024 -3.842669  0.000728

SCF Convergence by DM+H criterion
max |DM_out - DM_in|         :     0.0000241143
max |H_out - H_in|      (eV) :     0.0007282820
SCF cycle converged after 15 iterations

Using DM_out to compute the final energy and forces
No. of atoms with KB's overlaping orbs in proc 0. Max # of overlaps:      32     165

siesta: E_KS(eV) =             -653.3959

siesta: Atomic forces (eV/Ang):
----------------------------------------
   Tot   -0.007594   -0.002954   -0.000364
----------------------------------------
   Max    5.720338
   Res    3.996958    sqrt( Sum f_i^2 / 3N )
----------------------------------------
   Max    5.720338    constrained

Stress tensor Voigt[x,y,z,yz,xz,xy] (kbar):     -176.38     -202.90       -6.57       21.09      -25.97       29.30
(Free)E + p*V (eV/cell)     -650.5783
Target enthalpy (eV/cell)     -653.3959

                     ====================================
                        Begin CG opt. move =     25
                     ====================================

superc: Internal auxiliary supercell:     5 x     7 x     3  =     105
superc: Number of atoms, orbitals, and projectors:    420   5460   3360

outcell: Unit cell vectors (Ang):
        2.130000   -1.229756    0.000000
        2.130000    1.229756    0.000000
        0.000000    0.000000    6.700000

outcell: Cell vector modules (Ang)   :    2.459512    2.459512    6.700000
outcell: Cell angles (23,13,12) (deg):     90.0000     90.0000     60.0000
outcell: Cell volume (Ang**3)        :     35.0997
<dSpData1D:S at geom step 25
  <sparsity:sparsity for geom step 25
    nrows_g=52 nrows=52 sparsity=14.2559 nnzs=38548, refcount: 7>
  <dData1D:(new from dSpData1D) n=38548, refcount: 1>
refcount: 1>
new_DM -- step:    26
Re-using DM from previous geometries...
Number of DMs in history: 1
 DM extrapolation coefficients: 
1   1.00000
New DM after history re-use:
<dSpData2D:SpM extrapolated using coords
  <sparsity:sparsity for geom step 25
    nrows_g=52 nrows=52 sparsity=14.2559 nnzs=38548, refcount: 9>
  <dData2D:(temp array for extrapolation) n=38548 m=1, refcount: 1>
refcount: 1>
No. of atoms with KB's overlaping orbs in proc 0. Max # of overlaps:      32     173

InitMesh: MESH = 24 x 24 x 72 = 41472
InitMesh: Mesh cutoff (required, used) =   300.000   319.167 Ry
New grid distribution [1]: sub = 2

        iscf     Eharris(eV)        E_KS(eV)     FreeEng(eV)     dDmax    Ef(eV) dHmax(eV)
   scf:    1     -653.523265     -653.576676     -653.576685  0.055039 -3.735496  0.654588
   scf:    2     -653.466337     -653.551137     -653.551609  0.019069 -3.873717  0.968210
   scf:    3     -653.605603     -653.589875     -653.589893  0.010719 -3.839016  0.110216
   scf:    4     -653.589882     -653.589891     -653.589913  0.000407 -3.839403  0.071948
   scf:    5     -653.590098     -653.589999     -653.590023  0.000490 -3.838462  0.048978
   scf:    6     -653.590292     -653.590156     -653.590183  0.000804 -3.836597  0.038086
   scf:    7     -653.590306     -653.590236     -653.590264  0.000491 -3.835286  0.031085
   scf:    8     -653.590348     -653.590301     -653.590329  0.000616 -3.833541  0.027134
   scf:    9     -653.590330     -653.590317     -653.590345  0.000272 -3.832684  0.023667
   scf:   10     -653.590325     -653.590324     -653.590352  0.000329 -3.831562  0.019171
   scf:   11     -653.590324     -653.590325     -653.590352  0.000106 -3.831106  0.018072
   scf:   12     -653.590323     -653.590325     -653.590351  0.000119 -3.830621  0.014646
   scf:   13     -653.590329     -653.590327     -653.590353  0.000069 -3.830539  0.011362
   scf:   14     -653.590335     -653.590331     -653.590356  0.000082 -3.830578  0.007608
   scf:   15     -653.590336     -653.590334     -653.590359  0.000068 -3.830706  0.006516
   scf:   16     -653.590338     -653.590336     -653.590361  0.000093 -3.830918  0.004975
   scf:   17     -653.590338     -653.590337     -653.590362  0.000048 -3.831055  0.004767
   scf:   18     -653.590338     -653.590338     -653.590362  0.000062 -3.831253  0.004009
   scf:   19     -653.590338     -653.590338     -653.590363  0.000025 -3.831357  0.003238
   scf:   20     -653.590338     -653.590338     -653.590363  0.000029 -3.831499  0.002624
   scf:   21     -653.590338     -653.590338     -653.590363  0.000020 -3.831559  0.002214
   scf:   22     -653.590338     -653.590338     -653.590363  0.000025 -3.831614  0.001490
   scf:   23     -653.590338     -653.590338     -653.590363  0.000012 -3.831623  0.001261
   scf:   24     -653.590338     -653.590338     -653.590363  0.000013 -3.831620  0.000970

SCF Convergence by DM+H criterion
max |DM_out - DM_in|         :     0.0000128588
max |H_out - H_in|      (eV) :     0.0009699181
SCF cycle converged after 24 iterations

Using DM_out to compute the final energy and forces
No. of atoms with KB's overlaping orbs in proc 0. Max # of overlaps:      32     173

siesta: E_KS(eV) =             -653.5903

siesta: Atomic forces (eV/Ang):
----------------------------------------
   Tot   -0.006383   -0.004770   -0.002632
----------------------------------------
   Max    6.158868
   Res    3.314902    sqrt( Sum f_i^2 / 3N )
----------------------------------------
   Max    6.158868    constrained

Stress tensor Voigt[x,y,z,yz,xz,xy] (kbar):     -196.35     -128.72      -38.73       24.36      -25.49      -26.97
(Free)E + p*V (eV/cell)     -650.9337
Target enthalpy (eV/cell)     -653.5904

cgvc: Finished line minimization    4.  Mean atomic displacement =    0.1910

                     ====================================
                        Begin CG opt. move =     26
                     ====================================

superc: Internal auxiliary supercell:     5 x     7 x     3  =     105
superc: Number of atoms, orbitals, and projectors:    420   5460   3360

outcell: Unit cell vectors (Ang):
        2.130000   -1.229756    0.000000
        2.130000    1.229756    0.000000
        0.000000    0.000000    6.700000

outcell: Cell vector modules (Ang)   :    2.459512    2.459512    6.700000
outcell: Cell angles (23,13,12) (deg):     90.0000     90.0000     60.0000
outcell: Cell volume (Ang**3)        :     35.0997
<dSpData1D:S at geom step 26
  <sparsity:sparsity for geom step 26
    nrows_g=52 nrows=52 sparsity=14.3831 nnzs=38892, refcount: 7>
  <dData1D:(new from dSpData1D) n=38892, refcount: 1>
refcount: 1>
new_DM -- step:    27
Re-using DM from previous geometries...
Number of DMs in history: 1
 DM extrapolation coefficients: 
1   1.00000
New DM after history re-use:
<dSpData2D:SpM extrapolated using coords
  <sparsity:sparsity for geom step 26
    nrows_g=52 nrows=52 sparsity=14.3831 nnzs=38892, refcount: 9>
  <dData2D:(temp array for extrapolation) n=38892 m=1, refcount: 1>
refcount: 1>
Note: For starting DM, Qtot, Tr[D*S] =         16.00000000         15.89786735
No. of atoms with KB's overlaping orbs in proc 0. Max # of overlaps:      32     173

InitMesh: MESH = 24 x 24 x 72 = 41472
InitMesh: Mesh cutoff (required, used) =   300.000   319.167 Ry
New grid distribution [1]: sub = 2

        iscf     Eharris(eV)        E_KS(eV)     FreeEng(eV)     dDmax    Ef(eV) dHmax(eV)
   scf:    1     -653.788134     -653.703603     -653.703624  0.061893 -3.931153  1.675482
   scf:    2     -653.285352     -653.622184     -653.622636  0.029382 -3.624877  2.302274
   scf:    3     -653.842032     -653.780641     -653.780647  0.017136 -3.670628  0.137417
   scf:    4     -653.781560     -653.781131     -653.781138  0.000836 -3.662715  0.109663
   scf:    5     -653.781852     -653.781499     -653.781507  0.000429 -3.662573  0.096458
   scf:    6     -653.782360     -653.781941     -653.781950  0.000457 -3.664309  0.081749
   scf:    7     -653.782640     -653.782302     -653.782312  0.000395 -3.666916  0.077020
   scf:    8     -653.782809     -653.782568     -653.782578  0.000372 -3.670034  0.065116
   scf:    9     -653.782817     -653.782701     -653.782711  0.000372 -3.672856  0.050011
   scf:   10     -653.782785     -653.782750     -653.782759  0.000374 -3.675482  0.041298
   scf:   11     -653.782742     -653.782749     -653.782757  0.000293 -3.677414  0.037851
   scf:   12     -653.782714     -653.782733     -653.782741  0.000232 -3.678896  0.031582
   scf:   13     -653.782712     -653.782723     -653.782731  0.000137 -3.679737  0.024667
   scf:   14     -653.782719     -653.782722     -653.782730  0.000102 -3.680182  0.023066
   scf:   15     -653.782735     -653.782729     -653.782736  0.000101 -3.680232  0.022982
   scf:   16     -653.782752     -653.782741     -653.782748  0.000107 -3.680005  0.021347
   scf:   17     -653.782768     -653.782755     -653.782762  0.000095 -3.679564  0.018579
   scf:   18     -653.782783     -653.782770     -653.782777  0.000094 -3.678910  0.014600
   scf:   19     -653.782791     -653.782781     -653.782788  0.000102 -3.678193  0.012044
   scf:   20     -653.782795     -653.782789     -653.782796  0.000107 -3.677439  0.009327
   scf:   21     -653.782795     -653.782792     -653.782799  0.000084 -3.676851  0.008779
   scf:   22     -653.782793     -653.782793     -653.782800  0.000062 -3.676414  0.008118
   scf:   23     -653.782793     -653.782793     -653.782800  0.000037 -3.676183  0.006977
   scf:   24     -653.782792     -653.782793     -653.782800  0.000029 -3.676076  0.005582
   scf:   25     -653.782793     -653.782793     -653.782800  0.000025 -3.676073  0.004512
   scf:   26     -653.782793     -653.782793     -653.782800  0.000029 -3.676138  0.004594
   scf:   27     -653.782794     -653.782793     -653.782801  0.000029 -3.676251  0.004347
   scf:   28     -653.782794     -653.782794     -653.782801  0.000032 -3.676415  0.003809
   scf:   29     -653.782795     -653.782795     -653.782802  0.000028 -3.676597  0.003091
   scf:   30     -653.782796     -653.782795     -653.782802  0.000026 -3.676798  0.002705
   scf:   31     -653.782796     -653.782795     -653.782803  0.000019 -3.676967  0.002183
   scf:   32     -653.782796     -653.782796     -653.782803  0.000020 -3.677108  0.002057
   scf:   33     -653.782796     -653.782796     -653.782803  0.000017 -3.677196  0.001981
   scf:   34     -653.782796     -653.782796     -653.782803  0.000014 -3.677251  0.001758
   scf:   35     -653.782796     -653.782796     -653.782803  0.000010 -3.677272  0.001476
   scf:   36     -653.782796     -653.782796     -653.782803  0.000007 -3.677271  0.001146
   scf:   37     -653.782796     -653.782796     -653.782803  0.000008 -3.677254  0.000830

SCF Convergence by DM+H criterion
max |DM_out - DM_in|         :     0.0000079753
max |H_out - H_in|      (eV) :     0.0008296618
SCF cycle converged after 37 iterations

Using DM_out to compute the final energy and forces
No. of atoms with KB's overlaping orbs in proc 0. Max # of overlaps:      32     173

siesta: E_KS(eV) =             -653.7828

siesta: Atomic forces (eV/Ang):
----------------------------------------
   Tot    0.001055   -0.003104   -0.000707
----------------------------------------
   Max    5.847871
   Res    2.841425    sqrt( Sum f_i^2 / 3N )
----------------------------------------
   Max    5.847871    constrained

Stress tensor Voigt[x,y,z,yz,xz,xy] (kbar):      -97.50     -204.48      -22.13       -3.10       28.66       24.23
(Free)E + p*V (eV/cell)     -651.4160
Target enthalpy (eV/cell)     -653.7828

                     ====================================
                        Begin CG opt. move =     27
                     ====================================

superc: Internal auxiliary supercell:     5 x     7 x     3  =     105
superc: Number of atoms, orbitals, and projectors:    420   5460   3360

outcell: Unit cell vectors (Ang):
        2.130000   -1.229756    0.000000
        2.130000    1.229756    0.000000
        0.000000    0.000000    6.700000

outcell: Cell vector modules (Ang)   :    2.459512    2.459512    6.700000
outcell: Cell angles (23,13,12) (deg):     90.0000     90.0000     60.0000
outcell: Cell volume (Ang**3)        :     35.0997
<dSpData1D:S at geom step 27
  <sparsity:sparsity for geom step 27
    nrows_g=52 nrows=52 sparsity=14.2374 nnzs=38498, refcount: 7>
  <dData1D:(new from dSpData1D) n=38498, refcount: 1>
refcount: 1>
new_DM -- step:    28
Re-using DM from previous geometries...
Number of DMs in history: 1
 DM extrapolation coefficients: 
1   1.00000
New DM after history re-use:
<dSpData2D:SpM extrapolated using coords
  <sparsity:sparsity for geom step 27
    nrows_g=52 nrows=52 sparsity=14.2374 nnzs=38498, refcount: 9>
  <dData2D:(temp array for extrapolation) n=38498 m=1, refcount: 1>
refcount: 1>
No. of atoms with KB's overlaping orbs in proc 0. Max # of overlaps:      32     173

InitMesh: MESH = 24 x 24 x 72 = 41472
InitMesh: Mesh cutoff (required, used) =   300.000   319.167 Ry
New grid distribution [1]: sub = 2

        iscf     Eharris(eV)        E_KS(eV)     FreeEng(eV)     dDmax    Ef(eV) dHmax(eV)
   scf:    1     -654.296445     -654.174921     -654.174924  0.028989 -3.645738  0.143569
   scf:    2     -654.169217     -654.174572     -654.174575  0.006853 -3.662203  0.171864
   scf:    3     -654.178335     -654.177226     -654.177228  0.003815 -3.653366  0.049548
   scf:    4     -654.177332     -654.177279     -654.177282  0.000081 -3.653242  0.045879
   scf:    5     -654.177656     -654.177516     -654.177518  0.000651 -3.652232  0.013033
   scf:    6     -654.177526     -654.177521     -654.177523  0.000029 -3.652275  0.011247
   scf:    7     -654.177551     -654.177539     -654.177541  0.000219 -3.652602  0.002652
   scf:    8     -654.177539     -654.177539     -654.177541  0.000014 -3.652626  0.002249
   scf:    9     -654.177540     -654.177540     -654.177542  0.000071 -3.652750  0.001107
   scf:   10     -654.177540     -654.177540     -654.177542  0.000002 -3.652748  0.001029
   scf:   11     -654.177540     -654.177540     -654.177542  0.000023 -3.652725  0.000251

SCF Convergence by DM+H criterion
max |DM_out - DM_in|         :     0.0000231353
max |H_out - H_in|      (eV) :     0.0002505373
SCF cycle converged after 11 iterations

Using DM_out to compute the final energy and forces
No. of atoms with KB's overlaping orbs in proc 0. Max # of overlaps:      32     173

siesta: E_KS(eV) =             -654.1775

siesta: Atomic forces (eV/Ang):
----------------------------------------
   Tot   -0.001565   -0.005826   -0.001450
----------------------------------------
   Max    1.533353
   Res    0.832793    sqrt( Sum f_i^2 / 3N )
----------------------------------------
   Max    1.533353    constrained

Stress tensor Voigt[x,y,z,yz,xz,xy] (kbar):      -72.74     -118.81      -31.92       10.80       12.81       -4.69
(Free)E + p*V (eV/cell)     -652.5456
Target enthalpy (eV/cell)     -654.1775

cgvc: Finished line minimization    5.  Mean atomic displacement =    0.1064

                     ====================================
                        Begin CG opt. move =     28
                     ====================================

superc: Internal auxiliary supercell:     5 x     7 x     3  =     105
superc: Number of atoms, orbitals, and projectors:    420   5460   3360

outcell: Unit cell vectors (Ang):
        2.130000   -1.229756    0.000000
        2.130000    1.229756    0.000000
        0.000000    0.000000    6.700000

outcell: Cell vector modules (Ang)   :    2.459512    2.459512    6.700000
outcell: Cell angles (23,13,12) (deg):     90.0000     90.0000     60.0000
outcell: Cell volume (Ang**3)        :     35.0997
<dSpData1D:S at geom step 28
  <sparsity:sparsity for geom step 28
    nrows_g=52 nrows=52 sparsity=14.0392 nnzs=37962, refcount: 7>
  <dData1D:(new from dSpData1D) n=37962, refcount: 1>
refcount: 1>
new_DM -- step:    29
Re-using DM from previous geometries...
Number of DMs in history: 1
 DM extrapolation coefficients: 
1   1.00000
New DM after history re-use:
<dSpData2D:SpM extrapolated using coords
  <sparsity:sparsity for geom step 28
    nrows_g=52 nrows=52 sparsity=14.0392 nnzs=37962, refcount: 9>
  <dData2D:(temp array for extrapolation) n=37962 m=1, refcount: 1>
refcount: 1>
Note: For starting DM, Qtot, Tr[D*S] =         16.00000000         15.97176361
No. of atoms with KB's overlaping orbs in proc 0. Max # of overlaps:      32     165

InitMesh: MESH = 24 x 24 x 72 = 41472
InitMesh: Mesh cutoff (required, used) =   300.000   319.167 Ry
New grid distribution [1]: sub = 2

        iscf     Eharris(eV)        E_KS(eV)     FreeEng(eV)     dDmax    Ef(eV) dHmax(eV)
   scf:    1     -654.040759     -654.041092     -654.041115  0.056770 -3.780486  0.130505
   scf:    2     -654.024137     -654.038257     -654.038280  0.003477 -3.777183  0.218647
   scf:    3     -654.047125     -654.044773     -654.044796  0.002087 -3.780003  0.042176
   scf:    4     -654.044910     -654.044842     -654.044865  0.000088 -3.780751  0.039182
   scf:    5     -654.045495     -654.045227     -654.045252  0.000958 -3.788769  0.009162
   scf:    6     -654.045237     -654.045232     -654.045257  0.000027 -3.788842  0.008139
   scf:    7     -654.045255     -654.045247     -654.045273  0.000176 -3.789267  0.002336
   scf:    8     -654.045247     -654.045247     -654.045273  0.000007 -3.789208  0.002115
   scf:    9     -654.045247     -654.045247     -654.045273  0.000055 -3.788740  0.000459

SCF Convergence by DM+H criterion
max |DM_out - DM_in|         :     0.0000548593
max |H_out - H_in|      (eV) :     0.0004590613
SCF cycle converged after 9 iterations

Using DM_out to compute the final energy and forces
No. of atoms with KB's overlaping orbs in proc 0. Max # of overlaps:      32     165

siesta: E_KS(eV) =             -654.0452

siesta: Atomic forces (eV/Ang):
----------------------------------------
   Tot    0.000656   -0.004675   -0.001990
----------------------------------------
   Max    3.592003
   Res    2.121264    sqrt( Sum f_i^2 / 3N )
----------------------------------------
   Max    3.592003    constrained

Stress tensor Voigt[x,y,z,yz,xz,xy] (kbar):     -200.74      -48.65      -24.86        9.45        6.46        8.37
(Free)E + p*V (eV/cell)     -652.0426
Target enthalpy (eV/cell)     -654.0453

                     ====================================
                        Begin CG opt. move =     29
                     ====================================

superc: Internal auxiliary supercell:     5 x     7 x     3  =     105
superc: Number of atoms, orbitals, and projectors:    420   5460   3360

outcell: Unit cell vectors (Ang):
        2.130000   -1.229756    0.000000
        2.130000    1.229756    0.000000
        0.000000    0.000000    6.700000

outcell: Cell vector modules (Ang)   :    2.459512    2.459512    6.700000
outcell: Cell angles (23,13,12) (deg):     90.0000     90.0000     60.0000
outcell: Cell volume (Ang**3)        :     35.0997
<dSpData1D:S at geom step 29
  <sparsity:sparsity for geom step 29
    nrows_g=52 nrows=52 sparsity=14.0466 nnzs=37982, refcount: 7>
  <dData1D:(new from dSpData1D) n=37982, refcount: 1>
refcount: 1>
new_DM -- step:    30
Re-using DM from previous geometries...
Number of DMs in history: 1
 DM extrapolation coefficients: 
1   1.00000
New DM after history re-use:
<dSpData2D:SpM extrapolated using coords
  <sparsity:sparsity for geom step 29
    nrows_g=52 nrows=52 sparsity=14.0466 nnzs=37982, refcount: 9>
  <dData2D:(temp array for extrapolation) n=37982 m=1, refcount: 1>
refcount: 1>
No. of atoms with KB's overlaping orbs in proc 0. Max # of overlaps:      32     164

InitMesh: MESH = 24 x 24 x 72 = 41472
InitMesh: Mesh cutoff (required, used) =   300.000   319.167 Ry
New grid distribution [1]: sub = 2

        iscf     Eharris(eV)        E_KS(eV)     FreeEng(eV)     dDmax    Ef(eV) dHmax(eV)
   scf:    1     -654.285054     -654.229017     -654.229017  0.036859 -3.660116  0.168140
   scf:    2     -654.222176     -654.227992     -654.227992  0.003684 -3.676432  0.222653
   scf:    3     -654.231786     -654.230707     -654.230707  0.002145 -3.668768  0.024550
   scf:    4     -654.230764     -654.230736     -654.230736  0.000070 -3.668745  0.022705
   scf:    5     -654.230974     -654.230879     -654.230879  0.000631 -3.668617  0.009747
   scf:    6     -654.230883     -654.230881     -654.230881  0.000012 -3.668656  0.008824
   scf:    7     -654.230892     -654.230888     -654.230888  0.000092 -3.668930  0.002444
   scf:    8     -654.230888     -654.230888     -654.230888  0.000007 -3.668938  0.002122
   scf:    9     -654.230889     -654.230888     -654.230889  0.000045 -3.669004  0.000638

SCF Convergence by DM+H criterion
max |DM_out - DM_in|         :     0.0000447629
max |H_out - H_in|      (eV) :     0.0006382391
SCF cycle converged after 9 iterations

Using DM_out to compute the final energy and forces
No. of atoms with KB's overlaping orbs in proc 0. Max # of overlaps:      32     164

siesta: E_KS(eV) =             -654.2309

siesta: Atomic forces (eV/Ang):
----------------------------------------
   Tot    0.001436   -0.006880   -0.001458
----------------------------------------
   Max    1.070811
   Res    0.588212    sqrt( Sum f_i^2 / 3N )
----------------------------------------
   Max    1.070811    constrained

Stress tensor Voigt[x,y,z,yz,xz,xy] (kbar):     -106.89      -84.98      -30.85        6.27        9.74        0.13
(Free)E + p*V (eV/cell)     -652.6045
Target enthalpy (eV/cell)     -654.2309

cgvc: Finished line minimization    6.  Mean atomic displacement =    0.0376

                     ====================================
                        Begin CG opt. move =     30
                     ====================================

superc: Internal auxiliary supercell:     5 x     7 x     3  =     105
superc: Number of atoms, orbitals, and projectors:    420   5460   3360

outcell: Unit cell vectors (Ang):
        2.130000   -1.229756    0.000000
        2.130000    1.229756    0.000000
        0.000000    0.000000    6.700000

outcell: Cell vector modules (Ang)   :    2.459512    2.459512    6.700000
outcell: Cell angles (23,13,12) (deg):     90.0000     90.0000     60.0000
outcell: Cell volume (Ang**3)        :     35.0997
<dSpData1D:S at geom step 30
  <sparsity:sparsity for geom step 30
    nrows_g=52 nrows=52 sparsity=13.9741 nnzs=37786, refcount: 7>
  <dData1D:(new from dSpData1D) n=37786, refcount: 1>
refcount: 1>
new_DM -- step:    31
Re-using DM from previous geometries...
Number of DMs in history: 1
 DM extrapolation coefficients: 
1   1.00000
New DM after history re-use:
<dSpData2D:SpM extrapolated using coords
  <sparsity:sparsity for geom step 30
    nrows_g=52 nrows=52 sparsity=13.9741 nnzs=37786, refcount: 9>
  <dData2D:(temp array for extrapolation) n=37786 m=1, refcount: 1>
refcount: 1>
No. of atoms with KB's overlaping orbs in proc 0. Max # of overlaps:      32     164

InitMesh: MESH = 24 x 24 x 72 = 41472
InitMesh: Mesh cutoff (required, used) =   300.000   319.167 Ry
New grid distribution [1]: sub = 2

        iscf     Eharris(eV)        E_KS(eV)     FreeEng(eV)     dDmax    Ef(eV) dHmax(eV)
   scf:    1     -654.280218     -654.268814     -654.268814  0.026636 -3.680325  0.068907
   scf:    2     -654.264435     -654.267835     -654.267835  0.001693 -3.675135  0.106543
   scf:    3     -654.269955     -654.269357     -654.269357  0.001030 -3.678988  0.015608
   scf:    4     -654.269367     -654.269362     -654.269362  0.000045 -3.679180  0.014102
   scf:    5     -654.269398     -654.269384     -654.269384  0.000399 -3.680933  0.003777
   scf:    6     -654.269385     -654.269385     -654.269385  0.000014 -3.680993  0.003409
   scf:    7     -654.269389     -654.269387     -654.269387  0.000108 -3.681355  0.001134
   scf:    8     -654.269387     -654.269387     -654.269387  0.000004 -3.681335  0.001018
   scf:    9     -654.269387     -654.269387     -654.269387  0.000024 -3.681279  0.000313

SCF Convergence by DM+H criterion
max |DM_out - DM_in|         :     0.0000238611
max |H_out - H_in|      (eV) :     0.0003131911
SCF cycle converged after 9 iterations

Using DM_out to compute the final energy and forces
No. of atoms with KB's overlaping orbs in proc 0. Max # of overlaps:      32     164

siesta: E_KS(eV) =             -654.2694

siesta: Atomic forces (eV/Ang):
----------------------------------------
   Tot   -0.000659   -0.006274   -0.002307
----------------------------------------
   Max    0.770554
   Res    0.371188    sqrt( Sum f_i^2 / 3N )
----------------------------------------
   Max    0.770554    constrained

Stress tensor Voigt[x,y,z,yz,xz,xy] (kbar):     -107.60      -84.82      -27.02        7.33        8.52       -5.53
(Free)E + p*V (eV/cell)     -652.6669
Target enthalpy (eV/cell)     -654.2694

                     ====================================
                        Begin CG opt. move =     31
                     ====================================

superc: Internal auxiliary supercell:     5 x     7 x     3  =     105
superc: Number of atoms, orbitals, and projectors:    420   5460   3360

outcell: Unit cell vectors (Ang):
        2.130000   -1.229756    0.000000
        2.130000    1.229756    0.000000
        0.000000    0.000000    6.700000

outcell: Cell vector modules (Ang)   :    2.459512    2.459512    6.700000
outcell: Cell angles (23,13,12) (deg):     90.0000     90.0000     60.0000
outcell: Cell volume (Ang**3)        :     35.0997
<dSpData1D:S at geom step 31
  <sparsity:sparsity for geom step 31
    nrows_g=52 nrows=52 sparsity=14.0747 nnzs=38058, refcount: 7>
  <dData1D:(new from dSpData1D) n=38058, refcount: 1>
refcount: 1>
new_DM -- step:    32
Re-using DM from previous geometries...
Number of DMs in history: 1
 DM extrapolation coefficients: 
1   1.00000
New DM after history re-use:
<dSpData2D:SpM extrapolated using coords
  <sparsity:sparsity for geom step 31
    nrows_g=52 nrows=52 sparsity=14.0747 nnzs=38058, refcount: 9>
  <dData2D:(temp array for extrapolation) n=38058 m=1, refcount: 1>
refcount: 1>
Note: For starting DM, Qtot, Tr[D*S] =         16.00000000         15.98111117
No. of atoms with KB's overlaping orbs in proc 0. Max # of overlaps:      32     165

InitMesh: MESH = 24 x 24 x 72 = 41472
InitMesh: Mesh cutoff (required, used) =   300.000   319.167 Ry
New grid distribution [1]: sub = 2

        iscf     Eharris(eV)        E_KS(eV)     FreeEng(eV)     dDmax    Ef(eV) dHmax(eV)
   scf:    1     -654.238609     -654.210049     -654.210049  0.042732 -3.708425  0.181179
   scf:    2     -654.200614     -654.208163     -654.208163  0.005010 -3.703774  0.229394
   scf:    3     -654.213089     -654.211571     -654.211571  0.002867 -3.707602  0.025445
   scf:    4     -654.211607     -654.211589     -654.211590  0.000074 -3.708059  0.024043
   scf:    5     -654.211663     -654.211637     -654.211637  0.000353 -3.710233  0.016177
   scf:    6     -654.211645     -654.211641     -654.211641  0.000039 -3.710508  0.014542
   scf:    7     -654.211663     -654.211654     -654.211654  0.000222 -3.712214  0.006157
   scf:    8     -654.211657     -654.211655     -654.211655  0.000037 -3.712343  0.005424
   scf:    9     -654.211661     -654.211659     -654.211659  0.000128 -3.712821  0.003041
   scf:   10     -654.211659     -654.211659     -654.211659  0.000013 -3.712782  0.002681
   scf:   11     -654.211660     -654.211660     -654.211660  0.000050 -3.712674  0.002101
   scf:   12     -654.211660     -654.211660     -654.211660  0.000006 -3.712653  0.001921
   scf:   13     -654.211660     -654.211660     -654.211660  0.000037 -3.712450  0.001014
   scf:   14     -654.211660     -654.211660     -654.211660  0.000004 -3.712409  0.000905

SCF Convergence by DM+H criterion
max |DM_out - DM_in|         :     0.0000042414
max |H_out - H_in|      (eV) :     0.0009050927
SCF cycle converged after 14 iterations

Using DM_out to compute the final energy and forces
No. of atoms with KB's overlaping orbs in proc 0. Max # of overlaps:      32     165

siesta: E_KS(eV) =             -654.2117

siesta: Atomic forces (eV/Ang):
----------------------------------------
   Tot   -0.002936   -0.005868    0.000396
----------------------------------------
   Max    2.023006
   Res    1.133539    sqrt( Sum f_i^2 / 3N )
----------------------------------------
   Max    2.023006    constrained

Stress tensor Voigt[x,y,z,yz,xz,xy] (kbar):     -115.16      -90.63      -15.78        2.68       14.41      -13.59
(Free)E + p*V (eV/cell)     -652.5937
Target enthalpy (eV/cell)     -654.2117

                     ====================================
                        Begin CG opt. move =     32
                     ====================================

superc: Internal auxiliary supercell:     5 x     7 x     3  =     105
superc: Number of atoms, orbitals, and projectors:    420   5460   3360

outcell: Unit cell vectors (Ang):
        2.130000   -1.229756    0.000000
        2.130000    1.229756    0.000000
        0.000000    0.000000    6.700000

outcell: Cell vector modules (Ang)   :    2.459512    2.459512    6.700000
outcell: Cell angles (23,13,12) (deg):     90.0000     90.0000     60.0000
outcell: Cell volume (Ang**3)        :     35.0997
<dSpData1D:S at geom step 32
  <sparsity:sparsity for geom step 32
    nrows_g=52 nrows=52 sparsity=13.9741 nnzs=37786, refcount: 7>
  <dData1D:(new from dSpData1D) n=37786, refcount: 1>
refcount: 1>
new_DM -- step:    33
Re-using DM from previous geometries...
Number of DMs in history: 1
 DM extrapolation coefficients: 
1   1.00000
New DM after history re-use:
<dSpData2D:SpM extrapolated using coords
  <sparsity:sparsity for geom step 32
    nrows_g=52 nrows=52 sparsity=13.9741 nnzs=37786, refcount: 9>
  <dData2D:(temp array for extrapolation) n=37786 m=1, refcount: 1>
refcount: 1>
No. of atoms with KB's overlaping orbs in proc 0. Max # of overlaps:      32     164

InitMesh: MESH = 24 x 24 x 72 = 41472
InitMesh: Mesh cutoff (required, used) =   300.000   319.167 Ry
New grid distribution [1]: sub = 2

        iscf     Eharris(eV)        E_KS(eV)     FreeEng(eV)     dDmax    Ef(eV) dHmax(eV)
   scf:    1     -654.258346     -654.269585     -654.269585  0.038234 -3.684419  0.063041
   scf:    2     -654.266019     -654.268848     -654.268848  0.001785 -3.689775  0.098610
   scf:    3     -654.270557     -654.270124     -654.270124  0.001114 -3.686239  0.013359
   scf:    4     -654.270139     -654.270131     -654.270132  0.000033 -3.686075  0.012438
   scf:    5     -654.270214     -654.270179     -654.270179  0.000398 -3.684038  0.002653
   scf:    6     -654.270179     -654.270179     -654.270179  0.000011 -3.684017  0.002294
   scf:    7     -654.270180     -654.270180     -654.270180  0.000075 -3.683934  0.000623

SCF Convergence by DM+H criterion
max |DM_out - DM_in|         :     0.0000746874
max |H_out - H_in|      (eV) :     0.0006229862
SCF cycle converged after 7 iterations

Using DM_out to compute the final energy and forces
No. of atoms with KB's overlaping orbs in proc 0. Max # of overlaps:      32     164

siesta: E_KS(eV) =             -654.2702

siesta: Atomic forces (eV/Ang):
----------------------------------------
   Tot   -0.000672   -0.006371   -0.003218
----------------------------------------
   Max    0.903441
   Res    0.418525    sqrt( Sum f_i^2 / 3N )
----------------------------------------
   Max    0.903441    constrained

Stress tensor Voigt[x,y,z,yz,xz,xy] (kbar):     -108.04      -85.01      -26.11        7.20        8.69       -6.41
(Free)E + p*V (eV/cell)     -652.6697
Target enthalpy (eV/cell)     -654.2702

cgvc: Finished line minimization    7.  Mean atomic displacement =    0.0439

                     ====================================
                        Begin CG opt. move =     33
                     ====================================

superc: Internal auxiliary supercell:     5 x     7 x     3  =     105
superc: Number of atoms, orbitals, and projectors:    420   5460   3360

outcell: Unit cell vectors (Ang):
        2.130000   -1.229756    0.000000
        2.130000    1.229756    0.000000
        0.000000    0.000000    6.700000

outcell: Cell vector modules (Ang)   :    2.459512    2.459512    6.700000
outcell: Cell angles (23,13,12) (deg):     90.0000     90.0000     60.0000
outcell: Cell volume (Ang**3)        :     35.0997
<dSpData1D:S at geom step 33
  <sparsity:sparsity for geom step 33
    nrows_g=52 nrows=52 sparsity=14.0695 nnzs=38044, refcount: 7>
  <dData1D:(new from dSpData1D) n=38044, refcount: 1>
refcount: 1>
new_DM -- step:    34
Re-using DM from previous geometries...
Number of DMs in history: 1
 DM extrapolation coefficients: 
1   1.00000
New DM after history re-use:
<dSpData2D:SpM extrapolated using coords
  <sparsity:sparsity for geom step 33
    nrows_g=52 nrows=52 sparsity=14.0695 nnzs=38044, refcount: 9>
  <dData2D:(temp array for extrapolation) n=38044 m=1, refcount: 1>
refcount: 1>
No. of atoms with KB's overlaping orbs in proc 0. Max # of overlaps:      32     165

InitMesh: MESH = 24 x 24 x 72 = 41472
InitMesh: Mesh cutoff (required, used) =   300.000   319.167 Ry
New grid distribution [1]: sub = 2

        iscf     Eharris(eV)        E_KS(eV)     FreeEng(eV)     dDmax    Ef(eV) dHmax(eV)
   scf:    1     -654.298731     -654.275423     -654.275424  0.020821 -3.706127  0.101742
   scf:    2     -654.268482     -654.273943     -654.273944  0.001830 -3.702004  0.149694
   scf:    3     -654.277392     -654.276398     -654.276399  0.001102 -3.705942  0.023372
   scf:    4     -654.276418     -654.276408     -654.276409  0.000040 -3.706257  0.021810
   scf:    5     -654.276479     -654.276453     -654.276454  0.000343 -3.709019  0.007648
   scf:    6     -654.276456     -654.276454     -654.276455  0.000019 -3.709115  0.006729
   scf:    7     -654.276464     -654.276460     -654.276461  0.000145 -3.709806  0.001596
   scf:    8     -654.276460     -654.276460     -654.276461  0.000004 -3.709794  0.001441
   scf:    9     -654.276460     -654.276460     -654.276461  0.000025 -3.709717  0.000590

SCF Convergence by DM+H criterion
max |DM_out - DM_in|         :     0.0000248448
max |H_out - H_in|      (eV) :     0.0005904035
SCF cycle converged after 9 iterations

Using DM_out to compute the final energy and forces
No. of atoms with KB's overlaping orbs in proc 0. Max # of overlaps:      32     165

siesta: E_KS(eV) =             -654.2765

siesta: Atomic forces (eV/Ang):
----------------------------------------
   Tot   -0.001798   -0.005309   -0.000592
----------------------------------------
   Max    1.242996
   Res    0.610289    sqrt( Sum f_i^2 / 3N )
----------------------------------------
   Max    1.242996    constrained

Stress tensor Voigt[x,y,z,yz,xz,xy] (kbar):      -78.75     -117.24      -17.18        5.62        6.64       -1.88
(Free)E + p*V (eV/cell)     -652.7198
Target enthalpy (eV/cell)     -654.2765

                     ====================================
                        Begin CG opt. move =     34
                     ====================================

superc: Internal auxiliary supercell:     5 x     7 x     3  =     105
superc: Number of atoms, orbitals, and projectors:    420   5460   3360

outcell: Unit cell vectors (Ang):
        2.130000   -1.229756    0.000000
        2.130000    1.229756    0.000000
        0.000000    0.000000    6.700000

outcell: Cell vector modules (Ang)   :    2.459512    2.459512    6.700000
outcell: Cell angles (23,13,12) (deg):     90.0000     90.0000     60.0000
outcell: Cell volume (Ang**3)        :     35.0997
<dSpData1D:S at geom step 34
  <sparsity:sparsity for geom step 34
    nrows_g=52 nrows=52 sparsity=14.0266 nnzs=37928, refcount: 7>
  <dData1D:(new from dSpData1D) n=37928, refcount: 1>
refcount: 1>
new_DM -- step:    35
Re-using DM from previous geometries...
Number of DMs in history: 1
 DM extrapolation coefficients: 
1   1.00000
New DM after history re-use:
<dSpData2D:SpM extrapolated using coords
  <sparsity:sparsity for geom step 34
    nrows_g=52 nrows=52 sparsity=14.0266 nnzs=37928, refcount: 9>
  <dData2D:(temp array for extrapolation) n=37928 m=1, refcount: 1>
refcount: 1>
No. of atoms with KB's overlaping orbs in proc 0. Max # of overlaps:      32     164

InitMesh: MESH = 24 x 24 x 72 = 41472
InitMesh: Mesh cutoff (required, used) =   300.000   319.167 Ry
New grid distribution [1]: sub = 2

        iscf     Eharris(eV)        E_KS(eV)     FreeEng(eV)     dDmax    Ef(eV) dHmax(eV)
   scf:    1     -654.278565     -654.284792     -654.284793  0.008872 -3.699745  0.026531
   scf:    2     -654.283770     -654.284570     -654.284570  0.000758 -3.702121  0.049747
   scf:    3     -654.285056     -654.284929     -654.284929  0.000476 -3.700534  0.010813
   scf:    4     -654.284932     -654.284930     -654.284931  0.000012 -3.700435  0.010072
   scf:    5     -654.284946     -654.284939     -654.284939  0.000133 -3.699313  0.001570
   scf:    6     -654.284939     -654.284939     -654.284939  0.000005 -3.699299  0.001336
   scf:    7     -654.284940     -654.284940     -654.284940  0.000035 -3.699207  0.000395

SCF Convergence by DM+H criterion
max |DM_out - DM_in|         :     0.0000352318
max |H_out - H_in|      (eV) :     0.0003951738
SCF cycle converged after 7 iterations

Using DM_out to compute the final energy and forces
No. of atoms with KB's overlaping orbs in proc 0. Max # of overlaps:      32     164

siesta: E_KS(eV) =             -654.2849

siesta: Atomic forces (eV/Ang):
----------------------------------------
   Tot   -0.000956   -0.005565   -0.002214
----------------------------------------
   Max    0.572682
   Res    0.309324    sqrt( Sum f_i^2 / 3N )
----------------------------------------
   Max    0.572682    constrained

Stress tensor Voigt[x,y,z,yz,xz,xy] (kbar):      -89.64     -102.68      -21.07        6.41        8.18       -3.85
(Free)E + p*V (eV/cell)     -652.7266
Target enthalpy (eV/cell)     -654.2849

cgvc: Finished line minimization    8.  Mean atomic displacement =    0.0253

                     ====================================
                        Begin CG opt. move =     35
                     ====================================

superc: Internal auxiliary supercell:     5 x     7 x     3  =     105
superc: Number of atoms, orbitals, and projectors:    420   5460   3360

outcell: Unit cell vectors (Ang):
        2.130000   -1.229756    0.000000
        2.130000    1.229756    0.000000
        0.000000    0.000000    6.700000

outcell: Cell vector modules (Ang)   :    2.459512    2.459512    6.700000
outcell: Cell angles (23,13,12) (deg):     90.0000     90.0000     60.0000
outcell: Cell volume (Ang**3)        :     35.0997
<dSpData1D:S at geom step 35
  <sparsity:sparsity for geom step 35
    nrows_g=52 nrows=52 sparsity=14.0932 nnzs=38108, refcount: 7>
  <dData1D:(new from dSpData1D) n=38108, refcount: 1>
refcount: 1>
new_DM -- step:    36
Re-using DM from previous geometries...
Number of DMs in history: 1
 DM extrapolation coefficients: 
1   1.00000
New DM after history re-use:
<dSpData2D:SpM extrapolated using coords
  <sparsity:sparsity for geom step 35
    nrows_g=52 nrows=52 sparsity=14.0932 nnzs=38108, refcount: 9>
  <dData2D:(temp array for extrapolation) n=38108 m=1, refcount: 1>
refcount: 1>
No. of atoms with KB's overlaping orbs in proc 0. Max # of overlaps:      32     164

InitMesh: MESH = 24 x 24 x 72 = 41472
InitMesh: Mesh cutoff (required, used) =   300.000   319.167 Ry
New grid distribution [1]: sub = 2

        iscf     Eharris(eV)        E_KS(eV)     FreeEng(eV)     dDmax    Ef(eV) dHmax(eV)
   scf:    1     -654.313829     -654.300524     -654.300524  0.015859 -3.723339  0.050442
   scf:    2     -654.296363     -654.299514     -654.299514  0.001326 -3.720119  0.097765
   scf:    3     -654.301391     -654.300916     -654.300916  0.000867 -3.722501  0.012228
   scf:    4     -654.300918     -654.300917     -654.300917  0.000024 -3.722685  0.011211
   scf:    5     -654.300927     -654.300923     -654.300923  0.000268 -3.724763  0.002295
   scf:    6     -654.300923     -654.300923     -654.300923  0.000009 -3.724813  0.002070
   scf:    7     -654.300924     -654.300923     -654.300924  0.000062 -3.725124  0.000576

SCF Convergence by DM+H criterion
max |DM_out - DM_in|         :     0.0000618121
max |H_out - H_in|      (eV) :     0.0005764450
SCF cycle converged after 7 iterations

Using DM_out to compute the final energy and forces
No. of atoms with KB's overlaping orbs in proc 0. Max # of overlaps:      32     164

siesta: E_KS(eV) =             -654.3009

siesta: Atomic forces (eV/Ang):
----------------------------------------
   Tot   -0.002054   -0.005455    0.000058
----------------------------------------
   Max    0.598300
   Res    0.302282    sqrt( Sum f_i^2 / 3N )
----------------------------------------
   Max    0.598300    constrained

Stress tensor Voigt[x,y,z,yz,xz,xy] (kbar):      -94.98      -98.52      -14.62        6.27        7.26       -0.87
(Free)E + p*V (eV/cell)     -652.7811
Target enthalpy (eV/cell)     -654.3009

                     ====================================
                        Begin CG opt. move =     36
                     ====================================

superc: Internal auxiliary supercell:     5 x     7 x     3  =     105
superc: Number of atoms, orbitals, and projectors:    420   5460   3360

outcell: Unit cell vectors (Ang):
        2.130000   -1.229756    0.000000
        2.130000    1.229756    0.000000
        0.000000    0.000000    6.700000

outcell: Cell vector modules (Ang)   :    2.459512    2.459512    6.700000
outcell: Cell angles (23,13,12) (deg):     90.0000     90.0000     60.0000
outcell: Cell volume (Ang**3)        :     35.0997
<dSpData1D:S at geom step 36
  <sparsity:sparsity for geom step 36
    nrows_g=52 nrows=52 sparsity=14.1583 nnzs=38284, refcount: 7>
  <dData1D:(new from dSpData1D) n=38284, refcount: 1>
refcount: 1>
new_DM -- step:    37
Re-using DM from previous geometries...
Number of DMs in history: 1
 DM extrapolation coefficients: 
1   1.00000
New DM after history re-use:
<dSpData2D:SpM extrapolated using coords
  <sparsity:sparsity for geom step 36
    nrows_g=52 nrows=52 sparsity=14.1583 nnzs=38284, refcount: 9>
  <dData2D:(temp array for extrapolation) n=38284 m=1, refcount: 1>
refcount: 1>
No. of atoms with KB's overlaping orbs in proc 0. Max # of overlaps:      32     164

InitMesh: MESH = 24 x 24 x 72 = 41472
InitMesh: Mesh cutoff (required, used) =   300.000   319.167 Ry
New grid distribution [1]: sub = 2

        iscf     Eharris(eV)        E_KS(eV)     FreeEng(eV)     dDmax    Ef(eV) dHmax(eV)
   scf:    1     -654.321679     -654.307231     -654.307231  0.019407 -3.747914  0.078685
   scf:    2     -654.297027     -654.304751     -654.304751  0.002066 -3.744196  0.152739
   scf:    3     -654.309366     -654.308189     -654.308189  0.001348 -3.747133  0.019306
   scf:    4     -654.308194     -654.308191     -654.308192  0.000037 -3.747424  0.017686
   scf:    5     -654.308217     -654.308206     -654.308207  0.000398 -3.750563  0.003841
   scf:    6     -654.308207     -654.308207     -654.308207  0.000015 -3.750631  0.003484
   scf:    7     -654.308208     -654.308208     -654.308208  0.000108 -3.751093  0.000925
   scf:    8     -654.308208     -654.308208     -654.308208  0.000002 -3.751097  0.000844

SCF Convergence by DM+H criterion
max |DM_out - DM_in|         :     0.0000016470
max |H_out - H_in|      (eV) :     0.0008444099
SCF cycle converged after 8 iterations

Using DM_out to compute the final energy and forces
No. of atoms with KB's overlaping orbs in proc 0. Max # of overlaps:      32     164

siesta: E_KS(eV) =             -654.3082

siesta: Atomic forces (eV/Ang):
----------------------------------------
   Tot   -0.002580   -0.004515    0.002710
----------------------------------------
   Max    0.967022
   Res    0.632595    sqrt( Sum f_i^2 / 3N )
----------------------------------------
   Max    0.967022    constrained

Stress tensor Voigt[x,y,z,yz,xz,xy] (kbar):     -105.31      -93.73       -5.26        6.30        5.91        3.72
(Free)E + p*V (eV/cell)     -652.8163
Target enthalpy (eV/cell)     -654.3082

                     ====================================
                        Begin CG opt. move =     37
                     ====================================

superc: Internal auxiliary supercell:     5 x     7 x     3  =     105
superc: Number of atoms, orbitals, and projectors:    420   5460   3360

outcell: Unit cell vectors (Ang):
        2.130000   -1.229756    0.000000
        2.130000    1.229756    0.000000
        0.000000    0.000000    6.700000

outcell: Cell vector modules (Ang)   :    2.459512    2.459512    6.700000
outcell: Cell angles (23,13,12) (deg):     90.0000     90.0000     60.0000
outcell: Cell volume (Ang**3)        :     35.0997
<dSpData1D:S at geom step 37
  <sparsity:sparsity for geom step 37
    nrows_g=52 nrows=52 sparsity=14.1583 nnzs=38284, refcount: 7>
  <dData1D:(new from dSpData1D) n=38284, refcount: 1>
refcount: 1>
new_DM -- step:    38
Re-using DM from previous geometries...
Number of DMs in history: 1
 DM extrapolation coefficients: 
1   1.00000
New DM after history re-use:
<dSpData2D:SpM extrapolated using coords
  <sparsity:sparsity for geom step 37
    nrows_g=52 nrows=52 sparsity=14.1583 nnzs=38284, refcount: 9>
  <dData2D:(temp array for extrapolation) n=38284 m=1, refcount: 1>
refcount: 1>
No. of atoms with KB's overlaping orbs in proc 0. Max # of overlaps:      32     164

InitMesh: MESH = 24 x 24 x 72 = 41472
InitMesh: Mesh cutoff (required, used) =   300.000   319.167 Ry
New grid distribution [1]: sub = 2

        iscf     Eharris(eV)        E_KS(eV)     FreeEng(eV)     dDmax    Ef(eV) dHmax(eV)
   scf:    1     -654.306462     -654.308525     -654.308525  0.003570 -3.748337  0.013476
   scf:    2     -654.308223     -654.308451     -654.308452  0.000356 -3.749158  0.026199
   scf:    3     -654.308587     -654.308553     -654.308553  0.000234 -3.748571  0.003037
   scf:    4     -654.308553     -654.308553     -654.308553  0.000006 -3.748522  0.002787
   scf:    5     -654.308554     -654.308554     -654.308554  0.000066 -3.748000  0.000610

SCF Convergence by DM+H criterion
max |DM_out - DM_in|         :     0.0000662555
max |H_out - H_in|      (eV) :     0.0006097675
SCF cycle converged after 5 iterations

Using DM_out to compute the final energy and forces
No. of atoms with KB's overlaping orbs in proc 0. Max # of overlaps:      32     164

siesta: E_KS(eV) =             -654.3086

siesta: Atomic forces (eV/Ang):
----------------------------------------
   Tot   -0.002674   -0.004669    0.002090
----------------------------------------
   Max    0.840432
   Res    0.563752    sqrt( Sum f_i^2 / 3N )
----------------------------------------
   Max    0.840432    constrained

Stress tensor Voigt[x,y,z,yz,xz,xy] (kbar):     -103.38      -94.40       -6.82        6.27        6.14        2.91
(Free)E + p*V (eV/cell)     -652.8144
Target enthalpy (eV/cell)     -654.3086

cgvc: Finished line minimization    9.  Mean atomic displacement =    0.0586

                     ====================================
                        Begin CG opt. move =     38
                     ====================================

superc: Internal auxiliary supercell:     5 x     7 x     3  =     105
superc: Number of atoms, orbitals, and projectors:    420   5460   3360

outcell: Unit cell vectors (Ang):
        2.130000   -1.229756    0.000000
        2.130000    1.229756    0.000000
        0.000000    0.000000    6.700000

outcell: Cell vector modules (Ang)   :    2.459512    2.459512    6.700000
outcell: Cell angles (23,13,12) (deg):     90.0000     90.0000     60.0000
outcell: Cell volume (Ang**3)        :     35.0997
<dSpData1D:S at geom step 38
  <sparsity:sparsity for geom step 38
    nrows_g=52 nrows=52 sparsity=14.3624 nnzs=38836, refcount: 7>
  <dData1D:(new from dSpData1D) n=38836, refcount: 1>
refcount: 1>
new_DM -- step:    39
Re-using DM from previous geometries...
Number of DMs in history: 1
 DM extrapolation coefficients: 
1   1.00000
New DM after history re-use:
<dSpData2D:SpM extrapolated using coords
  <sparsity:sparsity for geom step 38
    nrows_g=52 nrows=52 sparsity=14.3624 nnzs=38836, refcount: 9>
  <dData2D:(temp array for extrapolation) n=38836 m=1, refcount: 1>
refcount: 1>
No. of atoms with KB's overlaping orbs in proc 0. Max # of overlaps:      32     164

InitMesh: MESH = 24 x 24 x 72 = 41472
InitMesh: Mesh cutoff (required, used) =   300.000   319.167 Ry
New grid distribution [1]: sub = 2

        iscf     Eharris(eV)        E_KS(eV)     FreeEng(eV)     dDmax    Ef(eV) dHmax(eV)
   scf:    1     -654.363253     -654.345068     -654.345068  0.011633 -3.749365  0.112797
   scf:    2     -654.322458     -654.339487     -654.339487  0.003109 -3.739595  0.222782
   scf:    3     -654.349520     -654.347058     -654.347058  0.002065 -3.746535  0.020260
   scf:    4     -654.347062     -654.347060     -654.347061  0.000055 -3.746889  0.018705
   scf:    5     -654.347085     -654.347075     -654.347075  0.000715 -3.751587  0.002572
   scf:    6     -654.347075     -654.347075     -654.347075  0.000013 -3.751602  0.002283
   scf:    7     -654.347076     -654.347076     -654.347076  0.000075 -3.751685  0.000569

SCF Convergence by DM+H criterion
max |DM_out - DM_in|         :     0.0000745533
max |H_out - H_in|      (eV) :     0.0005693955
SCF cycle converged after 7 iterations

Using DM_out to compute the final energy and forces
No. of atoms with KB's overlaping orbs in proc 0. Max # of overlaps:      32     164

siesta: E_KS(eV) =             -654.3471

siesta: Atomic forces (eV/Ang):
----------------------------------------
   Tot   -0.004793   -0.002142    0.000354
----------------------------------------
   Max    0.614060
   Res    0.423760    sqrt( Sum f_i^2 / 3N )
----------------------------------------
   Max    0.614060    constrained

Stress tensor Voigt[x,y,z,yz,xz,xy] (kbar):     -109.48      -89.75        5.58        4.68        5.62        0.09
(Free)E + p*V (eV/cell)     -652.9330
Target enthalpy (eV/cell)     -654.3471

                     ====================================
                        Begin CG opt. move =     39
                     ====================================

superc: Internal auxiliary supercell:     5 x     7 x     3  =     105
superc: Number of atoms, orbitals, and projectors:    420   5460   3360

outcell: Unit cell vectors (Ang):
        2.130000   -1.229756    0.000000
        2.130000    1.229756    0.000000
        0.000000    0.000000    6.700000

outcell: Cell vector modules (Ang)   :    2.459512    2.459512    6.700000
outcell: Cell angles (23,13,12) (deg):     90.0000     90.0000     60.0000
outcell: Cell volume (Ang**3)        :     35.0997
<dSpData1D:S at geom step 39
  <sparsity:sparsity for geom step 39
    nrows_g=52 nrows=52 sparsity=14.3928 nnzs=38918, refcount: 7>
  <dData1D:(new from dSpData1D) n=38918, refcount: 1>
refcount: 1>
new_DM -- step:    40
Re-using DM from previous geometries...
Number of DMs in history: 1
 DM extrapolation coefficients: 
1   1.00000
New DM after history re-use:
<dSpData2D:SpM extrapolated using coords
  <sparsity:sparsity for geom step 39
    nrows_g=52 nrows=52 sparsity=14.3928 nnzs=38918, refcount: 9>
  <dData2D:(temp array for extrapolation) n=38918 m=1, refcount: 1>
refcount: 1>
No. of atoms with KB's overlaping orbs in proc 0. Max # of overlaps:      32     156

InitMesh: MESH = 24 x 24 x 72 = 41472
InitMesh: Mesh cutoff (required, used) =   300.000   319.167 Ry
New grid distribution [1]: sub = 2

        iscf     Eharris(eV)        E_KS(eV)     FreeEng(eV)     dDmax    Ef(eV) dHmax(eV)
   scf:    1     -654.388341     -654.376594     -654.376601  0.015481 -3.727149  0.170557
   scf:    2     -654.324465     -654.363688     -654.363698  0.004705 -3.721488  0.337862
   scf:    3     -654.386868     -654.381128     -654.381136  0.003117 -3.725826  0.028433
   scf:    4     -654.381137     -654.381132     -654.381141  0.000076 -3.726331  0.026224
   scf:    5     -654.381180     -654.381161     -654.381170  0.000978 -3.732957  0.003370
   scf:    6     -654.381162     -654.381162     -654.381170  0.000020 -3.733009  0.003021
   scf:    7     -654.381164     -654.381163     -654.381172  0.000111 -3.733290  0.000973
   scf:    8     -654.381163     -654.381163     -654.381172  0.000004 -3.733279  0.000871

SCF Convergence by DM+H criterion
max |DM_out - DM_in|         :     0.0000037551
max |H_out - H_in|      (eV) :     0.0008705547
SCF cycle converged after 8 iterations

Using DM_out to compute the final energy and forces
No. of atoms with KB's overlaping orbs in proc 0. Max # of overlaps:      32     156

siesta: E_KS(eV) =             -654.3812

siesta: Atomic forces (eV/Ang):
----------------------------------------
   Tot   -0.006109    0.001456   -0.000185
----------------------------------------
   Max    1.061912
   Res    0.521947    sqrt( Sum f_i^2 / 3N )
----------------------------------------
   Max    1.061912    constrained

Stress tensor Voigt[x,y,z,yz,xz,xy] (kbar):     -120.81      -83.34       20.50        2.41        4.72       -4.81
(Free)E + p*V (eV/cell)     -653.0400
Target enthalpy (eV/cell)     -654.3812

                     ====================================
                        Begin CG opt. move =     40
                     ====================================

superc: Internal auxiliary supercell:     5 x     7 x     3  =     105
superc: Number of atoms, orbitals, and projectors:    420   5460   3360

outcell: Unit cell vectors (Ang):
        2.130000   -1.229756    0.000000
        2.130000    1.229756    0.000000
        0.000000    0.000000    6.700000

outcell: Cell vector modules (Ang)   :    2.459512    2.459512    6.700000
outcell: Cell angles (23,13,12) (deg):     90.0000     90.0000     60.0000
outcell: Cell volume (Ang**3)        :     35.0997
<dSpData1D:S at geom step 40
  <sparsity:sparsity for geom step 40
    nrows_g=52 nrows=52 sparsity=14.2737 nnzs=38596, refcount: 7>
  <dData1D:(new from dSpData1D) n=38596, refcount: 1>
refcount: 1>
new_DM -- step:    41
Re-using DM from previous geometries...
Number of DMs in history: 1
 DM extrapolation coefficients: 
1   1.00000
New DM after history re-use:
<dSpData2D:SpM extrapolated using coords
  <sparsity:sparsity for geom step 40
    nrows_g=52 nrows=52 sparsity=14.2737 nnzs=38596, refcount: 9>
  <dData2D:(temp array for extrapolation) n=38596 m=1, refcount: 1>
refcount: 1>
No. of atoms with KB's overlaping orbs in proc 0. Max # of overlaps:      32     150

InitMesh: MESH = 24 x 24 x 72 = 41472
InitMesh: Mesh cutoff (required, used) =   300.000   319.167 Ry
New grid distribution [1]: sub = 2

        iscf     Eharris(eV)        E_KS(eV)     FreeEng(eV)     dDmax    Ef(eV) dHmax(eV)
   scf:    1     -654.349173     -654.357771     -654.357864  0.020426 -3.755639  0.253868
   scf:    2     -654.240374     -654.328534     -654.328603  0.006919 -3.758800  0.504089
   scf:    3     -654.380757     -654.367723     -654.367807  0.004581 -3.757543  0.031495
   scf:    4     -654.367739     -654.367731     -654.367815  0.000087 -3.757965  0.028996
   scf:    5     -654.367793     -654.367773     -654.367858  0.001043 -3.763260  0.007100
   scf:    6     -654.367776     -654.367775     -654.367860  0.000041 -3.763413  0.006210
   scf:    7     -654.367783     -654.367780     -654.367864  0.000239 -3.764281  0.001810
   scf:    8     -654.367780     -654.367780     -654.367864  0.000008 -3.764289  0.001629
   scf:    9     -654.367780     -654.367780     -654.367864  0.000063 -3.764350  0.000398

SCF Convergence by DM+H criterion
max |DM_out - DM_in|         :     0.0000630071
max |H_out - H_in|      (eV) :     0.0003975876
SCF cycle converged after 9 iterations

Using DM_out to compute the final energy and forces
No. of atoms with KB's overlaping orbs in proc 0. Max # of overlaps:      32     150

siesta: E_KS(eV) =             -654.3678

siesta: Atomic forces (eV/Ang):
----------------------------------------
   Tot   -0.003105    0.006911   -0.001493
----------------------------------------
   Max    2.648286
   Res    1.118671    sqrt( Sum f_i^2 / 3N )
----------------------------------------
   Max    2.648286    constrained

Stress tensor Voigt[x,y,z,yz,xz,xy] (kbar):     -142.62      -75.67       34.24       -0.36        3.21      -11.05
(Free)E + p*V (eV/cell)     -653.0239
Target enthalpy (eV/cell)     -654.3679

                     ====================================
                        Begin CG opt. move =     41
                     ====================================

superc: Internal auxiliary supercell:     5 x     7 x     3  =     105
superc: Number of atoms, orbitals, and projectors:    420   5460   3360

outcell: Unit cell vectors (Ang):
        2.130000   -1.229756    0.000000
        2.130000    1.229756    0.000000
        0.000000    0.000000    6.700000

outcell: Cell vector modules (Ang)   :    2.459512    2.459512    6.700000
outcell: Cell angles (23,13,12) (deg):     90.0000     90.0000     60.0000
outcell: Cell volume (Ang**3)        :     35.0997
<dSpData1D:S at geom step 41
  <sparsity:sparsity for geom step 41
    nrows_g=52 nrows=52 sparsity=14.1568 nnzs=38280, refcount: 7>
  <dData1D:(new from dSpData1D) n=38280, refcount: 1>
refcount: 1>
new_DM -- step:    42
Re-using DM from previous geometries...
Number of DMs in history: 1
 DM extrapolation coefficients: 
1   1.00000
New DM after history re-use:
<dSpData2D:SpM extrapolated using coords
  <sparsity:sparsity for geom step 41
    nrows_g=52 nrows=52 sparsity=14.1568 nnzs=38280, refcount: 9>
  <dData2D:(temp array for extrapolation) n=38280 m=1, refcount: 1>
refcount: 1>
No. of atoms with KB's overlaping orbs in proc 0. Max # of overlaps:      32     148

InitMesh: MESH = 24 x 24 x 72 = 41472
InitMesh: Mesh cutoff (required, used) =   300.000   319.167 Ry
New grid distribution [1]: sub = 2

        iscf     Eharris(eV)        E_KS(eV)     FreeEng(eV)     dDmax    Ef(eV) dHmax(eV)
   scf:    1     -654.377549     -654.381498     -654.381548  0.013670 -3.737398  0.167131
   scf:    2     -654.330633     -654.368851     -654.368892  0.004595 -3.750951  0.333097
   scf:    3     -654.391468     -654.385838     -654.385884  0.003057 -3.741863  0.019209
   scf:    4     -654.385843     -654.385840     -654.385887  0.000048 -3.741658  0.017532
   scf:    5     -654.385869     -654.385857     -654.385903  0.000550 -3.739219  0.004339
   scf:    6     -654.385858     -654.385858     -654.385903  0.000015 -3.739139  0.003852
   scf:    7     -654.385859     -654.385859     -654.385904  0.000114 -3.738541  0.000853
   scf:    8     -654.385859     -654.385859     -654.385904  0.000001 -3.738543  0.000771

SCF Convergence by DM+H criterion
max |DM_out - DM_in|         :     0.0000014868
max |H_out - H_in|      (eV) :     0.0007705524
SCF cycle converged after 8 iterations

Using DM_out to compute the final energy and forces
No. of atoms with KB's overlaping orbs in proc 0. Max # of overlaps:      32     148

siesta: E_KS(eV) =             -654.3859

siesta: Atomic forces (eV/Ang):
----------------------------------------
   Tot   -0.005556    0.004362    0.001622
----------------------------------------
   Max    1.594698
   Res    0.699952    sqrt( Sum f_i^2 / 3N )
----------------------------------------
   Max    1.594698    constrained

Stress tensor Voigt[x,y,z,yz,xz,xy] (kbar):     -127.53      -80.40       26.66        1.28        4.14       -7.38
(Free)E + p*V (eV/cell)     -653.0622
Target enthalpy (eV/cell)     -654.3859

cgvc: Finished line minimization   10.  Mean atomic displacement =    0.1891

                     ====================================
                        Begin CG opt. move =     42
                     ====================================

superc: Internal auxiliary supercell:     5 x     7 x     3  =     105
superc: Number of atoms, orbitals, and projectors:    420   5460   3360

outcell: Unit cell vectors (Ang):
        2.130000   -1.229756    0.000000
        2.130000    1.229756    0.000000
        0.000000    0.000000    6.700000

outcell: Cell vector modules (Ang)   :    2.459512    2.459512    6.700000
outcell: Cell angles (23,13,12) (deg):     90.0000     90.0000     60.0000
outcell: Cell volume (Ang**3)        :     35.0997
<dSpData1D:S at geom step 42
  <sparsity:sparsity for geom step 42
    nrows_g=52 nrows=52 sparsity=14.1746 nnzs=38328, refcount: 7>
  <dData1D:(new from dSpData1D) n=38328, refcount: 1>
refcount: 1>
new_DM -- step:    43
Re-using DM from previous geometries...
Number of DMs in history: 1
 DM extrapolation coefficients: 
1   1.00000
New DM after history re-use:
<dSpData2D:SpM extrapolated using coords
  <sparsity:sparsity for geom step 42
    nrows_g=52 nrows=52 sparsity=14.1746 nnzs=38328, refcount: 9>
  <dData2D:(temp array for extrapolation) n=38328 m=1, refcount: 1>
refcount: 1>
No. of atoms with KB's overlaping orbs in proc 0. Max # of overlaps:      32     148

InitMesh: MESH = 24 x 24 x 72 = 41472
InitMesh: Mesh cutoff (required, used) =   300.000   319.167 Ry
New grid distribution [1]: sub = 2

        iscf     Eharris(eV)        E_KS(eV)     FreeEng(eV)     dDmax    Ef(eV) dHmax(eV)
   scf:    1     -654.391405     -654.397178     -654.397205  0.024550 -3.767102  0.305869
   scf:    2     -654.224941     -654.354333     -654.354356  0.008376 -3.779192  0.610188
   scf:    3     -654.431107     -654.411861     -654.411886  0.005541 -3.771162  0.030187
   scf:    4     -654.411895     -654.411878     -654.411903  0.000083 -3.771570  0.028156
   scf:    5     -654.412043     -654.411978     -654.412001  0.001018 -3.776787  0.007159
   scf:    6     -654.411982     -654.411980     -654.412003  0.000040 -3.776882  0.006245
   scf:    7     -654.411988     -654.411985     -654.412008  0.000226 -3.777398  0.001321
   scf:    8     -654.411985     -654.411985     -654.412008  0.000007 -3.777391  0.001199
   scf:    9     -654.411986     -654.411986     -654.412008  0.000059 -3.777325  0.000282

SCF Convergence by DM+H criterion
max |DM_out - DM_in|         :     0.0000592893
max |H_out - H_in|      (eV) :     0.0002824359
SCF cycle converged after 9 iterations

Using DM_out to compute the final energy and forces
No. of atoms with KB's overlaping orbs in proc 0. Max # of overlaps:      32     148

siesta: E_KS(eV) =             -654.4120

siesta: Atomic forces (eV/Ang):
----------------------------------------
   Tot   -0.001188    0.012942    0.001723
----------------------------------------
   Max    0.876763
   Res    0.659195    sqrt( Sum f_i^2 / 3N )
----------------------------------------
   Max    0.876763    constrained

Stress tensor Voigt[x,y,z,yz,xz,xy] (kbar):      -85.43     -123.89       36.15        0.49       -0.96       -1.12
(Free)E + p*V (eV/cell)     -653.1474
Target enthalpy (eV/cell)     -654.4120

                     ====================================
                        Begin CG opt. move =     43
                     ====================================

superc: Internal auxiliary supercell:     5 x     7 x     3  =     105
superc: Number of atoms, orbitals, and projectors:    420   5460   3360

outcell: Unit cell vectors (Ang):
        2.130000   -1.229756    0.000000
        2.130000    1.229756    0.000000
        0.000000    0.000000    6.700000

outcell: Cell vector modules (Ang)   :    2.459512    2.459512    6.700000
outcell: Cell angles (23,13,12) (deg):     90.0000     90.0000     60.0000
outcell: Cell volume (Ang**3)        :     35.0997
<dSpData1D:S at geom step 43
  <sparsity:sparsity for geom step 43
    nrows_g=52 nrows=52 sparsity=14.2012 nnzs=38400, refcount: 7>
  <dData1D:(new from dSpData1D) n=38400, refcount: 1>
refcount: 1>
new_DM -- step:    44
Re-using DM from previous geometries...
Number of DMs in history: 1
 DM extrapolation coefficients: 
1   1.00000
New DM after history re-use:
<dSpData2D:SpM extrapolated using coords
  <sparsity:sparsity for geom step 43
    nrows_g=52 nrows=52 sparsity=14.2012 nnzs=38400, refcount: 9>
  <dData2D:(temp array for extrapolation) n=38400 m=1, refcount: 1>
refcount: 1>
No. of atoms with KB's overlaping orbs in proc 0. Max # of overlaps:      32     148

InitMesh: MESH = 24 x 24 x 72 = 41472
InitMesh: Mesh cutoff (required, used) =   300.000   319.167 Ry
New grid distribution [1]: sub = 2

        iscf     Eharris(eV)        E_KS(eV)     FreeEng(eV)     dDmax    Ef(eV) dHmax(eV)
   scf:    1     -654.423883     -654.423773     -654.423872  0.015388 -3.780841  0.112589
   scf:    2     -654.400615     -654.418027     -654.418100  0.003088 -3.782925  0.223659
   scf:    3     -654.428339     -654.425762     -654.425852  0.002046 -3.781603  0.010852
   scf:    4     -654.425766     -654.425764     -654.425854  0.000016 -3.781554  0.010115
   scf:    5     -654.425783     -654.425775     -654.425865  0.000178 -3.780953  0.002592
   scf:    6     -654.425775     -654.425775     -654.425866  0.000009 -3.780928  0.002303
   scf:    7     -654.425776     -654.425775     -654.425866  0.000059 -3.780768  0.000469

SCF Convergence by DM+H criterion
max |DM_out - DM_in|         :     0.0000586521
max |H_out - H_in|      (eV) :     0.0004689884
SCF cycle converged after 7 iterations

Using DM_out to compute the final energy and forces
No. of atoms with KB's overlaping orbs in proc 0. Max # of overlaps:      32     148

siesta: E_KS(eV) =             -654.4258

siesta: Atomic forces (eV/Ang):
----------------------------------------
   Tot   -0.005550    0.011541   -0.001339
----------------------------------------
   Max    0.445485
   Res    0.306644    sqrt( Sum f_i^2 / 3N )
----------------------------------------
   Max    0.445485    constrained

Stress tensor Voigt[x,y,z,yz,xz,xy] (kbar):      -97.85     -106.64       34.92        0.42        0.44       -2.74
(Free)E + p*V (eV/cell)     -653.1875
Target enthalpy (eV/cell)     -654.4259

cgvc: Finished line minimization   11.  Mean atomic displacement =    0.1197

                     ====================================
                        Begin CG opt. move =     44
                     ====================================

superc: Internal auxiliary supercell:     5 x     7 x     3  =     105
superc: Number of atoms, orbitals, and projectors:    420   5460   3360

outcell: Unit cell vectors (Ang):
        2.130000   -1.229756    0.000000
        2.130000    1.229756    0.000000
        0.000000    0.000000    6.700000

outcell: Cell vector modules (Ang)   :    2.459512    2.459512    6.700000
outcell: Cell angles (23,13,12) (deg):     90.0000     90.0000     60.0000
outcell: Cell volume (Ang**3)        :     35.0997
<dSpData1D:S at geom step 44
  <sparsity:sparsity for geom step 44
    nrows_g=52 nrows=52 sparsity=14.2041 nnzs=38408, refcount: 7>
  <dData1D:(new from dSpData1D) n=38408, refcount: 1>
refcount: 1>
new_DM -- step:    45
Re-using DM from previous geometries...
Number of DMs in history: 1
 DM extrapolation coefficients: 
1   1.00000
New DM after history re-use:
<dSpData2D:SpM extrapolated using coords
  <sparsity:sparsity for geom step 44
    nrows_g=52 nrows=52 sparsity=14.2041 nnzs=38408, refcount: 9>
  <dData2D:(temp array for extrapolation) n=38408 m=1, refcount: 1>
refcount: 1>
No. of atoms with KB's overlaping orbs in proc 0. Max # of overlaps:      32     149

InitMesh: MESH = 24 x 24 x 72 = 41472
InitMesh: Mesh cutoff (required, used) =   300.000   319.167 Ry
New grid distribution [1]: sub = 2

        iscf     Eharris(eV)        E_KS(eV)     FreeEng(eV)     dDmax    Ef(eV) dHmax(eV)
   scf:    1     -654.346411     -654.356068     -654.356068  0.023408 -3.772962  0.184006
   scf:    2     -654.298661     -654.342087     -654.342088  0.005121 -3.801456  0.356300
   scf:    3     -654.368316     -654.361415     -654.361416  0.003316 -3.787226  0.030178
   scf:    4     -654.361457     -654.361436     -654.361437  0.000047 -3.787700  0.027371
   scf:    5     -654.361635     -654.361553     -654.361553  0.000484 -3.792027  0.004763
   scf:    6     -654.361555     -654.361554     -654.361554  0.000012 -3.792049  0.004281
   scf:    7     -654.361562     -654.361559     -654.361559  0.000099 -3.792210  0.001881
   scf:    8     -654.361559     -654.361559     -654.361559  0.000004 -3.792189  0.001695
   scf:    9     -654.361559     -654.361559     -654.361559  0.000032 -3.792029  0.000455

SCF Convergence by DM+H criterion
max |DM_out - DM_in|         :     0.0000315630
max |H_out - H_in|      (eV) :     0.0004551302
SCF cycle converged after 9 iterations

Using DM_out to compute the final energy and forces
No. of atoms with KB's overlaping orbs in proc 0. Max # of overlaps:      32     149

siesta: E_KS(eV) =             -654.3616

siesta: Atomic forces (eV/Ang):
----------------------------------------
   Tot   -0.001507    0.008121    0.000052
----------------------------------------
   Max    1.932221
   Res    1.228442    sqrt( Sum f_i^2 / 3N )
----------------------------------------
   Max    1.932221    constrained

Stress tensor Voigt[x,y,z,yz,xz,xy] (kbar):     -116.32     -105.63       35.42       -1.28       -0.28       12.95
(Free)E + p*V (eV/cell)     -652.9994
Target enthalpy (eV/cell)     -654.3616

                     ====================================
                        Begin CG opt. move =     45
                     ====================================

superc: Internal auxiliary supercell:     5 x     7 x     3  =     105
superc: Number of atoms, orbitals, and projectors:    420   5460   3360

outcell: Unit cell vectors (Ang):
        2.130000   -1.229756    0.000000
        2.130000    1.229756    0.000000
        0.000000    0.000000    6.700000

outcell: Cell vector modules (Ang)   :    2.459512    2.459512    6.700000
outcell: Cell angles (23,13,12) (deg):     90.0000     90.0000     60.0000
outcell: Cell volume (Ang**3)        :     35.0997
<dSpData1D:S at geom step 45
  <sparsity:sparsity for geom step 45
    nrows_g=52 nrows=52 sparsity=14.1879 nnzs=38364, refcount: 7>
  <dData1D:(new from dSpData1D) n=38364, refcount: 1>
refcount: 1>
new_DM -- step:    46
Re-using DM from previous geometries...
Number of DMs in history: 1
 DM extrapolation coefficients: 
1   1.00000
New DM after history re-use:
<dSpData2D:SpM extrapolated using coords
  <sparsity:sparsity for geom step 45
    nrows_g=52 nrows=52 sparsity=14.1879 nnzs=38364, refcount: 9>
  <dData2D:(temp array for extrapolation) n=38364 m=1, refcount: 1>
refcount: 1>
No. of atoms with KB's overlaping orbs in proc 0. Max # of overlaps:      32     148

InitMesh: MESH = 24 x 24 x 72 = 41472
InitMesh: Mesh cutoff (required, used) =   300.000   319.167 Ry
New grid distribution [1]: sub = 2

        iscf     Eharris(eV)        E_KS(eV)     FreeEng(eV)     dDmax    Ef(eV) dHmax(eV)
   scf:    1     -654.444582     -654.429694     -654.429895  0.017838 -3.781137  0.140025
   scf:    2     -654.394982     -654.421245     -654.421375  0.003953 -3.782170  0.271956
   scf:    3     -654.436762     -654.432890     -654.433087  0.002599 -3.781705  0.019679
   scf:    4     -654.432910     -654.432900     -654.433098  0.000023 -3.781795  0.018402
   scf:    5     -654.432993     -654.432953     -654.433156  0.000204 -3.782628  0.006342
   scf:    6     -654.432960     -654.432957     -654.433159  0.000020 -3.782695  0.005648
   scf:    7     -654.432968     -654.432964     -654.433167  0.000106 -3.783015  0.003231
   scf:    8     -654.432964     -654.432964     -654.433167  0.000008 -3.783009  0.002796
   scf:    9     -654.432966     -654.432965     -654.433168  0.000034 -3.782976  0.001585
   scf:   10     -654.432965     -654.432965     -654.433168  0.000002 -3.782968  0.001480
   scf:   11     -654.432966     -654.432966     -654.433168  0.000023 -3.782892  0.000544

SCF Convergence by DM+H criterion
max |DM_out - DM_in|         :     0.0000225627
max |H_out - H_in|      (eV) :     0.0005443242
SCF cycle converged after 11 iterations

Using DM_out to compute the final energy and forces
No. of atoms with KB's overlaping orbs in proc 0. Max # of overlaps:      32     148

siesta: E_KS(eV) =             -654.4330

siesta: Atomic forces (eV/Ang):
----------------------------------------
   Tot   -0.004978    0.011660    0.000363
----------------------------------------
   Max    0.305225
   Res    0.159432    sqrt( Sum f_i^2 / 3N )
----------------------------------------
   Max    0.305225    constrained

Stress tensor Voigt[x,y,z,yz,xz,xy] (kbar):      -99.83     -104.24       35.49        0.14        0.48        0.63
(Free)E + p*V (eV/cell)     -653.2021
Target enthalpy (eV/cell)     -654.4332

cgvc: Finished line minimization   12.  Mean atomic displacement =    0.0283

                     ====================================
                        Begin CG opt. move =     46
                     ====================================

superc: Internal auxiliary supercell:     5 x     7 x     3  =     105
superc: Number of atoms, orbitals, and projectors:    420   5460   3360

outcell: Unit cell vectors (Ang):
        2.130000   -1.229756    0.000000
        2.130000    1.229756    0.000000
        0.000000    0.000000    6.700000

outcell: Cell vector modules (Ang)   :    2.459512    2.459512    6.700000
outcell: Cell angles (23,13,12) (deg):     90.0000     90.0000     60.0000
outcell: Cell volume (Ang**3)        :     35.0997
<dSpData1D:S at geom step 46
  <sparsity:sparsity for geom step 46
    nrows_g=52 nrows=52 sparsity=14.1760 nnzs=38332, refcount: 7>
  <dData1D:(new from dSpData1D) n=38332, refcount: 1>
refcount: 1>
new_DM -- step:    47
Re-using DM from previous geometries...
Number of DMs in history: 1
 DM extrapolation coefficients: 
1   1.00000
New DM after history re-use:
<dSpData2D:SpM extrapolated using coords
  <sparsity:sparsity for geom step 46
    nrows_g=52 nrows=52 sparsity=14.1760 nnzs=38332, refcount: 9>
  <dData2D:(temp array for extrapolation) n=38332 m=1, refcount: 1>
refcount: 1>
No. of atoms with KB's overlaping orbs in proc 0. Max # of overlaps:      32     148

InitMesh: MESH = 24 x 24 x 72 = 41472
InitMesh: Mesh cutoff (required, used) =   300.000   319.167 Ry
New grid distribution [1]: sub = 2

        iscf     Eharris(eV)        E_KS(eV)     FreeEng(eV)     dDmax    Ef(eV) dHmax(eV)
   scf:    1     -654.428335     -654.429401     -654.429526  0.015312 -3.777195  0.035672
   scf:    2     -654.427750     -654.429030     -654.429148  0.001091 -3.780781  0.062719
   scf:    3     -654.429797     -654.429602     -654.429724  0.000693 -3.778493  0.012701
   scf:    4     -654.429606     -654.429604     -654.429726  0.000012 -3.778532  0.011812
   scf:    5     -654.429631     -654.429619     -654.429739  0.000149 -3.779003  0.001187
   scf:    6     -654.429620     -654.429619     -654.429739  0.000005 -3.778999  0.001028
   scf:    7     -654.429620     -654.429620     -654.429740  0.000030 -3.778968  0.000185

SCF Convergence by DM+H criterion
max |DM_out - DM_in|         :     0.0000304130
max |H_out - H_in|      (eV) :     0.0001849783
SCF cycle converged after 7 iterations

Using DM_out to compute the final energy and forces
No. of atoms with KB's overlaping orbs in proc 0. Max # of overlaps:      32     148

siesta: E_KS(eV) =             -654.4296

siesta: Atomic forces (eV/Ang):
----------------------------------------
   Tot   -0.006741    0.012368    0.001529
----------------------------------------
   Max    0.842771
   Res    0.365762    sqrt( Sum f_i^2 / 3N )
----------------------------------------
   Max    0.842771    constrained

Stress tensor Voigt[x,y,z,yz,xz,xy] (kbar):     -114.84      -90.70       35.86        0.35       -0.01       -3.74
(Free)E + p*V (eV/cell)     -653.1906
Target enthalpy (eV/cell)     -654.4297

                     ====================================
                        Begin CG opt. move =     47
                     ====================================

superc: Internal auxiliary supercell:     5 x     7 x     3  =     105
superc: Number of atoms, orbitals, and projectors:    420   5460   3360

outcell: Unit cell vectors (Ang):
        2.130000   -1.229756    0.000000
        2.130000    1.229756    0.000000
        0.000000    0.000000    6.700000

outcell: Cell vector modules (Ang)   :    2.459512    2.459512    6.700000
outcell: Cell angles (23,13,12) (deg):     90.0000     90.0000     60.0000
outcell: Cell volume (Ang**3)        :     35.0997
<dSpData1D:S at geom step 47
  <sparsity:sparsity for geom step 47
    nrows_g=52 nrows=52 sparsity=14.1923 nnzs=38376, refcount: 7>
  <dData1D:(new from dSpData1D) n=38376, refcount: 1>
refcount: 1>
new_DM -- step:    48
Re-using DM from previous geometries...
Number of DMs in history: 1
 DM extrapolation coefficients: 
1   1.00000
New DM after history re-use:
<dSpData2D:SpM extrapolated using coords
  <sparsity:sparsity for geom step 47
    nrows_g=52 nrows=52 sparsity=14.1923 nnzs=38376, refcount: 9>
  <dData2D:(temp array for extrapolation) n=38376 m=1, refcount: 1>
refcount: 1>
No. of atoms with KB's overlaping orbs in proc 0. Max # of overlaps:      32     148

InitMesh: MESH = 24 x 24 x 72 = 41472
InitMesh: Mesh cutoff (required, used) =   300.000   319.167 Ry
New grid distribution [1]: sub = 2

        iscf     Eharris(eV)        E_KS(eV)     FreeEng(eV)     dDmax    Ef(eV) dHmax(eV)
   scf:    1     -654.437083     -654.435202     -654.435429  0.009404 -3.776245  0.022275
   scf:    2     -654.434564     -654.435058     -654.435284  0.000674 -3.776601  0.039102
   scf:    3     -654.435353     -654.435278     -654.435505  0.000429 -3.776365  0.007872
   scf:    4     -654.435280     -654.435279     -654.435506  0.000007 -3.776370  0.007319
   scf:    5     -654.435286     -654.435283     -654.435511  0.000092 -3.776428  0.000613

SCF Convergence by DM+H criterion
max |DM_out - DM_in|         :     0.0000919491
max |H_out - H_in|      (eV) :     0.0006133851
SCF cycle converged after 5 iterations

Using DM_out to compute the final energy and forces
No. of atoms with KB's overlaping orbs in proc 0. Max # of overlaps:      32     148

siesta: E_KS(eV) =             -654.4353

siesta: Atomic forces (eV/Ang):
----------------------------------------
   Tot   -0.005982    0.012294    0.000978
----------------------------------------
   Max    0.136578
   Res    0.089406    sqrt( Sum f_i^2 / 3N )
----------------------------------------
   Max    0.136578    constrained

Stress tensor Voigt[x,y,z,yz,xz,xy] (kbar):     -104.94      -98.96       35.62        0.13        0.38       -1.12
(Free)E + p*V (eV/cell)     -653.2067
Target enthalpy (eV/cell)     -654.4355

cgvc: Finished line minimization   13.  Mean atomic displacement =    0.0109

                     ====================================
                        Begin CG opt. move =     48
                     ====================================

superc: Internal auxiliary supercell:     5 x     7 x     3  =     105
superc: Number of atoms, orbitals, and projectors:    420   5460   3360

outcell: Unit cell vectors (Ang):
        2.130000   -1.229756    0.000000
        2.130000    1.229756    0.000000
        0.000000    0.000000    6.700000

outcell: Cell vector modules (Ang)   :    2.459512    2.459512    6.700000
outcell: Cell angles (23,13,12) (deg):     90.0000     90.0000     60.0000
outcell: Cell volume (Ang**3)        :     35.0997
<dSpData1D:S at geom step 48
  <sparsity:sparsity for geom step 48
    nrows_g=52 nrows=52 sparsity=14.1923 nnzs=38376, refcount: 7>
  <dData1D:(new from dSpData1D) n=38376, refcount: 1>
refcount: 1>
new_DM -- step:    49
Re-using DM from previous geometries...
Number of DMs in history: 1
 DM extrapolation coefficients: 
1   1.00000
New DM after history re-use:
<dSpData2D:SpM extrapolated using coords
  <sparsity:sparsity for geom step 48
    nrows_g=52 nrows=52 sparsity=14.1923 nnzs=38376, refcount: 9>
  <dData2D:(temp array for extrapolation) n=38376 m=1, refcount: 1>
refcount: 1>
No. of atoms with KB's overlaping orbs in proc 0. Max # of overlaps:      32     148

InitMesh: MESH = 24 x 24 x 72 = 41472
InitMesh: Mesh cutoff (required, used) =   300.000   319.167 Ry
New grid distribution [1]: sub = 2

        iscf     Eharris(eV)        E_KS(eV)     FreeEng(eV)     dDmax    Ef(eV) dHmax(eV)
   scf:    1     -654.435622     -654.435404     -654.435633  0.007615 -3.778367  0.013140
   scf:    2     -654.435155     -654.435346     -654.435575  0.000417 -3.777843  0.026503
   scf:    3     -654.435457     -654.435431     -654.435661  0.000272 -3.778193  0.002827
   scf:    4     -654.435432     -654.435431     -654.435661  0.000006 -3.778201  0.002633
   scf:    5     -654.435437     -654.435435     -654.435663  0.000072 -3.778307  0.000619

SCF Convergence by DM+H criterion
max |DM_out - DM_in|         :     0.0000715838
max |H_out - H_in|      (eV) :     0.0006189244
SCF cycle converged after 5 iterations

Using DM_out to compute the final energy and forces
No. of atoms with KB's overlaping orbs in proc 0. Max # of overlaps:      32     148

siesta: E_KS(eV) =             -654.4354

siesta: Atomic forces (eV/Ang):
----------------------------------------
   Tot   -0.005451    0.013496    0.001287
----------------------------------------
   Max    0.177666
   Res    0.112849    sqrt( Sum f_i^2 / 3N )
----------------------------------------
   Max    0.177666    constrained

Stress tensor Voigt[x,y,z,yz,xz,xy] (kbar):     -100.58     -103.45       35.69        0.25        0.27       -1.12
(Free)E + p*V (eV/cell)     -653.2063
Target enthalpy (eV/cell)     -654.4357

                     ====================================
                        Begin CG opt. move =     49
                     ====================================

superc: Internal auxiliary supercell:     5 x     7 x     3  =     105
superc: Number of atoms, orbitals, and projectors:    420   5460   3360

outcell: Unit cell vectors (Ang):
        2.130000   -1.229756    0.000000
        2.130000    1.229756    0.000000
        0.000000    0.000000    6.700000

outcell: Cell vector modules (Ang)   :    2.459512    2.459512    6.700000
outcell: Cell angles (23,13,12) (deg):     90.0000     90.0000     60.0000
outcell: Cell volume (Ang**3)        :     35.0997
<dSpData1D:S at geom step 49
  <sparsity:sparsity for geom step 49
    nrows_g=52 nrows=52 sparsity=14.1923 nnzs=38376, refcount: 7>
  <dData1D:(new from dSpData1D) n=38376, refcount: 1>
refcount: 1>
new_DM -- step:    50
Re-using DM from previous geometries...
Number of DMs in history: 1
 DM extrapolation coefficients: 
1   1.00000
New DM after history re-use:
<dSpData2D:SpM extrapolated using coords
  <sparsity:sparsity for geom step 49
    nrows_g=52 nrows=52 sparsity=14.1923 nnzs=38376, refcount: 9>
  <dData2D:(temp array for extrapolation) n=38376 m=1, refcount: 1>
refcount: 1>
No. of atoms with KB's overlaping orbs in proc 0. Max # of overlaps:      32     148

InitMesh: MESH = 24 x 24 x 72 = 41472
InitMesh: Mesh cutoff (required, used) =   300.000   319.167 Ry
New grid distribution [1]: sub = 2

        iscf     Eharris(eV)        E_KS(eV)     FreeEng(eV)     dDmax    Ef(eV) dHmax(eV)
   scf:    1     -654.435968     -654.435974     -654.436219  0.003559 -3.777787  0.006201
   scf:    2     -654.435931     -654.435965     -654.436209  0.000182 -3.777946  0.012900
   scf:    3     -654.435983     -654.435980     -654.436225  0.000121 -3.777837  0.001399
   scf:    4     -654.435980     -654.435980     -654.436225  0.000003 -3.777834  0.001301
   scf:    5     -654.435980     -654.435980     -654.436226  0.000036 -3.777804  0.000260

SCF Convergence by DM+H criterion
max |DM_out - DM_in|         :     0.0000356143
max |H_out - H_in|      (eV) :     0.0002599767
SCF cycle converged after 5 iterations

Using DM_out to compute the final energy and forces
No. of atoms with KB's overlaping orbs in proc 0. Max # of overlaps:      32     148

siesta: E_KS(eV) =             -654.4360

siesta: Atomic forces (eV/Ang):
----------------------------------------
   Tot   -0.005597    0.013223    0.001285
----------------------------------------
   Max    0.064753
   Res    0.041076    sqrt( Sum f_i^2 / 3N )
----------------------------------------
   Max    0.064753    constrained

Stress tensor Voigt[x,y,z,yz,xz,xy] (kbar):     -102.57     -101.31       35.65        0.22        0.28       -1.09
(Free)E + p*V (eV/cell)     -653.2078
Target enthalpy (eV/cell)     -654.4362

cgvc: Finished line minimization   14.  Mean atomic displacement =    0.0058

                     ====================================
                        Begin CG opt. move =     50
                     ====================================

superc: Internal auxiliary supercell:     5 x     7 x     3  =     105
superc: Number of atoms, orbitals, and projectors:    420   5460   3360

outcell: Unit cell vectors (Ang):
        2.130000   -1.229756    0.000000
        2.130000    1.229756    0.000000
        0.000000    0.000000    6.700000

outcell: Cell vector modules (Ang)   :    2.459512    2.459512    6.700000
outcell: Cell angles (23,13,12) (deg):     90.0000     90.0000     60.0000
outcell: Cell volume (Ang**3)        :     35.0997
<dSpData1D:S at geom step 50
  <sparsity:sparsity for geom step 50
    nrows_g=52 nrows=52 sparsity=14.1923 nnzs=38376, refcount: 7>
  <dData1D:(new from dSpData1D) n=38376, refcount: 1>
refcount: 1>
new_DM -- step:    51
Re-using DM from previous geometries...
Number of DMs in history: 1
 DM extrapolation coefficients: 
1   1.00000
New DM after history re-use:
<dSpData2D:SpM extrapolated using coords
  <sparsity:sparsity for geom step 50
    nrows_g=52 nrows=52 sparsity=14.1923 nnzs=38376, refcount: 9>
  <dData2D:(temp array for extrapolation) n=38376 m=1, refcount: 1>
refcount: 1>
No. of atoms with KB's overlaping orbs in proc 0. Max # of overlaps:      32     148

InitMesh: MESH = 24 x 24 x 72 = 41472
InitMesh: Mesh cutoff (required, used) =   300.000   319.167 Ry
New grid distribution [1]: sub = 2

        iscf     Eharris(eV)        E_KS(eV)     FreeEng(eV)     dDmax    Ef(eV) dHmax(eV)
   scf:    1     -654.435849     -654.435641     -654.435883  0.002932 -3.779216  0.007126
   scf:    2     -654.435596     -654.435633     -654.435873  0.000176 -3.779458  0.013251
   scf:    3     -654.435653     -654.435649     -654.435890  0.000113 -3.779298  0.003022
   scf:    4     -654.435649     -654.435649     -654.435890  0.000003 -3.779302  0.002808
   scf:    5     -654.435652     -654.435650     -654.435891  0.000030 -3.779346  0.000434

SCF Convergence by DM+H criterion
max |DM_out - DM_in|         :     0.0000298703
max |H_out - H_in|      (eV) :     0.0004336729
SCF cycle converged after 5 iterations

Using DM_out to compute the final energy and forces
No. of atoms with KB's overlaping orbs in proc 0. Max # of overlaps:      32     148

siesta: E_KS(eV) =             -654.4357

siesta: Atomic forces (eV/Ang):
----------------------------------------
   Tot   -0.004949    0.013054    0.001347
----------------------------------------
   Max    0.218446
   Res    0.100480    sqrt( Sum f_i^2 / 3N )
----------------------------------------
   Max    0.218446    constrained

Stress tensor Voigt[x,y,z,yz,xz,xy] (kbar):     -101.01     -102.97       35.71        0.24        0.22        0.27
(Free)E + p*V (eV/cell)     -653.2071
Target enthalpy (eV/cell)     -654.4359

                     ====================================
                        Begin CG opt. move =     51
                     ====================================

superc: Internal auxiliary supercell:     5 x     7 x     3  =     105
superc: Number of atoms, orbitals, and projectors:    420   5460   3360

outcell: Unit cell vectors (Ang):
        2.130000   -1.229756    0.000000
        2.130000    1.229756    0.000000
        0.000000    0.000000    6.700000

outcell: Cell vector modules (Ang)   :    2.459512    2.459512    6.700000
outcell: Cell angles (23,13,12) (deg):     90.0000     90.0000     60.0000
outcell: Cell volume (Ang**3)        :     35.0997
<dSpData1D:S at geom step 51
  <sparsity:sparsity for geom step 51
    nrows_g=52 nrows=52 sparsity=14.1923 nnzs=38376, refcount: 7>
  <dData1D:(new from dSpData1D) n=38376, refcount: 1>
refcount: 1>
new_DM -- step:    52
Re-using DM from previous geometries...
Number of DMs in history: 1
 DM extrapolation coefficients: 
1   1.00000
New DM after history re-use:
<dSpData2D:SpM extrapolated using coords
  <sparsity:sparsity for geom step 51
    nrows_g=52 nrows=52 sparsity=14.1923 nnzs=38376, refcount: 9>
  <dData2D:(temp array for extrapolation) n=38376 m=1, refcount: 1>
refcount: 1>
No. of atoms with KB's overlaping orbs in proc 0. Max # of overlaps:      32     148

InitMesh: MESH = 24 x 24 x 72 = 41472
InitMesh: Mesh cutoff (required, used) =   300.000   319.167 Ry
New grid distribution [1]: sub = 2

        iscf     Eharris(eV)        E_KS(eV)     FreeEng(eV)     dDmax    Ef(eV) dHmax(eV)
   scf:    1     -654.436082     -654.436092     -654.436345  0.001925 -3.778471  0.005376
   scf:    2     -654.436069     -654.436088     -654.436340  0.000132 -3.778406  0.010499
   scf:    3     -654.436097     -654.436096     -654.436349  0.000089 -3.778449  0.002106
   scf:    4     -654.436096     -654.436096     -654.436349  0.000002 -3.778446  0.001956
   scf:    5     -654.436097     -654.436096     -654.436349  0.000021 -3.778421  0.000279

SCF Convergence by DM+H criterion
max |DM_out - DM_in|         :     0.0000210826
max |H_out - H_in|      (eV) :     0.0002787975
SCF cycle converged after 5 iterations

Using DM_out to compute the final energy and forces
No. of atoms with KB's overlaping orbs in proc 0. Max # of overlaps:      32     148

siesta: E_KS(eV) =             -654.4361

siesta: Atomic forces (eV/Ang):
----------------------------------------
   Tot   -0.005620    0.013349    0.001262
----------------------------------------
   Max    0.045259
   Res    0.021589    sqrt( Sum f_i^2 / 3N )
----------------------------------------
   Max    0.045259    constrained

Stress tensor Voigt[x,y,z,yz,xz,xy] (kbar):     -101.95     -101.83       35.67        0.24        0.26       -0.65
(Free)E + p*V (eV/cell)     -653.2088
Target enthalpy (eV/cell)     -654.4363

cgvc: Finished line minimization   15.  Mean atomic displacement =    0.0020

                     ====================================
                        Begin CG opt. move =     52
                     ====================================

superc: Internal auxiliary supercell:     5 x     7 x     3  =     105
superc: Number of atoms, orbitals, and projectors:    420   5460   3360

outcell: Unit cell vectors (Ang):
        2.130000   -1.229756    0.000000
        2.130000    1.229756    0.000000
        0.000000    0.000000    6.700000

outcell: Cell vector modules (Ang)   :    2.459512    2.459512    6.700000
outcell: Cell angles (23,13,12) (deg):     90.0000     90.0000     60.0000
outcell: Cell volume (Ang**3)        :     35.0997
<dSpData1D:S at geom step 52
  <sparsity:sparsity for geom step 52
    nrows_g=52 nrows=52 sparsity=14.1923 nnzs=38376, refcount: 7>
  <dData1D:(new from dSpData1D) n=38376, refcount: 1>
refcount: 1>
new_DM -- step:    53
Re-using DM from previous geometries...
Number of DMs in history: 1
 DM extrapolation coefficients: 
1   1.00000
New DM after history re-use:
<dSpData2D:SpM extrapolated using coords
  <sparsity:sparsity for geom step 52
    nrows_g=52 nrows=52 sparsity=14.1923 nnzs=38376, refcount: 9>
  <dData2D:(temp array for extrapolation) n=38376 m=1, refcount: 1>
refcount: 1>
No. of atoms with KB's overlaping orbs in proc 0. Max # of overlaps:      32     148

InitMesh: MESH = 24 x 24 x 72 = 41472
InitMesh: Mesh cutoff (required, used) =   300.000   319.167 Ry
New grid distribution [1]: sub = 2

        iscf     Eharris(eV)        E_KS(eV)     FreeEng(eV)     dDmax    Ef(eV) dHmax(eV)
   scf:    1     -654.436132     -654.436157     -654.436412  0.000399 -3.778166  0.002320
   scf:    2     -654.436148     -654.436155     -654.436410  0.000068 -3.778158  0.004682
   scf:    3     -654.436159     -654.436158     -654.436413  0.000046 -3.778165  0.000568

SCF Convergence by DM+H criterion
max |DM_out - DM_in|         :     0.0000459177
max |H_out - H_in|      (eV) :     0.0005684151
SCF cycle converged after 3 iterations

Using DM_out to compute the final energy and forces
No. of atoms with KB's overlaping orbs in proc 0. Max # of overlaps:      32     148

siesta: E_KS(eV) =             -654.4362

siesta: Atomic forces (eV/Ang):
----------------------------------------
   Tot   -0.005749    0.013498    0.001335
----------------------------------------
   Max    0.044580
   Res    0.027103    sqrt( Sum f_i^2 / 3N )
----------------------------------------
   Max    0.044580    constrained

Stress tensor Voigt[x,y,z,yz,xz,xy] (kbar):     -102.95     -100.80       35.71        0.22        0.24       -0.78
(Free)E + p*V (eV/cell)     -653.2093
Target enthalpy (eV/cell)     -654.4364

                     ====================================
                        Begin CG opt. move =     53
                     ====================================

superc: Internal auxiliary supercell:     5 x     7 x     3  =     105
superc: Number of atoms, orbitals, and projectors:    420   5460   3360

outcell: Unit cell vectors (Ang):
        2.130000   -1.229756    0.000000
        2.130000    1.229756    0.000000
        0.000000    0.000000    6.700000

outcell: Cell vector modules (Ang)   :    2.459512    2.459512    6.700000
outcell: Cell angles (23,13,12) (deg):     90.0000     90.0000     60.0000
outcell: Cell volume (Ang**3)        :     35.0997
<dSpData1D:S at geom step 53
  <sparsity:sparsity for geom step 53
    nrows_g=52 nrows=52 sparsity=14.1923 nnzs=38376, refcount: 7>
  <dData1D:(new from dSpData1D) n=38376, refcount: 1>
refcount: 1>
new_DM -- step:    54
Re-using DM from previous geometries...
Number of DMs in history: 1
 DM extrapolation coefficients: 
1   1.00000
New DM after history re-use:
<dSpData2D:SpM extrapolated using coords
  <sparsity:sparsity for geom step 53
    nrows_g=52 nrows=52 sparsity=14.1923 nnzs=38376, refcount: 9>
  <dData2D:(temp array for extrapolation) n=38376 m=1, refcount: 1>
refcount: 1>
No. of atoms with KB's overlaping orbs in proc 0. Max # of overlaps:      32     148

InitMesh: MESH = 24 x 24 x 72 = 41472
InitMesh: Mesh cutoff (required, used) =   300.000   319.167 Ry
New grid distribution [1]: sub = 2

        iscf     Eharris(eV)        E_KS(eV)     FreeEng(eV)     dDmax    Ef(eV) dHmax(eV)
   scf:    1     -654.436159     -654.436158     -654.436413  0.000011 -3.778192  0.000404

SCF Convergence by DM+H criterion
max |DM_out - DM_in|         :     0.0000105320
max |H_out - H_in|      (eV) :     0.0004041574
SCF cycle converged after 1 iterations

Using DM_out to compute the final energy and forces
No. of atoms with KB's overlaping orbs in proc 0. Max # of overlaps:      32     148

siesta: E_KS(eV) =             -654.4362

siesta: Atomic forces (eV/Ang):
----------------------------------------
   Tot   -0.005748    0.013491    0.001338
----------------------------------------
   Max    0.044009
   Res    0.026689    sqrt( Sum f_i^2 / 3N )
----------------------------------------
   Max    0.044009    constrained

Stress tensor Voigt[x,y,z,yz,xz,xy] (kbar):     -102.94     -100.82       35.71        0.22        0.24       -0.78
(Free)E + p*V (eV/cell)     -653.2092
Target enthalpy (eV/cell)     -654.4364

cgvc: Finished line minimization   16.  Mean atomic displacement =    0.0019

                     ====================================
                        Begin CG opt. move =     54
                     ====================================

superc: Internal auxiliary supercell:     5 x     7 x     3  =     105
superc: Number of atoms, orbitals, and projectors:    420   5460   3360

outcell: Unit cell vectors (Ang):
        2.130000   -1.229756    0.000000
        2.130000    1.229756    0.000000
        0.000000    0.000000    6.700000

outcell: Cell vector modules (Ang)   :    2.459512    2.459512    6.700000
outcell: Cell angles (23,13,12) (deg):     90.0000     90.0000     60.0000
outcell: Cell volume (Ang**3)        :     35.0997
<dSpData1D:S at geom step 54
  <sparsity:sparsity for geom step 54
    nrows_g=52 nrows=52 sparsity=14.1923 nnzs=38376, refcount: 7>
  <dData1D:(new from dSpData1D) n=38376, refcount: 1>
refcount: 1>
new_DM -- step:    55
Re-using DM from previous geometries...
Number of DMs in history: 1
 DM extrapolation coefficients: 
1   1.00000
New DM after history re-use:
<dSpData2D:SpM extrapolated using coords
  <sparsity:sparsity for geom step 54
    nrows_g=52 nrows=52 sparsity=14.1923 nnzs=38376, refcount: 9>
  <dData2D:(temp array for extrapolation) n=38376 m=1, refcount: 1>
refcount: 1>
No. of atoms with KB's overlaping orbs in proc 0. Max # of overlaps:      32     148

InitMesh: MESH = 24 x 24 x 72 = 41472
InitMesh: Mesh cutoff (required, used) =   300.000   319.167 Ry
New grid distribution [1]: sub = 2

        iscf     Eharris(eV)        E_KS(eV)     FreeEng(eV)     dDmax    Ef(eV) dHmax(eV)
   scf:    1     -654.436248     -654.436248     -654.436507  0.000389 -3.778271  0.002778
   scf:    2     -654.436233     -654.436244     -654.436503  0.000076 -3.778327  0.005341
   scf:    3     -654.436251     -654.436249     -654.436508  0.000051 -3.778291  0.000292

SCF Convergence by DM+H criterion
max |DM_out - DM_in|         :     0.0000506590
max |H_out - H_in|      (eV) :     0.0002919749
SCF cycle converged after 3 iterations

Using DM_out to compute the final energy and forces
No. of atoms with KB's overlaping orbs in proc 0. Max # of overlaps:      32     148

siesta: E_KS(eV) =             -654.4362

siesta: Atomic forces (eV/Ang):
----------------------------------------
   Tot   -0.005773    0.013911    0.001426
----------------------------------------
   Max    0.042951
   Res    0.023941    sqrt( Sum f_i^2 / 3N )
----------------------------------------
   Max    0.042951    constrained

Stress tensor Voigt[x,y,z,yz,xz,xy] (kbar):     -102.98     -100.75       35.76        0.20        0.23       -0.83
(Free)E + p*V (eV/cell)     -653.2098
Target enthalpy (eV/cell)     -654.4365

                     ====================================
                        Begin CG opt. move =     55
                     ====================================

superc: Internal auxiliary supercell:     5 x     7 x     3  =     105
superc: Number of atoms, orbitals, and projectors:    420   5460   3360

outcell: Unit cell vectors (Ang):
        2.130000   -1.229756    0.000000
        2.130000    1.229756    0.000000
        0.000000    0.000000    6.700000

outcell: Cell vector modules (Ang)   :    2.459512    2.459512    6.700000
outcell: Cell angles (23,13,12) (deg):     90.0000     90.0000     60.0000
outcell: Cell volume (Ang**3)        :     35.0997
<dSpData1D:S at geom step 55
  <sparsity:sparsity for geom step 55
    nrows_g=52 nrows=52 sparsity=14.1879 nnzs=38364, refcount: 7>
  <dData1D:(new from dSpData1D) n=38364, refcount: 1>
refcount: 1>
new_DM -- step:    56
Re-using DM from previous geometries...
Number of DMs in history: 1
 DM extrapolation coefficients: 
1   1.00000
New DM after history re-use:
<dSpData2D:SpM extrapolated using coords
  <sparsity:sparsity for geom step 55
    nrows_g=52 nrows=52 sparsity=14.1879 nnzs=38364, refcount: 9>
  <dData2D:(temp array for extrapolation) n=38364 m=1, refcount: 1>
refcount: 1>
No. of atoms with KB's overlaping orbs in proc 0. Max # of overlaps:      32     148

InitMesh: MESH = 24 x 24 x 72 = 41472
InitMesh: Mesh cutoff (required, used) =   300.000   319.167 Ry
New grid distribution [1]: sub = 2

        iscf     Eharris(eV)        E_KS(eV)     FreeEng(eV)     dDmax    Ef(eV) dHmax(eV)
   scf:    1     -654.436346     -654.436346     -654.436610  0.000619 -3.778494  0.004002
   scf:    2     -654.436317     -654.436339     -654.436603  0.000111 -3.778531  0.007727
   scf:    3     -654.436352     -654.436349     -654.436612  0.000074 -3.778508  0.000335

SCF Convergence by DM+H criterion
max |DM_out - DM_in|         :     0.0000735207
max |H_out - H_in|      (eV) :     0.0003350949
SCF cycle converged after 3 iterations

Using DM_out to compute the final energy and forces
No. of atoms with KB's overlaping orbs in proc 0. Max # of overlaps:      32     148

siesta: E_KS(eV) =             -654.4363

siesta: Atomic forces (eV/Ang):
----------------------------------------
   Tot   -0.005828    0.014591    0.001540
----------------------------------------
   Max    0.076226
   Res    0.031713    sqrt( Sum f_i^2 / 3N )
----------------------------------------
   Max    0.076226    constrained

Stress tensor Voigt[x,y,z,yz,xz,xy] (kbar):     -103.08     -100.60       35.81        0.16        0.22       -0.95
(Free)E + p*V (eV/cell)     -653.2107
Target enthalpy (eV/cell)     -654.4366

                     ====================================
                        Begin CG opt. move =     56
                     ====================================

superc: Internal auxiliary supercell:     5 x     7 x     3  =     105
superc: Number of atoms, orbitals, and projectors:    420   5460   3360

outcell: Unit cell vectors (Ang):
        2.130000   -1.229756    0.000000
        2.130000    1.229756    0.000000
        0.000000    0.000000    6.700000

outcell: Cell vector modules (Ang)   :    2.459512    2.459512    6.700000
outcell: Cell angles (23,13,12) (deg):     90.0000     90.0000     60.0000
outcell: Cell volume (Ang**3)        :     35.0997
<dSpData1D:S at geom step 56
  <sparsity:sparsity for geom step 56
    nrows_g=52 nrows=52 sparsity=14.1805 nnzs=38344, refcount: 7>
  <dData1D:(new from dSpData1D) n=38344, refcount: 1>
refcount: 1>
new_DM -- step:    57
Re-using DM from previous geometries...
Number of DMs in history: 1
 DM extrapolation coefficients: 
1   1.00000
New DM after history re-use:
<dSpData2D:SpM extrapolated using coords
  <sparsity:sparsity for geom step 56
    nrows_g=52 nrows=52 sparsity=14.1805 nnzs=38344, refcount: 9>
  <dData2D:(temp array for extrapolation) n=38344 m=1, refcount: 1>
refcount: 1>
No. of atoms with KB's overlaping orbs in proc 0. Max # of overlaps:      32     148

InitMesh: MESH = 24 x 24 x 72 = 41472
InitMesh: Mesh cutoff (required, used) =   300.000   319.167 Ry
New grid distribution [1]: sub = 2

        iscf     Eharris(eV)        E_KS(eV)     FreeEng(eV)     dDmax    Ef(eV) dHmax(eV)
   scf:    1     -654.436386     -654.436388     -654.436653  0.006231 -3.778856  0.006532
   scf:    2     -654.436314     -654.436369     -654.436635  0.000180 -3.778861  0.012608
   scf:    3     -654.436402     -654.436394     -654.436659  0.000119 -3.778862  0.000560
   scf:    4     -654.436394     -654.436394     -654.436659  0.000001 -3.778865  0.000522

SCF Convergence by DM+H criterion
max |DM_out - DM_in|         :     0.0000007447
max |H_out - H_in|      (eV) :     0.0005221549
SCF cycle converged after 4 iterations

Using DM_out to compute the final energy and forces
No. of atoms with KB's overlaping orbs in proc 0. Max # of overlaps:      32     148

siesta: E_KS(eV) =             -654.4364

siesta: Atomic forces (eV/Ang):
----------------------------------------
   Tot   -0.005167    0.015539    0.001604
----------------------------------------
   Max    0.129738
   Res    0.057957    sqrt( Sum f_i^2 / 3N )
----------------------------------------
   Max    0.129738    constrained

Stress tensor Voigt[x,y,z,yz,xz,xy] (kbar):     -103.33     -100.40       35.90        0.11        0.20       -1.19
(Free)E + p*V (eV/cell)     -653.2111
Target enthalpy (eV/cell)     -654.4367

                     ====================================
                        Begin CG opt. move =     57
                     ====================================

superc: Internal auxiliary supercell:     5 x     7 x     3  =     105
superc: Number of atoms, orbitals, and projectors:    420   5460   3360

outcell: Unit cell vectors (Ang):
        2.130000   -1.229756    0.000000
        2.130000    1.229756    0.000000
        0.000000    0.000000    6.700000

outcell: Cell vector modules (Ang)   :    2.459512    2.459512    6.700000
outcell: Cell angles (23,13,12) (deg):     90.0000     90.0000     60.0000
outcell: Cell volume (Ang**3)        :     35.0997
<dSpData1D:S at geom step 57
  <sparsity:sparsity for geom step 57
    nrows_g=52 nrows=52 sparsity=14.1805 nnzs=38344, refcount: 7>
  <dData1D:(new from dSpData1D) n=38344, refcount: 1>
refcount: 1>
new_DM -- step:    58
Re-using DM from previous geometries...
Number of DMs in history: 1
 DM extrapolation coefficients: 
1   1.00000
New DM after history re-use:
<dSpData2D:SpM extrapolated using coords
  <sparsity:sparsity for geom step 57
    nrows_g=52 nrows=52 sparsity=14.1805 nnzs=38344, refcount: 9>
  <dData2D:(temp array for extrapolation) n=38344 m=1, refcount: 1>
refcount: 1>
No. of atoms with KB's overlaping orbs in proc 0. Max # of overlaps:      32     148

InitMesh: MESH = 24 x 24 x 72 = 41472
InitMesh: Mesh cutoff (required, used) =   300.000   319.167 Ry
New grid distribution [1]: sub = 2

        iscf     Eharris(eV)        E_KS(eV)     FreeEng(eV)     dDmax    Ef(eV) dHmax(eV)
   scf:    1     -654.436397     -654.436396     -654.436661  0.000166 -3.778866  0.001215
   scf:    2     -654.436394     -654.436396     -654.436661  0.000032 -3.778831  0.002264
   scf:    3     -654.436397     -654.436396     -654.436662  0.000021 -3.778853  0.000201

SCF Convergence by DM+H criterion
max |DM_out - DM_in|         :     0.0000212861
max |H_out - H_in|      (eV) :     0.0002010323
SCF cycle converged after 3 iterations

Using DM_out to compute the final energy and forces
No. of atoms with KB's overlaping orbs in proc 0. Max # of overlaps:      32     148

siesta: E_KS(eV) =             -654.4364

siesta: Atomic forces (eV/Ang):
----------------------------------------
   Tot   -0.005275    0.015526    0.001617
----------------------------------------
   Max    0.120784
   Res    0.053140    sqrt( Sum f_i^2 / 3N )
----------------------------------------
   Max    0.120784    constrained

Stress tensor Voigt[x,y,z,yz,xz,xy] (kbar):     -103.31     -100.44       35.89        0.11        0.20       -1.16
(Free)E + p*V (eV/cell)     -653.2108
Target enthalpy (eV/cell)     -654.4367

cgvc: Finished line minimization   17.  Mean atomic displacement =    0.0091

                     ====================================
                        Begin CG opt. move =     58
                     ====================================

superc: Internal auxiliary supercell:     5 x     7 x     3  =     105
superc: Number of atoms, orbitals, and projectors:    420   5460   3360

outcell: Unit cell vectors (Ang):
        2.130000   -1.229756    0.000000
        2.130000    1.229756    0.000000
        0.000000    0.000000    6.700000

outcell: Cell vector modules (Ang)   :    2.459512    2.459512    6.700000
outcell: Cell angles (23,13,12) (deg):     90.0000     90.0000     60.0000
outcell: Cell volume (Ang**3)        :     35.0997
<dSpData1D:S at geom step 58
  <sparsity:sparsity for geom step 58
    nrows_g=52 nrows=52 sparsity=14.1864 nnzs=38360, refcount: 7>
  <dData1D:(new from dSpData1D) n=38360, refcount: 1>
refcount: 1>
new_DM -- step:    59
Re-using DM from previous geometries...
Number of DMs in history: 1
 DM extrapolation coefficients: 
1   1.00000
New DM after history re-use:
<dSpData2D:SpM extrapolated using coords
  <sparsity:sparsity for geom step 58
    nrows_g=52 nrows=52 sparsity=14.1864 nnzs=38360, refcount: 9>
  <dData2D:(temp array for extrapolation) n=38360 m=1, refcount: 1>
refcount: 1>
No. of atoms with KB's overlaping orbs in proc 0. Max # of overlaps:      32     148

InitMesh: MESH = 24 x 24 x 72 = 41472
InitMesh: Mesh cutoff (required, used) =   300.000   319.167 Ry
New grid distribution [1]: sub = 2

        iscf     Eharris(eV)        E_KS(eV)     FreeEng(eV)     dDmax    Ef(eV) dHmax(eV)
   scf:    1     -654.436815     -654.436708     -654.436995  0.006418 -3.779554  0.012000
   scf:    2     -654.436453     -654.436644     -654.436932  0.000326 -3.779754  0.023470
   scf:    3     -654.436758     -654.436729     -654.437016  0.000216 -3.779627  0.001043
   scf:    4     -654.436729     -654.436729     -654.437016  0.000001 -3.779633  0.000972

SCF Convergence by DM+H criterion
max |DM_out - DM_in|         :     0.0000009782
max |H_out - H_in|      (eV) :     0.0009720282
SCF cycle converged after 4 iterations

Using DM_out to compute the final energy and forces
No. of atoms with KB's overlaping orbs in proc 0. Max # of overlaps:      32     148

siesta: E_KS(eV) =             -654.4367

siesta: Atomic forces (eV/Ang):
----------------------------------------
   Tot   -0.004560    0.016024    0.001687
----------------------------------------
   Max    0.058593
   Res    0.037051    sqrt( Sum f_i^2 / 3N )
----------------------------------------
   Max    0.058593    constrained

Stress tensor Voigt[x,y,z,yz,xz,xy] (kbar):     -102.14     -101.46       36.05        0.03        0.14       -0.76
(Free)E + p*V (eV/cell)     -653.2135
Target enthalpy (eV/cell)     -654.4370

                     ====================================
                        Begin CG opt. move =     59
                     ====================================

superc: Internal auxiliary supercell:     5 x     7 x     3  =     105
superc: Number of atoms, orbitals, and projectors:    420   5460   3360

outcell: Unit cell vectors (Ang):
        2.130000   -1.229756    0.000000
        2.130000    1.229756    0.000000
        0.000000    0.000000    6.700000

outcell: Cell vector modules (Ang)   :    2.459512    2.459512    6.700000
outcell: Cell angles (23,13,12) (deg):     90.0000     90.0000     60.0000
outcell: Cell volume (Ang**3)        :     35.0997
<dSpData1D:S at geom step 59
  <sparsity:sparsity for geom step 59
    nrows_g=52 nrows=52 sparsity=14.1879 nnzs=38364, refcount: 7>
  <dData1D:(new from dSpData1D) n=38364, refcount: 1>
refcount: 1>
new_DM -- step:    60
Re-using DM from previous geometries...
Number of DMs in history: 1
 DM extrapolation coefficients: 
1   1.00000
New DM after history re-use:
<dSpData2D:SpM extrapolated using coords
  <sparsity:sparsity for geom step 59
    nrows_g=52 nrows=52 sparsity=14.1879 nnzs=38364, refcount: 9>
  <dData2D:(temp array for extrapolation) n=38364 m=1, refcount: 1>
refcount: 1>
No. of atoms with KB's overlaping orbs in proc 0. Max # of overlaps:      32     148

InitMesh: MESH = 24 x 24 x 72 = 41472
InitMesh: Mesh cutoff (required, used) =   300.000   319.167 Ry
New grid distribution [1]: sub = 2

        iscf     Eharris(eV)        E_KS(eV)     FreeEng(eV)     dDmax    Ef(eV) dHmax(eV)
   scf:    1     -654.436827     -654.436689     -654.436982  0.001751 -3.779911  0.019074
   scf:    2     -654.436047     -654.436530     -654.436822  0.000519 -3.780163  0.037448
   scf:    3     -654.436814     -654.436744     -654.437037  0.000344 -3.780000  0.001520
   scf:    4     -654.436744     -654.436744     -654.437037  0.000002 -3.780004  0.001417
   scf:    5     -654.436744     -654.436744     -654.437037  0.000018 -3.780049  0.000280

SCF Convergence by DM+H criterion
max |DM_out - DM_in|         :     0.0000182787
max |H_out - H_in|      (eV) :     0.0002804255
SCF cycle converged after 5 iterations

Using DM_out to compute the final energy and forces
No. of atoms with KB's overlaping orbs in proc 0. Max # of overlaps:      32     148

siesta: E_KS(eV) =             -654.4367

siesta: Atomic forces (eV/Ang):
----------------------------------------
   Tot   -0.005093    0.015102    0.001807
----------------------------------------
   Max    0.130353
   Res    0.075789    sqrt( Sum f_i^2 / 3N )
----------------------------------------
   Max    0.130353    constrained

Stress tensor Voigt[x,y,z,yz,xz,xy] (kbar):     -100.51     -103.31       36.24       -0.09       -0.00       -0.30
(Free)E + p*V (eV/cell)     -653.2133
Target enthalpy (eV/cell)     -654.4370

                     ====================================
                        Begin CG opt. move =     60
                     ====================================

superc: Internal auxiliary supercell:     5 x     7 x     3  =     105
superc: Number of atoms, orbitals, and projectors:    420   5460   3360

outcell: Unit cell vectors (Ang):
        2.130000   -1.229756    0.000000
        2.130000    1.229756    0.000000
        0.000000    0.000000    6.700000

outcell: Cell vector modules (Ang)   :    2.459512    2.459512    6.700000
outcell: Cell angles (23,13,12) (deg):     90.0000     90.0000     60.0000
outcell: Cell volume (Ang**3)        :     35.0997
<dSpData1D:S at geom step 60
  <sparsity:sparsity for geom step 60
    nrows_g=52 nrows=52 sparsity=14.1879 nnzs=38364, refcount: 7>
  <dData1D:(new from dSpData1D) n=38364, refcount: 1>
refcount: 1>
new_DM -- step:    61
Re-using DM from previous geometries...
Number of DMs in history: 1
 DM extrapolation coefficients: 
1   1.00000
New DM after history re-use:
<dSpData2D:SpM extrapolated using coords
  <sparsity:sparsity for geom step 60
    nrows_g=52 nrows=52 sparsity=14.1879 nnzs=38364, refcount: 9>
  <dData2D:(temp array for extrapolation) n=38364 m=1, refcount: 1>
refcount: 1>
No. of atoms with KB's overlaping orbs in proc 0. Max # of overlaps:      32     148

InitMesh: MESH = 24 x 24 x 72 = 41472
InitMesh: Mesh cutoff (required, used) =   300.000   319.167 Ry
New grid distribution [1]: sub = 2

        iscf     Eharris(eV)        E_KS(eV)     FreeEng(eV)     dDmax    Ef(eV) dHmax(eV)
   scf:    1     -654.436720     -654.436804     -654.437100  0.000815 -3.780072  0.008977
   scf:    2     -654.436664     -654.436770     -654.437065  0.000244 -3.779985  0.017566
   scf:    3     -654.436832     -654.436816     -654.437112  0.000162 -3.780042  0.000835
   scf:    4     -654.436816     -654.436816     -654.437112  0.000001 -3.780040  0.000778

SCF Convergence by DM+H criterion
max |DM_out - DM_in|         :     0.0000007429
max |H_out - H_in|      (eV) :     0.0007781277
SCF cycle converged after 4 iterations

Using DM_out to compute the final energy and forces
No. of atoms with KB's overlaping orbs in proc 0. Max # of overlaps:      32     148

siesta: E_KS(eV) =             -654.4368

siesta: Atomic forces (eV/Ang):
----------------------------------------
   Tot   -0.004900    0.015575    0.001866
----------------------------------------
   Max    0.071675
   Res    0.051973    sqrt( Sum f_i^2 / 3N )
----------------------------------------
   Max    0.071675    constrained

Stress tensor Voigt[x,y,z,yz,xz,xy] (kbar):     -101.27     -102.46       36.16       -0.04        0.07       -0.49
(Free)E + p*V (eV/cell)     -653.2135
Target enthalpy (eV/cell)     -654.4371

cgvc: Finished line minimization   18.  Mean atomic displacement =    0.0169

                     ====================================
                        Begin CG opt. move =     61
                     ====================================

superc: Internal auxiliary supercell:     5 x     7 x     3  =     105
superc: Number of atoms, orbitals, and projectors:    420   5460   3360

outcell: Unit cell vectors (Ang):
        2.130000   -1.229756    0.000000
        2.130000    1.229756    0.000000
        0.000000    0.000000    6.700000

outcell: Cell vector modules (Ang)   :    2.459512    2.459512    6.700000
outcell: Cell angles (23,13,12) (deg):     90.0000     90.0000     60.0000
outcell: Cell volume (Ang**3)        :     35.0997
<dSpData1D:S at geom step 61
  <sparsity:sparsity for geom step 61
    nrows_g=52 nrows=52 sparsity=14.1760 nnzs=38332, refcount: 7>
  <dData1D:(new from dSpData1D) n=38332, refcount: 1>
refcount: 1>
new_DM -- step:    62
Re-using DM from previous geometries...
Number of DMs in history: 1
 DM extrapolation coefficients: 
1   1.00000
New DM after history re-use:
<dSpData2D:SpM extrapolated using coords
  <sparsity:sparsity for geom step 61
    nrows_g=52 nrows=52 sparsity=14.1760 nnzs=38332, refcount: 9>
  <dData2D:(temp array for extrapolation) n=38332 m=1, refcount: 1>
refcount: 1>
No. of atoms with KB's overlaping orbs in proc 0. Max # of overlaps:      32     148

InitMesh: MESH = 24 x 24 x 72 = 41472
InitMesh: Mesh cutoff (required, used) =   300.000   319.167 Ry
New grid distribution [1]: sub = 2

        iscf     Eharris(eV)        E_KS(eV)     FreeEng(eV)     dDmax    Ef(eV) dHmax(eV)
   scf:    1     -654.436962     -654.437028     -654.437314  0.001745 -3.779738  0.021247
   scf:    2     -654.436214     -654.436828     -654.437110  0.000583 -3.779677  0.042184
   scf:    3     -654.437187     -654.437099     -654.437385  0.000387 -3.779730  0.001521
   scf:    4     -654.437099     -654.437099     -654.437385  0.000001 -3.779735  0.001417
   scf:    5     -654.437101     -654.437100     -654.437385  0.000016 -3.779794  0.000385

SCF Convergence by DM+H criterion
max |DM_out - DM_in|         :     0.0000162624
max |H_out - H_in|      (eV) :     0.0003849913
SCF cycle converged after 5 iterations

Using DM_out to compute the final energy and forces
No. of atoms with KB's overlaping orbs in proc 0. Max # of overlaps:      32     148

siesta: E_KS(eV) =             -654.4371

siesta: Atomic forces (eV/Ang):
----------------------------------------
   Tot   -0.006927    0.013373    0.001696
----------------------------------------
   Max    0.095738
   Res    0.062086    sqrt( Sum f_i^2 / 3N )
----------------------------------------
   Max    0.095738    constrained

Stress tensor Voigt[x,y,z,yz,xz,xy] (kbar):     -102.93     -100.90       36.29       -0.09       -0.05       -0.59
(Free)E + p*V (eV/cell)     -653.2139
Target enthalpy (eV/cell)     -654.4374

                     ====================================
                        Begin CG opt. move =     62
                     ====================================

superc: Internal auxiliary supercell:     5 x     7 x     3  =     105
superc: Number of atoms, orbitals, and projectors:    420   5460   3360

outcell: Unit cell vectors (Ang):
        2.130000   -1.229756    0.000000
        2.130000    1.229756    0.000000
        0.000000    0.000000    6.700000

outcell: Cell vector modules (Ang)   :    2.459512    2.459512    6.700000
outcell: Cell angles (23,13,12) (deg):     90.0000     90.0000     60.0000
outcell: Cell volume (Ang**3)        :     35.0997
<dSpData1D:S at geom step 62
  <sparsity:sparsity for geom step 62
    nrows_g=52 nrows=52 sparsity=14.1879 nnzs=38364, refcount: 7>
  <dData1D:(new from dSpData1D) n=38364, refcount: 1>
refcount: 1>
new_DM -- step:    63
Re-using DM from previous geometries...
Number of DMs in history: 1
 DM extrapolation coefficients: 
1   1.00000
New DM after history re-use:
<dSpData2D:SpM extrapolated using coords
  <sparsity:sparsity for geom step 62
    nrows_g=52 nrows=52 sparsity=14.1879 nnzs=38364, refcount: 9>
  <dData2D:(temp array for extrapolation) n=38364 m=1, refcount: 1>
refcount: 1>
No. of atoms with KB's overlaping orbs in proc 0. Max # of overlaps:      32     148

InitMesh: MESH = 24 x 24 x 72 = 41472
InitMesh: Mesh cutoff (required, used) =   300.000   319.167 Ry
New grid distribution [1]: sub = 2

        iscf     Eharris(eV)        E_KS(eV)     FreeEng(eV)     dDmax    Ef(eV) dHmax(eV)
   scf:    1     -654.437147     -654.437127     -654.437422  0.003281 -3.779959  0.005701
   scf:    2     -654.437065     -654.437111     -654.437407  0.000156 -3.780012  0.011291
   scf:    3     -654.437139     -654.437132     -654.437427  0.000104 -3.779976  0.000460
   scf:    4     -654.437132     -654.437132     -654.437427  0.000000 -3.779976  0.000429

SCF Convergence by DM+H criterion
max |DM_out - DM_in|         :     0.0000004852
max |H_out - H_in|      (eV) :     0.0004288837
SCF cycle converged after 4 iterations

Using DM_out to compute the final energy and forces
No. of atoms with KB's overlaping orbs in proc 0. Max # of overlaps:      32     148

siesta: E_KS(eV) =             -654.4371

siesta: Atomic forces (eV/Ang):
----------------------------------------
   Tot   -0.006500    0.014223    0.001846
----------------------------------------
   Max    0.060910
   Res    0.043519    sqrt( Sum f_i^2 / 3N )
----------------------------------------
   Max    0.060910    constrained

Stress tensor Voigt[x,y,z,yz,xz,xy] (kbar):     -102.51     -101.33       36.27       -0.07       -0.03       -0.55
(Free)E + p*V (eV/cell)     -653.2137
Target enthalpy (eV/cell)     -654.4374

cgvc: Finished line minimization   19.  Mean atomic displacement =    0.0124

                     ====================================
                        Begin CG opt. move =     63
                     ====================================

superc: Internal auxiliary supercell:     5 x     7 x     3  =     105
superc: Number of atoms, orbitals, and projectors:    420   5460   3360

outcell: Unit cell vectors (Ang):
        2.130000   -1.229756    0.000000
        2.130000    1.229756    0.000000
        0.000000    0.000000    6.700000

outcell: Cell vector modules (Ang)   :    2.459512    2.459512    6.700000
outcell: Cell angles (23,13,12) (deg):     90.0000     90.0000     60.0000
outcell: Cell volume (Ang**3)        :     35.0997
<dSpData1D:S at geom step 63
  <sparsity:sparsity for geom step 63
    nrows_g=52 nrows=52 sparsity=14.2234 nnzs=38460, refcount: 7>
  <dData1D:(new from dSpData1D) n=38460, refcount: 1>
refcount: 1>
new_DM -- step:    64
Re-using DM from previous geometries...
Number of DMs in history: 1
 DM extrapolation coefficients: 
1   1.00000
New DM after history re-use:
<dSpData2D:SpM extrapolated using coords
  <sparsity:sparsity for geom step 63
    nrows_g=52 nrows=52 sparsity=14.2234 nnzs=38460, refcount: 9>
  <dData2D:(temp array for extrapolation) n=38460 m=1, refcount: 1>
refcount: 1>
No. of atoms with KB's overlaping orbs in proc 0. Max # of overlaps:      32     148

InitMesh: MESH = 24 x 24 x 72 = 41472
InitMesh: Mesh cutoff (required, used) =   300.000   319.167 Ry
New grid distribution [1]: sub = 2

        iscf     Eharris(eV)        E_KS(eV)     FreeEng(eV)     dDmax    Ef(eV) dHmax(eV)
   scf:    1     -654.437218     -654.437309     -654.437589  0.015719 -3.779428  0.015411
   scf:    2     -654.436925     -654.437216     -654.437492  0.000440 -3.779414  0.029300
   scf:    3     -654.437385     -654.437344     -654.437623  0.000291 -3.779430  0.001722
   scf:    4     -654.437344     -654.437344     -654.437623  0.000002 -3.779432  0.001605
   scf:    5     -654.437345     -654.437345     -654.437623  0.000026 -3.779453  0.000302

SCF Convergence by DM+H criterion
max |DM_out - DM_in|         :     0.0000262202
max |H_out - H_in|      (eV) :     0.0003020477
SCF cycle converged after 5 iterations

Using DM_out to compute the final energy and forces
No. of atoms with KB's overlaping orbs in proc 0. Max # of overlaps:      32     148

siesta: E_KS(eV) =             -654.4373

siesta: Atomic forces (eV/Ang):
----------------------------------------
   Tot   -0.008920    0.011802    0.001556
----------------------------------------
   Max    0.108581
   Res    0.043693    sqrt( Sum f_i^2 / 3N )
----------------------------------------
   Max    0.108581    constrained

Stress tensor Voigt[x,y,z,yz,xz,xy] (kbar):     -103.59     -100.33       36.32       -0.08       -0.11       -1.24
(Free)E + p*V (eV/cell)     -653.2137
Target enthalpy (eV/cell)     -654.4376

                     ====================================
                        Begin CG opt. move =     64
                     ====================================

superc: Internal auxiliary supercell:     5 x     7 x     3  =     105
superc: Number of atoms, orbitals, and projectors:    420   5460   3360

outcell: Unit cell vectors (Ang):
        2.130000   -1.229756    0.000000
        2.130000    1.229756    0.000000
        0.000000    0.000000    6.700000

outcell: Cell vector modules (Ang)   :    2.459512    2.459512    6.700000
outcell: Cell angles (23,13,12) (deg):     90.0000     90.0000     60.0000
outcell: Cell volume (Ang**3)        :     35.0997
<dSpData1D:S at geom step 64
  <sparsity:sparsity for geom step 64
    nrows_g=52 nrows=52 sparsity=14.1760 nnzs=38332, refcount: 7>
  <dData1D:(new from dSpData1D) n=38332, refcount: 1>
refcount: 1>
new_DM -- step:    65
Re-using DM from previous geometries...
Number of DMs in history: 1
 DM extrapolation coefficients: 
1   1.00000
New DM after history re-use:
<dSpData2D:SpM extrapolated using coords
  <sparsity:sparsity for geom step 64
    nrows_g=52 nrows=52 sparsity=14.1760 nnzs=38332, refcount: 9>
  <dData2D:(temp array for extrapolation) n=38332 m=1, refcount: 1>
refcount: 1>
No. of atoms with KB's overlaping orbs in proc 0. Max # of overlaps:      32     148

InitMesh: MESH = 24 x 24 x 72 = 41472
InitMesh: Mesh cutoff (required, used) =   300.000   319.167 Ry
New grid distribution [1]: sub = 2

        iscf     Eharris(eV)        E_KS(eV)     FreeEng(eV)     dDmax    Ef(eV) dHmax(eV)
   scf:    1     -654.437383     -654.437363     -654.437648  0.000756 -3.779662  0.004005
   scf:    2     -654.437335     -654.437355     -654.437642  0.000114 -3.779663  0.007579
   scf:    3     -654.437368     -654.437365     -654.437651  0.000076 -3.779663  0.000498

SCF Convergence by DM+H criterion
max |DM_out - DM_in|         :     0.0000756528
max |H_out - H_in|      (eV) :     0.0004984492
SCF cycle converged after 3 iterations

Using DM_out to compute the final energy and forces
No. of atoms with KB's overlaping orbs in proc 0. Max # of overlaps:      32     148

siesta: E_KS(eV) =             -654.4374

siesta: Atomic forces (eV/Ang):
----------------------------------------
   Tot   -0.007937    0.012499    0.001718
----------------------------------------
   Max    0.070766
   Res    0.030175    sqrt( Sum f_i^2 / 3N )
----------------------------------------
   Max    0.070766    constrained

Stress tensor Voigt[x,y,z,yz,xz,xy] (kbar):     -103.30     -100.58       36.32       -0.08       -0.09       -1.04
(Free)E + p*V (eV/cell)     -653.2140
Target enthalpy (eV/cell)     -654.4377

cgvc: Finished line minimization   20.  Mean atomic displacement =    0.0091

                     ====================================
                        Begin CG opt. move =     65
                     ====================================

superc: Internal auxiliary supercell:     5 x     7 x     3  =     105
superc: Number of atoms, orbitals, and projectors:    420   5460   3360

outcell: Unit cell vectors (Ang):
        2.130000   -1.229756    0.000000
        2.130000    1.229756    0.000000
        0.000000    0.000000    6.700000

outcell: Cell vector modules (Ang)   :    2.459512    2.459512    6.700000
outcell: Cell angles (23,13,12) (deg):     90.0000     90.0000     60.0000
outcell: Cell volume (Ang**3)        :     35.0997
<dSpData1D:S at geom step 65
  <sparsity:sparsity for geom step 65
    nrows_g=52 nrows=52 sparsity=14.2278 nnzs=38472, refcount: 7>
  <dData1D:(new from dSpData1D) n=38472, refcount: 1>
refcount: 1>
new_DM -- step:    66
Re-using DM from previous geometries...
Number of DMs in history: 1
 DM extrapolation coefficients: 
1   1.00000
New DM after history re-use:
<dSpData2D:SpM extrapolated using coords
  <sparsity:sparsity for geom step 65
    nrows_g=52 nrows=52 sparsity=14.2278 nnzs=38472, refcount: 9>
  <dData2D:(temp array for extrapolation) n=38472 m=1, refcount: 1>
refcount: 1>
No. of atoms with KB's overlaping orbs in proc 0. Max # of overlaps:      32     148

InitMesh: MESH = 24 x 24 x 72 = 41472
InitMesh: Mesh cutoff (required, used) =   300.000   319.167 Ry
New grid distribution [1]: sub = 2

        iscf     Eharris(eV)        E_KS(eV)     FreeEng(eV)     dDmax    Ef(eV) dHmax(eV)
   scf:    1     -654.437358     -654.437179     -654.437457  0.015742 -3.779691  0.009911
   scf:    2     -654.437037     -654.437146     -654.437422  0.000289 -3.779752  0.018305
   scf:    3     -654.437210     -654.437195     -654.437472  0.000188 -3.779714  0.001890
   scf:    4     -654.437195     -654.437195     -654.437472  0.000002 -3.779715  0.001760
   scf:    5     -654.437196     -654.437196     -654.437472  0.000026 -3.779730  0.000153

SCF Convergence by DM+H criterion
max |DM_out - DM_in|         :     0.0000262670
max |H_out - H_in|      (eV) :     0.0001529106
SCF cycle converged after 5 iterations

Using DM_out to compute the final energy and forces
No. of atoms with KB's overlaping orbs in proc 0. Max # of overlaps:      32     148

siesta: E_KS(eV) =             -654.4372

siesta: Atomic forces (eV/Ang):
----------------------------------------
   Tot   -0.009478    0.009559    0.001690
----------------------------------------
   Max    0.115025
   Res    0.071072    sqrt( Sum f_i^2 / 3N )
----------------------------------------
   Max    0.115025    constrained

Stress tensor Voigt[x,y,z,yz,xz,xy] (kbar):     -100.74     -103.35       36.33       -0.03       -0.15       -0.55
(Free)E + p*V (eV/cell)     -653.2124
Target enthalpy (eV/cell)     -654.4375

                     ====================================
                        Begin CG opt. move =     66
                     ====================================

superc: Internal auxiliary supercell:     5 x     7 x     3  =     105
superc: Number of atoms, orbitals, and projectors:    420   5460   3360

outcell: Unit cell vectors (Ang):
        2.130000   -1.229756    0.000000
        2.130000    1.229756    0.000000
        0.000000    0.000000    6.700000

outcell: Cell vector modules (Ang)   :    2.459512    2.459512    6.700000
outcell: Cell angles (23,13,12) (deg):     90.0000     90.0000     60.0000
outcell: Cell volume (Ang**3)        :     35.0997
<dSpData1D:S at geom step 66
  <sparsity:sparsity for geom step 66
    nrows_g=52 nrows=52 sparsity=14.2234 nnzs=38460, refcount: 7>
  <dData1D:(new from dSpData1D) n=38460, refcount: 1>
refcount: 1>
new_DM -- step:    67
Re-using DM from previous geometries...
Number of DMs in history: 1
 DM extrapolation coefficients: 
1   1.00000
New DM after history re-use:
<dSpData2D:SpM extrapolated using coords
  <sparsity:sparsity for geom step 66
    nrows_g=52 nrows=52 sparsity=14.2234 nnzs=38460, refcount: 9>
  <dData2D:(temp array for extrapolation) n=38460 m=1, refcount: 1>
refcount: 1>
No. of atoms with KB's overlaping orbs in proc 0. Max # of overlaps:      32     148

InitMesh: MESH = 24 x 24 x 72 = 41472
InitMesh: Mesh cutoff (required, used) =   300.000   319.167 Ry
New grid distribution [1]: sub = 2

        iscf     Eharris(eV)        E_KS(eV)     FreeEng(eV)     dDmax    Ef(eV) dHmax(eV)
   scf:    1     -654.437360     -654.437425     -654.437715  0.001733 -3.779624  0.006604
   scf:    2     -654.437355     -654.437408     -654.437698  0.000192 -3.779640  0.012252
   scf:    3     -654.437439     -654.437431     -654.437721  0.000126 -3.779629  0.001323
   scf:    4     -654.437431     -654.437431     -654.437721  0.000001 -3.779629  0.001231
   scf:    5     -654.437432     -654.437432     -654.437721  0.000016 -3.779629  0.000237

SCF Convergence by DM+H criterion
max |DM_out - DM_in|         :     0.0000155072
max |H_out - H_in|      (eV) :     0.0002369588
SCF cycle converged after 5 iterations

Using DM_out to compute the final energy and forces
No. of atoms with KB's overlaping orbs in proc 0. Max # of overlaps:      32     148

siesta: E_KS(eV) =             -654.4374

siesta: Atomic forces (eV/Ang):
----------------------------------------
   Tot   -0.008532    0.011608    0.001633
----------------------------------------
   Max    0.028454
   Res    0.014738    sqrt( Sum f_i^2 / 3N )
----------------------------------------
   Max    0.028454    constrained

Stress tensor Voigt[x,y,z,yz,xz,xy] (kbar):     -102.39     -101.53       36.32       -0.06       -0.11       -0.85
(Free)E + p*V (eV/cell)     -653.2138
Target enthalpy (eV/cell)     -654.4377

cgvc: Finished line minimization   21.  Mean atomic displacement =    0.0032

                     ====================================
                        Begin CG opt. move =     67
                     ====================================

superc: Internal auxiliary supercell:     5 x     7 x     3  =     105
superc: Number of atoms, orbitals, and projectors:    420   5460   3360

outcell: Unit cell vectors (Ang):
        2.130000   -1.229756    0.000000
        2.130000    1.229756    0.000000
        0.000000    0.000000    6.700000

outcell: Cell vector modules (Ang)   :    2.459512    2.459512    6.700000
outcell: Cell angles (23,13,12) (deg):     90.0000     90.0000     60.0000
outcell: Cell volume (Ang**3)        :     35.0997
<dSpData1D:S at geom step 67
  <sparsity:sparsity for geom step 67
    nrows_g=52 nrows=52 sparsity=14.2278 nnzs=38472, refcount: 7>
  <dData1D:(new from dSpData1D) n=38472, refcount: 1>
refcount: 1>
new_DM -- step:    68
Re-using DM from previous geometries...
Number of DMs in history: 1
 DM extrapolation coefficients: 
1   1.00000
New DM after history re-use:
<dSpData2D:SpM extrapolated using coords
  <sparsity:sparsity for geom step 67
    nrows_g=52 nrows=52 sparsity=14.2278 nnzs=38472, refcount: 9>
  <dData2D:(temp array for extrapolation) n=38472 m=1, refcount: 1>
refcount: 1>
No. of atoms with KB's overlaping orbs in proc 0. Max # of overlaps:      32     148

InitMesh: MESH = 24 x 24 x 72 = 41472
InitMesh: Mesh cutoff (required, used) =   300.000   319.167 Ry
New grid distribution [1]: sub = 2

        iscf     Eharris(eV)        E_KS(eV)     FreeEng(eV)     dDmax    Ef(eV) dHmax(eV)
   scf:    1     -654.437464     -654.437430     -654.437716  0.004581 -3.779621  0.002418
   scf:    2     -654.437426     -654.437429     -654.437715  0.000063 -3.779593  0.005002
   scf:    3     -654.437431     -654.437431     -654.437717  0.000043 -3.779613  0.000732

SCF Convergence by DM+H criterion
max |DM_out - DM_in|         :     0.0000427108
max |H_out - H_in|      (eV) :     0.0007316420
SCF cycle converged after 3 iterations

Using DM_out to compute the final energy and forces
No. of atoms with KB's overlaping orbs in proc 0. Max # of overlaps:      32     148

siesta: E_KS(eV) =             -654.4374

siesta: Atomic forces (eV/Ang):
----------------------------------------
   Tot   -0.009613    0.010763    0.001729
----------------------------------------
   Max    0.063925
   Res    0.035847    sqrt( Sum f_i^2 / 3N )
----------------------------------------
   Max    0.063925    constrained

Stress tensor Voigt[x,y,z,yz,xz,xy] (kbar):     -102.38     -101.56       36.35       -0.05       -0.12       -0.70
(Free)E + p*V (eV/cell)     -653.2138
Target enthalpy (eV/cell)     -654.4377

                     ====================================
                        Begin CG opt. move =     68
                     ====================================

superc: Internal auxiliary supercell:     5 x     7 x     3  =     105
superc: Number of atoms, orbitals, and projectors:    420   5460   3360

outcell: Unit cell vectors (Ang):
        2.130000   -1.229756    0.000000
        2.130000    1.229756    0.000000
        0.000000    0.000000    6.700000

outcell: Cell vector modules (Ang)   :    2.459512    2.459512    6.700000
outcell: Cell angles (23,13,12) (deg):     90.0000     90.0000     60.0000
outcell: Cell volume (Ang**3)        :     35.0997
<dSpData1D:S at geom step 68
  <sparsity:sparsity for geom step 68
    nrows_g=52 nrows=52 sparsity=14.2234 nnzs=38460, refcount: 7>
  <dData1D:(new from dSpData1D) n=38460, refcount: 1>
refcount: 1>
new_DM -- step:    69
Re-using DM from previous geometries...
Number of DMs in history: 1
 DM extrapolation coefficients: 
1   1.00000
New DM after history re-use:
<dSpData2D:SpM extrapolated using coords
  <sparsity:sparsity for geom step 68
    nrows_g=52 nrows=52 sparsity=14.2234 nnzs=38460, refcount: 9>
  <dData2D:(temp array for extrapolation) n=38460 m=1, refcount: 1>
refcount: 1>
No. of atoms with KB's overlaping orbs in proc 0. Max # of overlaps:      32     148

InitMesh: MESH = 24 x 24 x 72 = 41472
InitMesh: Mesh cutoff (required, used) =   300.000   319.167 Ry
New grid distribution [1]: sub = 2

        iscf     Eharris(eV)        E_KS(eV)     FreeEng(eV)     dDmax    Ef(eV) dHmax(eV)
   scf:    1     -654.437452     -654.437458     -654.437747  0.000349 -3.779643  0.001099
   scf:    2     -654.437456     -654.437457     -654.437747  0.000027 -3.779632  0.002073
   scf:    3     -654.437458     -654.437458     -654.437747  0.000017 -3.779639  0.000451

SCF Convergence by DM+H criterion
max |DM_out - DM_in|         :     0.0000171191
max |H_out - H_in|      (eV) :     0.0004511587
SCF cycle converged after 3 iterations

Using DM_out to compute the final energy and forces
No. of atoms with KB's overlaping orbs in proc 0. Max # of overlaps:      32     148

siesta: E_KS(eV) =             -654.4375

siesta: Atomic forces (eV/Ang):
----------------------------------------
   Tot   -0.008880    0.011320    0.001698
----------------------------------------
   Max    0.033934
   Res    0.015873    sqrt( Sum f_i^2 / 3N )
----------------------------------------
   Max    0.033934    constrained

Stress tensor Voigt[x,y,z,yz,xz,xy] (kbar):     -102.40     -101.56       36.33       -0.06       -0.11       -0.76
(Free)E + p*V (eV/cell)     -653.2137
Target enthalpy (eV/cell)     -654.4377

cgvc: Finished line minimization   22.  Mean atomic displacement =    0.0015

                     ====================================
                        Begin CG opt. move =     69
                     ====================================

superc: Internal auxiliary supercell:     5 x     7 x     3  =     105
superc: Number of atoms, orbitals, and projectors:    420   5460   3360

outcell: Unit cell vectors (Ang):
        2.130000   -1.229756    0.000000
        2.130000    1.229756    0.000000
        0.000000    0.000000    6.700000

outcell: Cell vector modules (Ang)   :    2.459512    2.459512    6.700000
outcell: Cell angles (23,13,12) (deg):     90.0000     90.0000     60.0000
outcell: Cell volume (Ang**3)        :     35.0997
<dSpData1D:S at geom step 69
  <sparsity:sparsity for geom step 69
    nrows_g=52 nrows=52 sparsity=14.2234 nnzs=38460, refcount: 7>
  <dData1D:(new from dSpData1D) n=38460, refcount: 1>
refcount: 1>
new_DM -- step:    70
Re-using DM from previous geometries...
Number of DMs in history: 1
 DM extrapolation coefficients: 
1   1.00000
New DM after history re-use:
<dSpData2D:SpM extrapolated using coords
  <sparsity:sparsity for geom step 69
    nrows_g=52 nrows=52 sparsity=14.2234 nnzs=38460, refcount: 9>
  <dData2D:(temp array for extrapolation) n=38460 m=1, refcount: 1>
refcount: 1>
No. of atoms with KB's overlaping orbs in proc 0. Max # of overlaps:      32     148

InitMesh: MESH = 24 x 24 x 72 = 41472
InitMesh: Mesh cutoff (required, used) =   300.000   319.167 Ry
New grid distribution [1]: sub = 2

        iscf     Eharris(eV)        E_KS(eV)     FreeEng(eV)     dDmax    Ef(eV) dHmax(eV)
   scf:    1     -654.437493     -654.437498     -654.437786  0.000236 -3.779577  0.000409
   scf:    2     -654.437498     -654.437498     -654.437786  0.000011 -3.779602  0.000756

SCF Convergence by DM+H criterion
max |DM_out - DM_in|         :     0.0000109271
max |H_out - H_in|      (eV) :     0.0007563027
SCF cycle converged after 2 iterations

Using DM_out to compute the final energy and forces
No. of atoms with KB's overlaping orbs in proc 0. Max # of overlaps:      32     148

siesta: E_KS(eV) =             -654.4375

siesta: Atomic forces (eV/Ang):
----------------------------------------
   Tot   -0.009202    0.010350    0.001655
----------------------------------------
   Max    0.028276
   Res    0.014859    sqrt( Sum f_i^2 / 3N )
----------------------------------------
   Max    0.028276    constrained

Stress tensor Voigt[x,y,z,yz,xz,xy] (kbar):     -102.65     -101.30       36.35       -0.05       -0.12       -0.86
(Free)E + p*V (eV/cell)     -653.2139
Target enthalpy (eV/cell)     -654.4378

                     ====================================
                        Begin CG opt. move =     70
                     ====================================

superc: Internal auxiliary supercell:     5 x     7 x     3  =     105
superc: Number of atoms, orbitals, and projectors:    420   5460   3360

outcell: Unit cell vectors (Ang):
        2.130000   -1.229756    0.000000
        2.130000    1.229756    0.000000
        0.000000    0.000000    6.700000

outcell: Cell vector modules (Ang)   :    2.459512    2.459512    6.700000
outcell: Cell angles (23,13,12) (deg):     90.0000     90.0000     60.0000
outcell: Cell volume (Ang**3)        :     35.0997
<dSpData1D:S at geom step 70
  <sparsity:sparsity for geom step 70
    nrows_g=52 nrows=52 sparsity=14.2278 nnzs=38472, refcount: 7>
  <dData1D:(new from dSpData1D) n=38472, refcount: 1>
refcount: 1>
new_DM -- step:    71
Re-using DM from previous geometries...
Number of DMs in history: 1
 DM extrapolation coefficients: 
1   1.00000
New DM after history re-use:
<dSpData2D:SpM extrapolated using coords
  <sparsity:sparsity for geom step 70
    nrows_g=52 nrows=52 sparsity=14.2278 nnzs=38472, refcount: 9>
  <dData2D:(temp array for extrapolation) n=38472 m=1, refcount: 1>
refcount: 1>
No. of atoms with KB's overlaping orbs in proc 0. Max # of overlaps:      32     148

InitMesh: MESH = 24 x 24 x 72 = 41472
InitMesh: Mesh cutoff (required, used) =   300.000   319.167 Ry
New grid distribution [1]: sub = 2

        iscf     Eharris(eV)        E_KS(eV)     FreeEng(eV)     dDmax    Ef(eV) dHmax(eV)
   scf:    1     -654.437531     -654.437540     -654.437825  0.004587 -3.779491  0.001805
   scf:    2     -654.437538     -654.437540     -654.437825  0.000052 -3.779552  0.003719
   scf:    3     -654.437540     -654.437540     -654.437826  0.000036 -3.779511  0.000400

SCF Convergence by DM+H criterion
max |DM_out - DM_in|         :     0.0000361060
max |H_out - H_in|      (eV) :     0.0004003615
SCF cycle converged after 3 iterations

Using DM_out to compute the final energy and forces
No. of atoms with KB's overlaping orbs in proc 0. Max # of overlaps:      32     148

siesta: E_KS(eV) =             -654.4375

siesta: Atomic forces (eV/Ang):
----------------------------------------
   Tot   -0.010306    0.009515    0.001660
----------------------------------------
   Max    0.035869
   Res    0.023421    sqrt( Sum f_i^2 / 3N )
----------------------------------------
   Max    0.035869    constrained

Stress tensor Voigt[x,y,z,yz,xz,xy] (kbar):     -103.12     -100.88       36.39       -0.04       -0.13       -1.05
(Free)E + p*V (eV/cell)     -653.2138
Target enthalpy (eV/cell)     -654.4378

                     ====================================
                        Begin CG opt. move =     71
                     ====================================

superc: Internal auxiliary supercell:     5 x     7 x     3  =     105
superc: Number of atoms, orbitals, and projectors:    420   5460   3360

outcell: Unit cell vectors (Ang):
        2.130000   -1.229756    0.000000
        2.130000    1.229756    0.000000
        0.000000    0.000000    6.700000

outcell: Cell vector modules (Ang)   :    2.459512    2.459512    6.700000
outcell: Cell angles (23,13,12) (deg):     90.0000     90.0000     60.0000
outcell: Cell volume (Ang**3)        :     35.0997
<dSpData1D:S at geom step 71
  <sparsity:sparsity for geom step 71
    nrows_g=52 nrows=52 sparsity=14.2278 nnzs=38472, refcount: 7>
  <dData1D:(new from dSpData1D) n=38472, refcount: 1>
refcount: 1>
new_DM -- step:    72
Re-using DM from previous geometries...
Number of DMs in history: 1
 DM extrapolation coefficients: 
1   1.00000
New DM after history re-use:
<dSpData2D:SpM extrapolated using coords
  <sparsity:sparsity for geom step 71
    nrows_g=52 nrows=52 sparsity=14.2278 nnzs=38472, refcount: 9>
  <dData2D:(temp array for extrapolation) n=38472 m=1, refcount: 1>
refcount: 1>
No. of atoms with KB's overlaping orbs in proc 0. Max # of overlaps:      32     148

InitMesh: MESH = 24 x 24 x 72 = 41472
InitMesh: Mesh cutoff (required, used) =   300.000   319.167 Ry
New grid distribution [1]: sub = 2

        iscf     Eharris(eV)        E_KS(eV)     FreeEng(eV)     dDmax    Ef(eV) dHmax(eV)
   scf:    1     -654.437537     -654.437550     -654.437828  0.000615 -3.779367  0.000989
   scf:    2     -654.437551     -654.437551     -654.437828  0.000025 -3.779404  0.001070
   scf:    3     -654.437551     -654.437551     -654.437828  0.000014 -3.779384  0.000360

SCF Convergence by DM+H criterion
max |DM_out - DM_in|         :     0.0000135849
max |H_out - H_in|      (eV) :     0.0003598404
SCF cycle converged after 3 iterations

Using DM_out to compute the final energy and forces
No. of atoms with KB's overlaping orbs in proc 0. Max # of overlaps:      32     148

siesta: E_KS(eV) =             -654.4376

siesta: Atomic forces (eV/Ang):
----------------------------------------
   Tot   -0.011520    0.008277    0.001680
----------------------------------------
   Max    0.078316
   Res    0.045247    sqrt( Sum f_i^2 / 3N )
----------------------------------------
   Max    0.078316    constrained

Stress tensor Voigt[x,y,z,yz,xz,xy] (kbar):     -103.86     -100.21       36.43       -0.03       -0.13       -1.32
(Free)E + p*V (eV/cell)     -653.2137
Target enthalpy (eV/cell)     -654.4378

                     ====================================
                        Begin CG opt. move =     72
                     ====================================

superc: Internal auxiliary supercell:     5 x     7 x     3  =     105
superc: Number of atoms, orbitals, and projectors:    420   5460   3360

outcell: Unit cell vectors (Ang):
        2.130000   -1.229756    0.000000
        2.130000    1.229756    0.000000
        0.000000    0.000000    6.700000

outcell: Cell vector modules (Ang)   :    2.459512    2.459512    6.700000
outcell: Cell angles (23,13,12) (deg):     90.0000     90.0000     60.0000
outcell: Cell volume (Ang**3)        :     35.0997
<dSpData1D:S at geom step 72
  <sparsity:sparsity for geom step 72
    nrows_g=52 nrows=52 sparsity=14.2278 nnzs=38472, refcount: 7>
  <dData1D:(new from dSpData1D) n=38472, refcount: 1>
refcount: 1>
new_DM -- step:    73
Re-using DM from previous geometries...
Number of DMs in history: 1
 DM extrapolation coefficients: 
1   1.00000
New DM after history re-use:
<dSpData2D:SpM extrapolated using coords
  <sparsity:sparsity for geom step 72
    nrows_g=52 nrows=52 sparsity=14.2278 nnzs=38472, refcount: 9>
  <dData2D:(temp array for extrapolation) n=38472 m=1, refcount: 1>
refcount: 1>
No. of atoms with KB's overlaping orbs in proc 0. Max # of overlaps:      32     148

InitMesh: MESH = 24 x 24 x 72 = 41472
InitMesh: Mesh cutoff (required, used) =   300.000   319.167 Ry
New grid distribution [1]: sub = 2

        iscf     Eharris(eV)        E_KS(eV)     FreeEng(eV)     dDmax    Ef(eV) dHmax(eV)
   scf:    1     -654.437565     -654.437555     -654.437836  0.000271 -3.779473  0.000642
   scf:    2     -654.437554     -654.437555     -654.437836  0.000011 -3.779448  0.000235

SCF Convergence by DM+H criterion
max |DM_out - DM_in|         :     0.0000107166
max |H_out - H_in|      (eV) :     0.0002349334
SCF cycle converged after 2 iterations

Using DM_out to compute the final energy and forces
No. of atoms with KB's overlaping orbs in proc 0. Max # of overlaps:      32     148

siesta: E_KS(eV) =             -654.4376

siesta: Atomic forces (eV/Ang):
----------------------------------------
   Tot   -0.010985    0.008636    0.001626
----------------------------------------
   Max    0.056879
   Res    0.035075    sqrt( Sum f_i^2 / 3N )
----------------------------------------
   Max    0.056879    constrained

Stress tensor Voigt[x,y,z,yz,xz,xy] (kbar):     -103.54     -100.49       36.41       -0.03       -0.13       -1.20
(Free)E + p*V (eV/cell)     -653.2138
Target enthalpy (eV/cell)     -654.4378

cgvc: Finished line minimization   23.  Mean atomic displacement =    0.0062

                     ====================================
                        Begin CG opt. move =     73
                     ====================================

superc: Internal auxiliary supercell:     5 x     7 x     3  =     105
superc: Number of atoms, orbitals, and projectors:    420   5460   3360

outcell: Unit cell vectors (Ang):
        2.130000   -1.229756    0.000000
        2.130000    1.229756    0.000000
        0.000000    0.000000    6.700000

outcell: Cell vector modules (Ang)   :    2.459512    2.459512    6.700000
outcell: Cell angles (23,13,12) (deg):     90.0000     90.0000     60.0000
outcell: Cell volume (Ang**3)        :     35.0997
<dSpData1D:S at geom step 73
  <sparsity:sparsity for geom step 73
    nrows_g=52 nrows=52 sparsity=14.2278 nnzs=38472, refcount: 7>
  <dData1D:(new from dSpData1D) n=38472, refcount: 1>
refcount: 1>
new_DM -- step:    74
Re-using DM from previous geometries...
Number of DMs in history: 1
 DM extrapolation coefficients: 
1   1.00000
New DM after history re-use:
<dSpData2D:SpM extrapolated using coords
  <sparsity:sparsity for geom step 73
    nrows_g=52 nrows=52 sparsity=14.2278 nnzs=38472, refcount: 9>
  <dData2D:(temp array for extrapolation) n=38472 m=1, refcount: 1>
refcount: 1>
No. of atoms with KB's overlaping orbs in proc 0. Max # of overlaps:      32     148

InitMesh: MESH = 24 x 24 x 72 = 41472
InitMesh: Mesh cutoff (required, used) =   300.000   319.167 Ry
New grid distribution [1]: sub = 2

        iscf     Eharris(eV)        E_KS(eV)     FreeEng(eV)     dDmax    Ef(eV) dHmax(eV)
   scf:    1     -654.437755     -654.437707     -654.437990  0.000629 -3.779394  0.001276
   scf:    2     -654.437705     -654.437706     -654.437989  0.000042 -3.779472  0.002844
   scf:    3     -654.437707     -654.437707     -654.437990  0.000029 -3.779421  0.000295

SCF Convergence by DM+H criterion
max |DM_out - DM_in|         :     0.0000290522
max |H_out - H_in|      (eV) :     0.0002954060
SCF cycle converged after 3 iterations

Using DM_out to compute the final energy and forces
No. of atoms with KB's overlaping orbs in proc 0. Max # of overlaps:      32     148

siesta: E_KS(eV) =             -654.4377

siesta: Atomic forces (eV/Ang):
----------------------------------------
   Tot   -0.011801    0.006900    0.001774
----------------------------------------
   Max    0.060281
   Res    0.029044    sqrt( Sum f_i^2 / 3N )
----------------------------------------
   Max    0.060281    constrained

Stress tensor Voigt[x,y,z,yz,xz,xy] (kbar):     -103.43     -100.67       36.48       -0.01       -0.12       -1.37
(Free)E + p*V (eV/cell)     -653.2139
Target enthalpy (eV/cell)     -654.4380

                     ====================================
                        Begin CG opt. move =     74
                     ====================================

superc: Internal auxiliary supercell:     5 x     7 x     3  =     105
superc: Number of atoms, orbitals, and projectors:    420   5460   3360

outcell: Unit cell vectors (Ang):
        2.130000   -1.229756    0.000000
        2.130000    1.229756    0.000000
        0.000000    0.000000    6.700000

outcell: Cell vector modules (Ang)   :    2.459512    2.459512    6.700000
outcell: Cell angles (23,13,12) (deg):     90.0000     90.0000     60.0000
outcell: Cell volume (Ang**3)        :     35.0997
<dSpData1D:S at geom step 74
  <sparsity:sparsity for geom step 74
    nrows_g=52 nrows=52 sparsity=14.2160 nnzs=38440, refcount: 7>
  <dData1D:(new from dSpData1D) n=38440, refcount: 1>
refcount: 1>
new_DM -- step:    75
Re-using DM from previous geometries...
Number of DMs in history: 1
 DM extrapolation coefficients: 
1   1.00000
New DM after history re-use:
<dSpData2D:SpM extrapolated using coords
  <sparsity:sparsity for geom step 74
    nrows_g=52 nrows=52 sparsity=14.2160 nnzs=38440, refcount: 9>
  <dData2D:(temp array for extrapolation) n=38440 m=1, refcount: 1>
refcount: 1>
No. of atoms with KB's overlaping orbs in proc 0. Max # of overlaps:      32     148

InitMesh: MESH = 24 x 24 x 72 = 41472
InitMesh: Mesh cutoff (required, used) =   300.000   319.167 Ry
New grid distribution [1]: sub = 2

        iscf     Eharris(eV)        E_KS(eV)     FreeEng(eV)     dDmax    Ef(eV) dHmax(eV)
   scf:    1     -654.437941     -654.437849     -654.438131  0.001016 -3.779372  0.002558
   scf:    2     -654.437846     -654.437849     -654.438130  0.000078 -3.779412  0.005542
   scf:    3     -654.437850     -654.437850     -654.438132  0.000054 -3.779388  0.000397

SCF Convergence by DM+H criterion
max |DM_out - DM_in|         :     0.0000542069
max |H_out - H_in|      (eV) :     0.0003973462
SCF cycle converged after 3 iterations

Using DM_out to compute the final energy and forces
No. of atoms with KB's overlaping orbs in proc 0. Max # of overlaps:      32     148

siesta: E_KS(eV) =             -654.4378

siesta: Atomic forces (eV/Ang):
----------------------------------------
   Tot   -0.012723    0.004410    0.001485
----------------------------------------
   Max    0.065380
   Res    0.037313    sqrt( Sum f_i^2 / 3N )
----------------------------------------
   Max    0.065380    constrained

Stress tensor Voigt[x,y,z,yz,xz,xy] (kbar):     -103.33     -101.00       36.59       -0.01       -0.14       -1.49
(Free)E + p*V (eV/cell)     -653.2133
Target enthalpy (eV/cell)     -654.4381

                     ====================================
                        Begin CG opt. move =     75
                     ====================================

superc: Internal auxiliary supercell:     5 x     7 x     3  =     105
superc: Number of atoms, orbitals, and projectors:    420   5460   3360

outcell: Unit cell vectors (Ang):
        2.130000   -1.229756    0.000000
        2.130000    1.229756    0.000000
        0.000000    0.000000    6.700000

outcell: Cell vector modules (Ang)   :    2.459512    2.459512    6.700000
outcell: Cell angles (23,13,12) (deg):     90.0000     90.0000     60.0000
outcell: Cell volume (Ang**3)        :     35.0997
<dSpData1D:S at geom step 75
  <sparsity:sparsity for geom step 75
    nrows_g=52 nrows=52 sparsity=14.2041 nnzs=38408, refcount: 7>
  <dData1D:(new from dSpData1D) n=38408, refcount: 1>
refcount: 1>
new_DM -- step:    76
Re-using DM from previous geometries...
Number of DMs in history: 1
 DM extrapolation coefficients: 
1   1.00000
New DM after history re-use:
<dSpData2D:SpM extrapolated using coords
  <sparsity:sparsity for geom step 75
    nrows_g=52 nrows=52 sparsity=14.2041 nnzs=38408, refcount: 9>
  <dData2D:(temp array for extrapolation) n=38408 m=1, refcount: 1>
refcount: 1>
No. of atoms with KB's overlaping orbs in proc 0. Max # of overlaps:      32     148

InitMesh: MESH = 24 x 24 x 72 = 41472
InitMesh: Mesh cutoff (required, used) =   300.000   319.167 Ry
New grid distribution [1]: sub = 2

        iscf     Eharris(eV)        E_KS(eV)     FreeEng(eV)     dDmax    Ef(eV) dHmax(eV)
   scf:    1     -654.438008     -654.437828     -654.438100  0.016049 -3.779340  0.004692
   scf:    2     -654.437817     -654.437826     -654.438097  0.000142 -3.779208  0.010141
   scf:    3     -654.437829     -654.437829     -654.438101  0.000098 -3.779306  0.000656

SCF Convergence by DM+H criterion
max |DM_out - DM_in|         :     0.0000982133
max |H_out - H_in|      (eV) :     0.0006561056
SCF cycle converged after 3 iterations

Using DM_out to compute the final energy and forces
No. of atoms with KB's overlaping orbs in proc 0. Max # of overlaps:      32     148

siesta: E_KS(eV) =             -654.4378

siesta: Atomic forces (eV/Ang):
----------------------------------------
   Tot   -0.008549    0.003046    0.001565
----------------------------------------
   Max    0.093615
   Res    0.072683    sqrt( Sum f_i^2 / 3N )
----------------------------------------
   Max    0.093615    constrained

Stress tensor Voigt[x,y,z,yz,xz,xy] (kbar):     -103.07     -101.63       36.76       -0.03       -0.12       -1.76
(Free)E + p*V (eV/cell)     -653.2117
Target enthalpy (eV/cell)     -654.4381

                     ====================================
                        Begin CG opt. move =     76
                     ====================================

superc: Internal auxiliary supercell:     5 x     7 x     3  =     105
superc: Number of atoms, orbitals, and projectors:    420   5460   3360

outcell: Unit cell vectors (Ang):
        2.130000   -1.229756    0.000000
        2.130000    1.229756    0.000000
        0.000000    0.000000    6.700000

outcell: Cell vector modules (Ang)   :    2.459512    2.459512    6.700000
outcell: Cell angles (23,13,12) (deg):     90.0000     90.0000     60.0000
outcell: Cell volume (Ang**3)        :     35.0997
<dSpData1D:S at geom step 76
  <sparsity:sparsity for geom step 76
    nrows_g=52 nrows=52 sparsity=14.1686 nnzs=38312, refcount: 7>
  <dData1D:(new from dSpData1D) n=38312, refcount: 1>
refcount: 1>
new_DM -- step:    77
Re-using DM from previous geometries...
Number of DMs in history: 1
 DM extrapolation coefficients: 
1   1.00000
New DM after history re-use:
<dSpData2D:SpM extrapolated using coords
  <sparsity:sparsity for geom step 76
    nrows_g=52 nrows=52 sparsity=14.1686 nnzs=38312, refcount: 9>
  <dData2D:(temp array for extrapolation) n=38312 m=1, refcount: 1>
refcount: 1>
No. of atoms with KB's overlaping orbs in proc 0. Max # of overlaps:      32     148

InitMesh: MESH = 24 x 24 x 72 = 41472
InitMesh: Mesh cutoff (required, used) =   300.000   319.167 Ry
New grid distribution [1]: sub = 2

        iscf     Eharris(eV)        E_KS(eV)     FreeEng(eV)     dDmax    Ef(eV) dHmax(eV)
   scf:    1     -654.437818     -654.437878     -654.438157  0.000936 -3.779479  0.002433
   scf:    2     -654.437873     -654.437877     -654.438156  0.000072 -3.779450  0.005071
   scf:    3     -654.437879     -654.437878     -654.438157  0.000049 -3.779467  0.000550

SCF Convergence by DM+H criterion
max |DM_out - DM_in|         :     0.0000492947
max |H_out - H_in|      (eV) :     0.0005503588
SCF cycle converged after 3 iterations

Using DM_out to compute the final energy and forces
No. of atoms with KB's overlaping orbs in proc 0. Max # of overlaps:      32     148

siesta: E_KS(eV) =             -654.4379

siesta: Atomic forces (eV/Ang):
----------------------------------------
   Tot   -0.011616    0.003026    0.001553
----------------------------------------
   Max    0.073722
   Res    0.050621    sqrt( Sum f_i^2 / 3N )
----------------------------------------
   Max    0.073722    constrained

Stress tensor Voigt[x,y,z,yz,xz,xy] (kbar):     -103.31     -101.33       36.66       -0.01       -0.14       -1.59
(Free)E + p*V (eV/cell)     -653.2115
Target enthalpy (eV/cell)     -654.4382

cgvc: Finished line minimization   24.  Mean atomic displacement =    0.0226

                     ====================================
                        Begin CG opt. move =     77
                     ====================================

superc: Internal auxiliary supercell:     5 x     7 x     3  =     105
superc: Number of atoms, orbitals, and projectors:    420   5460   3360

outcell: Unit cell vectors (Ang):
        2.130000   -1.229756    0.000000
        2.130000    1.229756    0.000000
        0.000000    0.000000    6.700000

outcell: Cell vector modules (Ang)   :    2.459512    2.459512    6.700000
outcell: Cell angles (23,13,12) (deg):     90.0000     90.0000     60.0000
outcell: Cell volume (Ang**3)        :     35.0997
<dSpData1D:S at geom step 77
  <sparsity:sparsity for geom step 77
    nrows_g=52 nrows=52 sparsity=14.1923 nnzs=38376, refcount: 7>
  <dData1D:(new from dSpData1D) n=38376, refcount: 1>
refcount: 1>
new_DM -- step:    78
Re-using DM from previous geometries...
Number of DMs in history: 1
 DM extrapolation coefficients: 
1   1.00000
New DM after history re-use:
<dSpData2D:SpM extrapolated using coords
  <sparsity:sparsity for geom step 77
    nrows_g=52 nrows=52 sparsity=14.1923 nnzs=38376, refcount: 9>
  <dData2D:(temp array for extrapolation) n=38376 m=1, refcount: 1>
refcount: 1>
No. of atoms with KB's overlaping orbs in proc 0. Max # of overlaps:      32     148

InitMesh: MESH = 24 x 24 x 72 = 41472
InitMesh: Mesh cutoff (required, used) =   300.000   319.167 Ry
New grid distribution [1]: sub = 2

        iscf     Eharris(eV)        E_KS(eV)     FreeEng(eV)     dDmax    Ef(eV) dHmax(eV)
   scf:    1     -654.438510     -654.438253     -654.438539  0.016199 -3.779491  0.003955
   scf:    2     -654.438245     -654.438252     -654.438537  0.000102 -3.779856  0.007708
   scf:    3     -654.438255     -654.438254     -654.438540  0.000069 -3.779619  0.001671
   scf:    4     -654.438254     -654.438254     -654.438540  0.000001 -3.779627  0.001551
   scf:    5     -654.438255     -654.438255     -654.438540  0.000017 -3.779722  0.000229

SCF Convergence by DM+H criterion
max |DM_out - DM_in|         :     0.0000165984
max |H_out - H_in|      (eV) :     0.0002291997
SCF cycle converged after 5 iterations

Using DM_out to compute the final energy and forces
No. of atoms with KB's overlaping orbs in proc 0. Max # of overlaps:      32     148

siesta: E_KS(eV) =             -654.4383

siesta: Atomic forces (eV/Ang):
----------------------------------------
   Tot   -0.004094    0.004566    0.001413
----------------------------------------
   Max    0.081035
   Res    0.046313    sqrt( Sum f_i^2 / 3N )
----------------------------------------
   Max    0.081035    constrained

Stress tensor Voigt[x,y,z,yz,xz,xy] (kbar):     -102.27     -102.57       36.88       -0.02       -0.12       -1.60
(Free)E + p*V (eV/cell)     -653.2120
Target enthalpy (eV/cell)     -654.4385

                     ====================================
                        Begin CG opt. move =     78
                     ====================================

superc: Internal auxiliary supercell:     5 x     7 x     3  =     105
superc: Number of atoms, orbitals, and projectors:    420   5460   3360

outcell: Unit cell vectors (Ang):
        2.130000   -1.229756    0.000000
        2.130000    1.229756    0.000000
        0.000000    0.000000    6.700000

outcell: Cell vector modules (Ang)   :    2.459512    2.459512    6.700000
outcell: Cell angles (23,13,12) (deg):     90.0000     90.0000     60.0000
outcell: Cell volume (Ang**3)        :     35.0997
<dSpData1D:S at geom step 78
  <sparsity:sparsity for geom step 78
    nrows_g=52 nrows=52 sparsity=14.1975 nnzs=38390, refcount: 7>
  <dData1D:(new from dSpData1D) n=38390, refcount: 1>
refcount: 1>
new_DM -- step:    79
Re-using DM from previous geometries...
Number of DMs in history: 1
 DM extrapolation coefficients: 
1   1.00000
New DM after history re-use:
<dSpData2D:SpM extrapolated using coords
  <sparsity:sparsity for geom step 78
    nrows_g=52 nrows=52 sparsity=14.1975 nnzs=38390, refcount: 9>
  <dData2D:(temp array for extrapolation) n=38390 m=1, refcount: 1>
refcount: 1>
No. of atoms with KB's overlaping orbs in proc 0. Max # of overlaps:      32     148

InitMesh: MESH = 24 x 24 x 72 = 41472
InitMesh: Mesh cutoff (required, used) =   300.000   319.167 Ry
New grid distribution [1]: sub = 2

        iscf     Eharris(eV)        E_KS(eV)     FreeEng(eV)     dDmax    Ef(eV) dHmax(eV)
   scf:    1     -654.438390     -654.438007     -654.438262  0.004926 -3.780073  0.006430
   scf:    2     -654.437989     -654.438005     -654.438258  0.000158 -3.781041  0.011968
   scf:    3     -654.438012     -654.438011     -654.438266  0.000104 -3.780405  0.002638
   scf:    4     -654.438011     -654.438011     -654.438266  0.000002 -3.780414  0.002454
   scf:    5     -654.438013     -654.438012     -654.438267  0.000026 -3.780517  0.000400

SCF Convergence by DM+H criterion
max |DM_out - DM_in|         :     0.0000258447
max |H_out - H_in|      (eV) :     0.0003999693
SCF cycle converged after 5 iterations

Using DM_out to compute the final energy and forces
No. of atoms with KB's overlaping orbs in proc 0. Max # of overlaps:      32     148

siesta: E_KS(eV) =             -654.4380

siesta: Atomic forces (eV/Ang):
----------------------------------------
   Tot    0.006029    0.006333    0.001612
----------------------------------------
   Max    0.301052
   Res    0.131410    sqrt( Sum f_i^2 / 3N )
----------------------------------------
   Max    0.301052    constrained

Stress tensor Voigt[x,y,z,yz,xz,xy] (kbar):     -100.35     -104.66       37.16       -0.03       -0.13       -1.08
(Free)E + p*V (eV/cell)     -653.2126
Target enthalpy (eV/cell)     -654.4383

                     ====================================
                        Begin CG opt. move =     79
                     ====================================

superc: Internal auxiliary supercell:     5 x     7 x     3  =     105
superc: Number of atoms, orbitals, and projectors:    420   5460   3360

outcell: Unit cell vectors (Ang):
        2.130000   -1.229756    0.000000
        2.130000    1.229756    0.000000
        0.000000    0.000000    6.700000

outcell: Cell vector modules (Ang)   :    2.459512    2.459512    6.700000
outcell: Cell angles (23,13,12) (deg):     90.0000     90.0000     60.0000
outcell: Cell volume (Ang**3)        :     35.0997
<dSpData1D:S at geom step 79
  <sparsity:sparsity for geom step 79
    nrows_g=52 nrows=52 sparsity=14.1923 nnzs=38376, refcount: 7>
  <dData1D:(new from dSpData1D) n=38376, refcount: 1>
refcount: 1>
new_DM -- step:    80
Re-using DM from previous geometries...
Number of DMs in history: 1
 DM extrapolation coefficients: 
1   1.00000
New DM after history re-use:
<dSpData2D:SpM extrapolated using coords
  <sparsity:sparsity for geom step 79
    nrows_g=52 nrows=52 sparsity=14.1923 nnzs=38376, refcount: 9>
  <dData2D:(temp array for extrapolation) n=38376 m=1, refcount: 1>
refcount: 1>
No. of atoms with KB's overlaping orbs in proc 0. Max # of overlaps:      32     148

InitMesh: MESH = 24 x 24 x 72 = 41472
InitMesh: Mesh cutoff (required, used) =   300.000   319.167 Ry
New grid distribution [1]: sub = 2

        iscf     Eharris(eV)        E_KS(eV)     FreeEng(eV)     dDmax    Ef(eV) dHmax(eV)
   scf:    1     -654.438361     -654.438284     -654.438565  0.001660 -3.780076  0.004986
   scf:    2     -654.438267     -654.438280     -654.438562  0.000147 -3.779752  0.010339
   scf:    3     -654.438287     -654.438285     -654.438567  0.000100 -3.779964  0.002213
   scf:    4     -654.438285     -654.438285     -654.438567  0.000002 -3.779958  0.002053
   scf:    5     -654.438286     -654.438285     -654.438568  0.000023 -3.779887  0.000202

SCF Convergence by DM+H criterion
max |DM_out - DM_in|         :     0.0000230185
max |H_out - H_in|      (eV) :     0.0002018889
SCF cycle converged after 5 iterations

Using DM_out to compute the final energy and forces
No. of atoms with KB's overlaping orbs in proc 0. Max # of overlaps:      32     148

siesta: E_KS(eV) =             -654.4383

siesta: Atomic forces (eV/Ang):
----------------------------------------
   Tot   -0.000886    0.005373    0.001321
----------------------------------------
   Max    0.130891
   Res    0.062876    sqrt( Sum f_i^2 / 3N )
----------------------------------------
   Max    0.130891    constrained

Stress tensor Voigt[x,y,z,yz,xz,xy] (kbar):     -101.81     -103.17       36.96       -0.03       -0.12       -1.56
(Free)E + p*V (eV/cell)     -653.2116
Target enthalpy (eV/cell)     -654.4386

cgvc: Finished line minimization   25.  Mean atomic displacement =    0.0311

                     ====================================
                        Begin CG opt. move =     80
                     ====================================

superc: Internal auxiliary supercell:     5 x     7 x     3  =     105
superc: Number of atoms, orbitals, and projectors:    420   5460   3360

outcell: Unit cell vectors (Ang):
        2.130000   -1.229756    0.000000
        2.130000    1.229756    0.000000
        0.000000    0.000000    6.700000

outcell: Cell vector modules (Ang)   :    2.459512    2.459512    6.700000
outcell: Cell angles (23,13,12) (deg):     90.0000     90.0000     60.0000
outcell: Cell volume (Ang**3)        :     35.0997
<dSpData1D:S at geom step 80
  <sparsity:sparsity for geom step 80
    nrows_g=52 nrows=52 sparsity=14.1975 nnzs=38390, refcount: 7>
  <dData1D:(new from dSpData1D) n=38390, refcount: 1>
refcount: 1>
new_DM -- step:    81
Re-using DM from previous geometries...
Number of DMs in history: 1
 DM extrapolation coefficients: 
1   1.00000
New DM after history re-use:
<dSpData2D:SpM extrapolated using coords
  <sparsity:sparsity for geom step 80
    nrows_g=52 nrows=52 sparsity=14.1975 nnzs=38390, refcount: 9>
  <dData2D:(temp array for extrapolation) n=38390 m=1, refcount: 1>
refcount: 1>
No. of atoms with KB's overlaping orbs in proc 0. Max # of overlaps:      32     148

InitMesh: MESH = 24 x 24 x 72 = 41472
InitMesh: Mesh cutoff (required, used) =   300.000   319.167 Ry
New grid distribution [1]: sub = 2

        iscf     Eharris(eV)        E_KS(eV)     FreeEng(eV)     dDmax    Ef(eV) dHmax(eV)
   scf:    1     -654.439094     -654.438952     -654.439231  0.004888 -3.779122  0.004415
   scf:    2     -654.438943     -654.438951     -654.439229  0.000140 -3.779305  0.009138
   scf:    3     -654.438954     -654.438954     -654.439232  0.000097 -3.779189  0.000949

SCF Convergence by DM+H criterion
max |DM_out - DM_in|         :     0.0000968464
max |H_out - H_in|      (eV) :     0.0009489236
SCF cycle converged after 3 iterations

Using DM_out to compute the final energy and forces
No. of atoms with KB's overlaping orbs in proc 0. Max # of overlaps:      32     148

siesta: E_KS(eV) =             -654.4390

siesta: Atomic forces (eV/Ang):
----------------------------------------
   Tot    0.006629    0.005887    0.001486
----------------------------------------
   Max    0.076034
   Res    0.049425    sqrt( Sum f_i^2 / 3N )
----------------------------------------
   Max    0.076034    constrained

Stress tensor Voigt[x,y,z,yz,xz,xy] (kbar):     -102.68     -101.97       37.19       -0.03       -0.08       -1.98
(Free)E + p*V (eV/cell)     -653.2164
Target enthalpy (eV/cell)     -654.4392

                     ====================================
                        Begin CG opt. move =     81
                     ====================================

superc: Internal auxiliary supercell:     5 x     7 x     3  =     105
superc: Number of atoms, orbitals, and projectors:    420   5460   3360

outcell: Unit cell vectors (Ang):
        2.130000   -1.229756    0.000000
        2.130000    1.229756    0.000000
        0.000000    0.000000    6.700000

outcell: Cell vector modules (Ang)   :    2.459512    2.459512    6.700000
outcell: Cell angles (23,13,12) (deg):     90.0000     90.0000     60.0000
outcell: Cell volume (Ang**3)        :     35.0997
<dSpData1D:S at geom step 81
  <sparsity:sparsity for geom step 81
    nrows_g=52 nrows=52 sparsity=14.3070 nnzs=38686, refcount: 7>
  <dData1D:(new from dSpData1D) n=38686, refcount: 1>
refcount: 1>
new_DM -- step:    82
Re-using DM from previous geometries...
Number of DMs in history: 1
 DM extrapolation coefficients: 
1   1.00000
New DM after history re-use:
<dSpData2D:SpM extrapolated using coords
  <sparsity:sparsity for geom step 81
    nrows_g=52 nrows=52 sparsity=14.3070 nnzs=38686, refcount: 9>
  <dData2D:(temp array for extrapolation) n=38686 m=1, refcount: 1>
refcount: 1>
No. of atoms with KB's overlaping orbs in proc 0. Max # of overlaps:      32     148

InitMesh: MESH = 24 x 24 x 72 = 41472
InitMesh: Mesh cutoff (required, used) =   300.000   319.167 Ry
New grid distribution [1]: sub = 2

        iscf     Eharris(eV)        E_KS(eV)     FreeEng(eV)     dDmax    Ef(eV) dHmax(eV)
   scf:    1     -654.439888     -654.439535     -654.439786  0.013819 -3.778128  0.006732
   scf:    2     -654.439511     -654.439531     -654.439779  0.000198 -3.777754  0.013287
   scf:    3     -654.439540     -654.439539     -654.439789  0.000134 -3.778020  0.001341
   scf:    4     -654.439539     -654.439539     -654.439789  0.000002 -3.778030  0.001248
   scf:    5     -654.439540     -654.439540     -654.439789  0.000020 -3.778157  0.000271

SCF Convergence by DM+H criterion
max |DM_out - DM_in|         :     0.0000196992
max |H_out - H_in|      (eV) :     0.0002709307
SCF cycle converged after 5 iterations

Using DM_out to compute the final energy and forces
No. of atoms with KB's overlaping orbs in proc 0. Max # of overlaps:      32     148

siesta: E_KS(eV) =             -654.4395

siesta: Atomic forces (eV/Ang):
----------------------------------------
   Tot   -0.002945    0.002149    0.000987
----------------------------------------
   Max    0.155695
   Res    0.100049    sqrt( Sum f_i^2 / 3N )
----------------------------------------
   Max    0.155695    constrained

Stress tensor Voigt[x,y,z,yz,xz,xy] (kbar):     -104.66      -98.79       37.49       -0.08       -0.03       -2.11
(Free)E + p*V (eV/cell)     -653.2279
Target enthalpy (eV/cell)     -654.4398

                     ====================================
                        Begin CG opt. move =     82
                     ====================================

superc: Internal auxiliary supercell:     5 x     7 x     3  =     105
superc: Number of atoms, orbitals, and projectors:    420   5460   3360

outcell: Unit cell vectors (Ang):
        2.130000   -1.229756    0.000000
        2.130000    1.229756    0.000000
        0.000000    0.000000    6.700000

outcell: Cell vector modules (Ang)   :    2.459512    2.459512    6.700000
outcell: Cell angles (23,13,12) (deg):     90.0000     90.0000     60.0000
outcell: Cell volume (Ang**3)        :     35.0997
<dSpData1D:S at geom step 82
  <sparsity:sparsity for geom step 82
    nrows_g=52 nrows=52 sparsity=14.3683 nnzs=38852, refcount: 7>
  <dData1D:(new from dSpData1D) n=38852, refcount: 1>
refcount: 1>
new_DM -- step:    83
Re-using DM from previous geometries...
Number of DMs in history: 1
 DM extrapolation coefficients: 
1   1.00000
New DM after history re-use:
<dSpData2D:SpM extrapolated using coords
  <sparsity:sparsity for geom step 82
    nrows_g=52 nrows=52 sparsity=14.3683 nnzs=38852, refcount: 9>
  <dData2D:(temp array for extrapolation) n=38852 m=1, refcount: 1>
refcount: 1>
No. of atoms with KB's overlaping orbs in proc 0. Max # of overlaps:      32     148

InitMesh: MESH = 24 x 24 x 72 = 41472
InitMesh: Mesh cutoff (required, used) =   300.000   319.167 Ry
New grid distribution [1]: sub = 2

        iscf     Eharris(eV)        E_KS(eV)     FreeEng(eV)     dDmax    Ef(eV) dHmax(eV)
   scf:    1     -654.438782     -654.437948     -654.438124  0.013204 -3.776104  0.008302
   scf:    2     -654.437898     -654.437939     -654.438113  0.000214 -3.775173  0.012760
   scf:    3     -654.437963     -654.437957     -654.438132  0.000134 -3.775765  0.002234
   scf:    4     -654.437958     -654.437957     -654.438132  0.000003 -3.775777  0.002078
   scf:    5     -654.437961     -654.437959     -654.438133  0.000033 -3.775930  0.000314

SCF Convergence by DM+H criterion
max |DM_out - DM_in|         :     0.0000329339
max |H_out - H_in|      (eV) :     0.0003142970
SCF cycle converged after 5 iterations

Using DM_out to compute the final energy and forces
No. of atoms with KB's overlaping orbs in proc 0. Max # of overlaps:      32     148

siesta: E_KS(eV) =             -654.4380

siesta: Atomic forces (eV/Ang):
----------------------------------------
   Tot   -0.004449    0.000210    0.000951
----------------------------------------
   Max    0.345424
   Res    0.218855    sqrt( Sum f_i^2 / 3N )
----------------------------------------
   Max    0.345424    constrained

Stress tensor Voigt[x,y,z,yz,xz,xy] (kbar):     -107.42      -96.97       37.68       -0.15        0.11       -3.26
(Free)E + p*V (eV/cell)     -653.2207
Target enthalpy (eV/cell)     -654.4381

                     ====================================
                        Begin CG opt. move =     83
                     ====================================

superc: Internal auxiliary supercell:     5 x     7 x     3  =     105
superc: Number of atoms, orbitals, and projectors:    420   5460   3360

outcell: Unit cell vectors (Ang):
        2.130000   -1.229756    0.000000
        2.130000    1.229756    0.000000
        0.000000    0.000000    6.700000

outcell: Cell vector modules (Ang)   :    2.459512    2.459512    6.700000
outcell: Cell angles (23,13,12) (deg):     90.0000     90.0000     60.0000
outcell: Cell volume (Ang**3)        :     35.0997
<dSpData1D:S at geom step 83
  <sparsity:sparsity for geom step 83
    nrows_g=52 nrows=52 sparsity=14.3661 nnzs=38846, refcount: 7>
  <dData1D:(new from dSpData1D) n=38846, refcount: 1>
refcount: 1>
new_DM -- step:    84
Re-using DM from previous geometries...
Number of DMs in history: 1
 DM extrapolation coefficients: 
1   1.00000
New DM after history re-use:
<dSpData2D:SpM extrapolated using coords
  <sparsity:sparsity for geom step 83
    nrows_g=52 nrows=52 sparsity=14.3661 nnzs=38846, refcount: 9>
  <dData2D:(temp array for extrapolation) n=38846 m=1, refcount: 1>
refcount: 1>
No. of atoms with KB's overlaping orbs in proc 0. Max # of overlaps:      32     148

InitMesh: MESH = 24 x 24 x 72 = 41472
InitMesh: Mesh cutoff (required, used) =   300.000   319.167 Ry
New grid distribution [1]: sub = 2

        iscf     Eharris(eV)        E_KS(eV)     FreeEng(eV)     dDmax    Ef(eV) dHmax(eV)
   scf:    1     -654.440908     -654.439535     -654.439780  0.004523 -3.777574  0.010636
   scf:    2     -654.439441     -654.439512     -654.439759  0.000321 -3.779007  0.022341
   scf:    3     -654.439554     -654.439544     -654.439790  0.000219 -3.778044  0.002493
   scf:    4     -654.439544     -654.439544     -654.439790  0.000003 -3.778047  0.002314
   scf:    5     -654.439544     -654.439544     -654.439791  0.000035 -3.778086  0.000396

SCF Convergence by DM+H criterion
max |DM_out - DM_in|         :     0.0000354577
max |H_out - H_in|      (eV) :     0.0003963985
SCF cycle converged after 5 iterations

Using DM_out to compute the final energy and forces
No. of atoms with KB's overlaping orbs in proc 0. Max # of overlaps:      32     148

siesta: E_KS(eV) =             -654.4395

siesta: Atomic forces (eV/Ang):
----------------------------------------
   Tot   -0.003065    0.001831    0.000925
----------------------------------------
   Max    0.162218
   Res    0.103925    sqrt( Sum f_i^2 / 3N )
----------------------------------------
   Max    0.162218    constrained

Stress tensor Voigt[x,y,z,yz,xz,xy] (kbar):     -104.71      -98.61       37.50       -0.08       -0.02       -2.11
(Free)E + p*V (eV/cell)     -653.2289
Target enthalpy (eV/cell)     -654.4398

cgvc: Finished line minimization   26.  Mean atomic displacement =    0.0836

                     ====================================
                        Begin CG opt. move =     84
                     ====================================

superc: Internal auxiliary supercell:     5 x     7 x     3  =     105
superc: Number of atoms, orbitals, and projectors:    420   5460   3360

outcell: Unit cell vectors (Ang):
        2.130000   -1.229756    0.000000
        2.130000    1.229756    0.000000
        0.000000    0.000000    6.700000

outcell: Cell vector modules (Ang)   :    2.459512    2.459512    6.700000
outcell: Cell angles (23,13,12) (deg):     90.0000     90.0000     60.0000
outcell: Cell volume (Ang**3)        :     35.0997
<dSpData1D:S at geom step 84
  <sparsity:sparsity for geom step 84
    nrows_g=52 nrows=52 sparsity=14.3683 nnzs=38852, refcount: 7>
  <dData1D:(new from dSpData1D) n=38852, refcount: 1>
refcount: 1>
new_DM -- step:    85
Re-using DM from previous geometries...
Number of DMs in history: 1
 DM extrapolation coefficients: 
1   1.00000
New DM after history re-use:
<dSpData2D:SpM extrapolated using coords
  <sparsity:sparsity for geom step 84
    nrows_g=52 nrows=52 sparsity=14.3683 nnzs=38852, refcount: 9>
  <dData2D:(temp array for extrapolation) n=38852 m=1, refcount: 1>
refcount: 1>
No. of atoms with KB's overlaping orbs in proc 0. Max # of overlaps:      32     148

InitMesh: MESH = 24 x 24 x 72 = 41472
InitMesh: Mesh cutoff (required, used) =   300.000   319.167 Ry
New grid distribution [1]: sub = 2

        iscf     Eharris(eV)        E_KS(eV)     FreeEng(eV)     dDmax    Ef(eV) dHmax(eV)
   scf:    1     -654.441430     -654.440053     -654.440309  0.011104 -3.777149  0.010924
   scf:    2     -654.439992     -654.440039     -654.440293  0.000331 -3.777713  0.021819
   scf:    3     -654.440063     -654.440059     -654.440315  0.000229 -3.777345  0.001509
   scf:    4     -654.440059     -654.440059     -654.440315  0.000003 -3.777361  0.001405
   scf:    5     -654.440060     -654.440059     -654.440315  0.000036 -3.777547  0.000381

SCF Convergence by DM+H criterion
max |DM_out - DM_in|         :     0.0000359288
max |H_out - H_in|      (eV) :     0.0003809524
SCF cycle converged after 5 iterations

Using DM_out to compute the final energy and forces
No. of atoms with KB's overlaping orbs in proc 0. Max # of overlaps:      32     148

siesta: E_KS(eV) =             -654.4401

siesta: Atomic forces (eV/Ang):
----------------------------------------
   Tot   -0.005446   -0.000546    0.001113
----------------------------------------
   Max    0.135799
   Res    0.077467    sqrt( Sum f_i^2 / 3N )
----------------------------------------
   Max    0.135799    constrained

Stress tensor Voigt[x,y,z,yz,xz,xy] (kbar):     -104.26      -99.59       37.70       -0.14        0.07       -2.98
(Free)E + p*V (eV/cell)     -653.2270
Target enthalpy (eV/cell)     -654.4403

                     ====================================
                        Begin CG opt. move =     85
                     ====================================

superc: Internal auxiliary supercell:     5 x     7 x     3  =     105
superc: Number of atoms, orbitals, and projectors:    420   5460   3360

outcell: Unit cell vectors (Ang):
        2.130000   -1.229756    0.000000
        2.130000    1.229756    0.000000
        0.000000    0.000000    6.700000

outcell: Cell vector modules (Ang)   :    2.459512    2.459512    6.700000
outcell: Cell angles (23,13,12) (deg):     90.0000     90.0000     60.0000
outcell: Cell volume (Ang**3)        :     35.0997
<dSpData1D:S at geom step 85
  <sparsity:sparsity for geom step 85
    nrows_g=52 nrows=52 sparsity=14.3550 nnzs=38816, refcount: 7>
  <dData1D:(new from dSpData1D) n=38816, refcount: 1>
refcount: 1>
new_DM -- step:    86
Re-using DM from previous geometries...
Number of DMs in history: 1
 DM extrapolation coefficients: 
1   1.00000
New DM after history re-use:
<dSpData2D:SpM extrapolated using coords
  <sparsity:sparsity for geom step 85
    nrows_g=52 nrows=52 sparsity=14.3550 nnzs=38816, refcount: 9>
  <dData2D:(temp array for extrapolation) n=38816 m=1, refcount: 1>
refcount: 1>
No. of atoms with KB's overlaping orbs in proc 0. Max # of overlaps:      32     148

InitMesh: MESH = 24 x 24 x 72 = 41472
InitMesh: Mesh cutoff (required, used) =   300.000   319.167 Ry
New grid distribution [1]: sub = 2

        iscf     Eharris(eV)        E_KS(eV)     FreeEng(eV)     dDmax    Ef(eV) dHmax(eV)
   scf:    1     -654.440257     -654.440195     -654.440451  0.001562 -3.777872  0.003748
   scf:    2     -654.440187     -654.440193     -654.440449  0.000127 -3.777701  0.008486
   scf:    3     -654.440196     -654.440195     -654.440452  0.000089 -3.777820  0.000512

SCF Convergence by DM+H criterion
max |DM_out - DM_in|         :     0.0000889971
max |H_out - H_in|      (eV) :     0.0005115278
SCF cycle converged after 3 iterations

Using DM_out to compute the final energy and forces
No. of atoms with KB's overlaping orbs in proc 0. Max # of overlaps:      32     148

siesta: E_KS(eV) =             -654.4402

siesta: Atomic forces (eV/Ang):
----------------------------------------
   Tot   -0.006688    0.002586    0.000637
----------------------------------------
   Max    0.113271
   Res    0.077468    sqrt( Sum f_i^2 / 3N )
----------------------------------------
   Max    0.113271    constrained

Stress tensor Voigt[x,y,z,yz,xz,xy] (kbar):     -103.81      -98.87       37.66       -0.13        0.06       -2.26
(Free)E + p*V (eV/cell)     -653.2354
Target enthalpy (eV/cell)     -654.4405

cgvc: Finished line minimization   27.  Mean atomic displacement =    0.0576

                     ====================================
                        Begin CG opt. move =     86
                     ====================================

superc: Internal auxiliary supercell:     5 x     7 x     3  =     105
superc: Number of atoms, orbitals, and projectors:    420   5460   3360

outcell: Unit cell vectors (Ang):
        2.130000   -1.229756    0.000000
        2.130000    1.229756    0.000000
        0.000000    0.000000    6.700000

outcell: Cell vector modules (Ang)   :    2.459512    2.459512    6.700000
outcell: Cell angles (23,13,12) (deg):     90.0000     90.0000     60.0000
outcell: Cell volume (Ang**3)        :     35.0997
<dSpData1D:S at geom step 86
  <sparsity:sparsity for geom step 86
    nrows_g=52 nrows=52 sparsity=14.4253 nnzs=39006, refcount: 7>
  <dData1D:(new from dSpData1D) n=39006, refcount: 1>
refcount: 1>
new_DM -- step:    87
Re-using DM from previous geometries...
Number of DMs in history: 1
 DM extrapolation coefficients: 
1   1.00000
New DM after history re-use:
<dSpData2D:SpM extrapolated using coords
  <sparsity:sparsity for geom step 86
    nrows_g=52 nrows=52 sparsity=14.4253 nnzs=39006, refcount: 9>
  <dData2D:(temp array for extrapolation) n=39006 m=1, refcount: 1>
refcount: 1>
No. of atoms with KB's overlaping orbs in proc 0. Max # of overlaps:      32     149

InitMesh: MESH = 24 x 24 x 72 = 41472
InitMesh: Mesh cutoff (required, used) =   300.000   319.167 Ry
New grid distribution [1]: sub = 2

        iscf     Eharris(eV)        E_KS(eV)     FreeEng(eV)     dDmax    Ef(eV) dHmax(eV)
   scf:    1     -654.387627     -654.389538     -654.389548  0.011283 -3.816692  0.055444
   scf:    2     -654.389623     -654.389735     -654.389752  0.001467 -3.814103  0.055216
   scf:    3     -654.389902     -654.389853     -654.389866  0.000705 -3.816482  0.010081
   scf:    4     -654.389861     -654.389857     -654.389870  0.000013 -3.816542  0.009309
   scf:    5     -654.389886     -654.389875     -654.389887  0.000128 -3.817157  0.002010
   scf:    6     -654.389875     -654.389875     -654.389887  0.000004 -3.817177  0.001794
   scf:    7     -654.389876     -654.389876     -654.389888  0.000028 -3.817300  0.000410

SCF Convergence by DM+H criterion
max |DM_out - DM_in|         :     0.0000277629
max |H_out - H_in|      (eV) :     0.0004104711
SCF cycle converged after 7 iterations

Using DM_out to compute the final energy and forces
No. of atoms with KB's overlaping orbs in proc 0. Max # of overlaps:      32     149

siesta: E_KS(eV) =             -654.3899

siesta: Atomic forces (eV/Ang):
----------------------------------------
   Tot   -0.003545    0.006872    0.001093
----------------------------------------
   Max    1.539552
   Res    1.012313    sqrt( Sum f_i^2 / 3N )
----------------------------------------
   Max    1.539552    constrained

Stress tensor Voigt[x,y,z,yz,xz,xy] (kbar):      -82.70     -133.47       37.35       -0.56        0.61        4.34
(Free)E + p*V (eV/cell)     -653.0840
Target enthalpy (eV/cell)     -654.3899

                     ====================================
                        Begin CG opt. move =     87
                     ====================================

superc: Internal auxiliary supercell:     5 x     7 x     3  =     105
superc: Number of atoms, orbitals, and projectors:    420   5460   3360

outcell: Unit cell vectors (Ang):
        2.130000   -1.229756    0.000000
        2.130000    1.229756    0.000000
        0.000000    0.000000    6.700000

outcell: Cell vector modules (Ang)   :    2.459512    2.459512    6.700000
outcell: Cell angles (23,13,12) (deg):     90.0000     90.0000     60.0000
outcell: Cell volume (Ang**3)        :     35.0997
<dSpData1D:S at geom step 87
  <sparsity:sparsity for geom step 87
    nrows_g=52 nrows=52 sparsity=14.3550 nnzs=38816, refcount: 7>
  <dData1D:(new from dSpData1D) n=38816, refcount: 1>
refcount: 1>
new_DM -- step:    88
Re-using DM from previous geometries...
Number of DMs in history: 1
 DM extrapolation coefficients: 
1   1.00000
New DM after history re-use:
<dSpData2D:SpM extrapolated using coords
  <sparsity:sparsity for geom step 87
    nrows_g=52 nrows=52 sparsity=14.3550 nnzs=38816, refcount: 9>
  <dData2D:(temp array for extrapolation) n=38816 m=1, refcount: 1>
refcount: 1>
No. of atoms with KB's overlaping orbs in proc 0. Max # of overlaps:      32     148

InitMesh: MESH = 24 x 24 x 72 = 41472
InitMesh: Mesh cutoff (required, used) =   300.000   319.167 Ry
New grid distribution [1]: sub = 2

        iscf     Eharris(eV)        E_KS(eV)     FreeEng(eV)     dDmax    Ef(eV) dHmax(eV)
   scf:    1     -654.452371     -654.440121     -654.440382  0.010440 -3.777080  0.080349
   scf:    2     -654.437834     -654.439684     -654.439873  0.002504 -3.779259  0.174328
   scf:    3     -654.440566     -654.440445     -654.440723  0.001690 -3.778005  0.019575
   scf:    4     -654.440459     -654.440452     -654.440730  0.000033 -3.778027  0.018665
   scf:    5     -654.440491     -654.440472     -654.440751  0.000070 -3.778124  0.015464
   scf:    6     -654.440496     -654.440485     -654.440763  0.000029 -3.778202  0.013127
   scf:    7     -654.440528     -654.440507     -654.440785  0.000077 -3.778418  0.008848
   scf:    8     -654.440520     -654.440514     -654.440792  0.000040 -3.778529  0.007726
   scf:    9     -654.440519     -654.440517     -654.440794  0.000054 -3.778675  0.005702
   scf:   10     -654.440516     -654.440517     -654.440794  0.000016 -3.778711  0.004771
   scf:   11     -654.440515     -654.440516     -654.440794  0.000022 -3.778740  0.003211
   scf:   12     -654.440516     -654.440516     -654.440794  0.000008 -3.778737  0.003107
   scf:   13     -654.440517     -654.440516     -654.440794  0.000014 -3.778723  0.002922
   scf:   14     -654.440517     -654.440517     -654.440794  0.000004 -3.778711  0.002667
   scf:   15     -654.440518     -654.440517     -654.440795  0.000012 -3.778674  0.001843
   scf:   16     -654.440518     -654.440518     -654.440795  0.000006 -3.778653  0.001417
   scf:   17     -654.440518     -654.440518     -654.440795  0.000012 -3.778614  0.001159
   scf:   18     -654.440518     -654.440518     -654.440795  0.000005 -3.778600  0.000944

SCF Convergence by DM+H criterion
max |DM_out - DM_in|         :     0.0000045632
max |H_out - H_in|      (eV) :     0.0009439158
SCF cycle converged after 18 iterations

Using DM_out to compute the final energy and forces
No. of atoms with KB's overlaping orbs in proc 0. Max # of overlaps:      32     148

siesta: E_KS(eV) =             -654.4405

siesta: Atomic forces (eV/Ang):
----------------------------------------
   Tot   -0.007503    0.002393    0.000537
----------------------------------------
   Max    0.047300
   Res    0.019039    sqrt( Sum f_i^2 / 3N )
----------------------------------------
   Max    0.047300    constrained

Stress tensor Voigt[x,y,z,yz,xz,xy] (kbar):     -101.86     -100.47       37.65       -0.11        0.02       -1.68
(Free)E + p*V (eV/cell)     -653.2382
Target enthalpy (eV/cell)     -654.4408

cgvc: Finished line minimization   28.  Mean atomic displacement =    0.0043

                     ====================================
                        Begin CG opt. move =     88
                     ====================================

superc: Internal auxiliary supercell:     5 x     7 x     3  =     105
superc: Number of atoms, orbitals, and projectors:    420   5460   3360

outcell: Unit cell vectors (Ang):
        2.130000   -1.229756    0.000000
        2.130000    1.229756    0.000000
        0.000000    0.000000    6.700000

outcell: Cell vector modules (Ang)   :    2.459512    2.459512    6.700000
outcell: Cell angles (23,13,12) (deg):     90.0000     90.0000     60.0000
outcell: Cell volume (Ang**3)        :     35.0997
<dSpData1D:S at geom step 88
  <sparsity:sparsity for geom step 88
    nrows_g=52 nrows=52 sparsity=14.3617 nnzs=38834, refcount: 7>
  <dData1D:(new from dSpData1D) n=38834, refcount: 1>
refcount: 1>
new_DM -- step:    89
Re-using DM from previous geometries...
Number of DMs in history: 1
 DM extrapolation coefficients: 
1   1.00000
New DM after history re-use:
<dSpData2D:SpM extrapolated using coords
  <sparsity:sparsity for geom step 88
    nrows_g=52 nrows=52 sparsity=14.3617 nnzs=38834, refcount: 9>
  <dData2D:(temp array for extrapolation) n=38834 m=1, refcount: 1>
refcount: 1>
No. of atoms with KB's overlaping orbs in proc 0. Max # of overlaps:      32     148

InitMesh: MESH = 24 x 24 x 72 = 41472
InitMesh: Mesh cutoff (required, used) =   300.000   319.167 Ry
New grid distribution [1]: sub = 2

        iscf     Eharris(eV)        E_KS(eV)     FreeEng(eV)     dDmax    Ef(eV) dHmax(eV)
   scf:    1     -654.440481     -654.440497     -654.440773  0.010925 -3.778679  0.004368
   scf:    2     -654.440482     -654.440493     -654.440770  0.000144 -3.778709  0.006280
   scf:    3     -654.440500     -654.440499     -654.440775  0.000090 -3.778691  0.001028
   scf:    4     -654.440499     -654.440499     -654.440775  0.000003 -3.778692  0.000951

SCF Convergence by DM+H criterion
max |DM_out - DM_in|         :     0.0000026100
max |H_out - H_in|      (eV) :     0.0009507608
SCF cycle converged after 4 iterations

Using DM_out to compute the final energy and forces
No. of atoms with KB's overlaping orbs in proc 0. Max # of overlaps:      32     148

siesta: E_KS(eV) =             -654.4405

siesta: Atomic forces (eV/Ang):
----------------------------------------
   Tot   -0.007555    0.002644    0.000581
----------------------------------------
   Max    0.070511
   Res    0.038701    sqrt( Sum f_i^2 / 3N )
----------------------------------------
   Max    0.070511    constrained

Stress tensor Voigt[x,y,z,yz,xz,xy] (kbar):     -102.36      -99.95       37.69       -0.00       -0.04       -2.23
(Free)E + p*V (eV/cell)     -653.2386
Target enthalpy (eV/cell)     -654.4408

                     ====================================
                        Begin CG opt. move =     89
                     ====================================

superc: Internal auxiliary supercell:     5 x     7 x     3  =     105
superc: Number of atoms, orbitals, and projectors:    420   5460   3360

outcell: Unit cell vectors (Ang):
        2.130000   -1.229756    0.000000
        2.130000    1.229756    0.000000
        0.000000    0.000000    6.700000

outcell: Cell vector modules (Ang)   :    2.459512    2.459512    6.700000
outcell: Cell angles (23,13,12) (deg):     90.0000     90.0000     60.0000
outcell: Cell volume (Ang**3)        :     35.0997
<dSpData1D:S at geom step 89
  <sparsity:sparsity for geom step 89
    nrows_g=52 nrows=52 sparsity=14.3550 nnzs=38816, refcount: 7>
  <dData1D:(new from dSpData1D) n=38816, refcount: 1>
refcount: 1>
new_DM -- step:    90
Re-using DM from previous geometries...
Number of DMs in history: 1
 DM extrapolation coefficients: 
1   1.00000
New DM after history re-use:
<dSpData2D:SpM extrapolated using coords
  <sparsity:sparsity for geom step 89
    nrows_g=52 nrows=52 sparsity=14.3550 nnzs=38816, refcount: 9>
  <dData2D:(temp array for extrapolation) n=38816 m=1, refcount: 1>
refcount: 1>
No. of atoms with KB's overlaping orbs in proc 0. Max # of overlaps:      32     148

InitMesh: MESH = 24 x 24 x 72 = 41472
InitMesh: Mesh cutoff (required, used) =   300.000   319.167 Ry
New grid distribution [1]: sub = 2

        iscf     Eharris(eV)        E_KS(eV)     FreeEng(eV)     dDmax    Ef(eV) dHmax(eV)
   scf:    1     -654.440596     -654.440586     -654.440864  0.001768 -3.778646  0.002279
   scf:    2     -654.440583     -654.440585     -654.440863  0.000081 -3.778646  0.002799
   scf:    3     -654.440586     -654.440586     -654.440865  0.000052 -3.778646  0.000653

SCF Convergence by DM+H criterion
max |DM_out - DM_in|         :     0.0000515282
max |H_out - H_in|      (eV) :     0.0006532129
SCF cycle converged after 3 iterations

Using DM_out to compute the final energy and forces
No. of atoms with KB's overlaping orbs in proc 0. Max # of overlaps:      32     148

siesta: E_KS(eV) =             -654.4406

siesta: Atomic forces (eV/Ang):
----------------------------------------
   Tot   -0.007420    0.002403    0.000519
----------------------------------------
   Max    0.027711
   Res    0.015180    sqrt( Sum f_i^2 / 3N )
----------------------------------------
   Max    0.027711    constrained

Stress tensor Voigt[x,y,z,yz,xz,xy] (kbar):     -102.10     -100.22       37.67       -0.06       -0.01       -1.95
(Free)E + p*V (eV/cell)     -653.2385
Target enthalpy (eV/cell)     -654.4409

cgvc: Finished line minimization   29.  Mean atomic displacement =    0.0020

                     ====================================
                        Begin CG opt. move =     90
                     ====================================

superc: Internal auxiliary supercell:     5 x     7 x     3  =     105
superc: Number of atoms, orbitals, and projectors:    420   5460   3360

outcell: Unit cell vectors (Ang):
        2.130000   -1.229756    0.000000
        2.130000    1.229756    0.000000
        0.000000    0.000000    6.700000

outcell: Cell vector modules (Ang)   :    2.459512    2.459512    6.700000
outcell: Cell angles (23,13,12) (deg):     90.0000     90.0000     60.0000
outcell: Cell volume (Ang**3)        :     35.0997
<dSpData1D:S at geom step 90
  <sparsity:sparsity for geom step 90
    nrows_g=52 nrows=52 sparsity=14.3550 nnzs=38816, refcount: 7>
  <dData1D:(new from dSpData1D) n=38816, refcount: 1>
refcount: 1>
new_DM -- step:    91
Re-using DM from previous geometries...
Number of DMs in history: 1
 DM extrapolation coefficients: 
1   1.00000
New DM after history re-use:
<dSpData2D:SpM extrapolated using coords
  <sparsity:sparsity for geom step 90
    nrows_g=52 nrows=52 sparsity=14.3550 nnzs=38816, refcount: 9>
  <dData2D:(temp array for extrapolation) n=38816 m=1, refcount: 1>
refcount: 1>
No. of atoms with KB's overlaping orbs in proc 0. Max # of overlaps:      32     148

InitMesh: MESH = 24 x 24 x 72 = 41472
InitMesh: Mesh cutoff (required, used) =   300.000   319.167 Ry
New grid distribution [1]: sub = 2

        iscf     Eharris(eV)        E_KS(eV)     FreeEng(eV)     dDmax    Ef(eV) dHmax(eV)
   scf:    1     -654.440639     -654.440571     -654.440855  0.001081 -3.779154  0.002586
   scf:    2     -654.440560     -654.440568     -654.440852  0.000083 -3.779155  0.005882
   scf:    3     -654.440573     -654.440572     -654.440856  0.000058 -3.779156  0.000777

SCF Convergence by DM+H criterion
max |DM_out - DM_in|         :     0.0000579195
max |H_out - H_in|      (eV) :     0.0007768750
SCF cycle converged after 3 iterations

Using DM_out to compute the final energy and forces
No. of atoms with KB's overlaping orbs in proc 0. Max # of overlaps:      32     148

siesta: E_KS(eV) =             -654.4406

siesta: Atomic forces (eV/Ang):
----------------------------------------
   Tot   -0.007351    0.002334    0.000572
----------------------------------------
   Max    0.045964
   Res    0.025621    sqrt( Sum f_i^2 / 3N )
----------------------------------------
   Max    0.045964    constrained

Stress tensor Voigt[x,y,z,yz,xz,xy] (kbar):     -101.69     -100.61       37.68       -0.02       -0.03       -1.43
(Free)E + p*V (eV/cell)     -653.2387
Target enthalpy (eV/cell)     -654.4409

                     ====================================
                        Begin CG opt. move =     91
                     ====================================

superc: Internal auxiliary supercell:     5 x     7 x     3  =     105
superc: Number of atoms, orbitals, and projectors:    420   5460   3360

outcell: Unit cell vectors (Ang):
        2.130000   -1.229756    0.000000
        2.130000    1.229756    0.000000
        0.000000    0.000000    6.700000

outcell: Cell vector modules (Ang)   :    2.459512    2.459512    6.700000
outcell: Cell angles (23,13,12) (deg):     90.0000     90.0000     60.0000
outcell: Cell volume (Ang**3)        :     35.0997
<dSpData1D:S at geom step 91
  <sparsity:sparsity for geom step 91
    nrows_g=52 nrows=52 sparsity=14.3550 nnzs=38816, refcount: 7>
  <dData1D:(new from dSpData1D) n=38816, refcount: 1>
refcount: 1>
new_DM -- step:    92
Re-using DM from previous geometries...
Number of DMs in history: 1
 DM extrapolation coefficients: 
1   1.00000
New DM after history re-use:
<dSpData2D:SpM extrapolated using coords
  <sparsity:sparsity for geom step 91
    nrows_g=52 nrows=52 sparsity=14.3550 nnzs=38816, refcount: 9>
  <dData2D:(temp array for extrapolation) n=38816 m=1, refcount: 1>
refcount: 1>
No. of atoms with KB's overlaping orbs in proc 0. Max # of overlaps:      32     148

InitMesh: MESH = 24 x 24 x 72 = 41472
InitMesh: Mesh cutoff (required, used) =   300.000   319.167 Ry
New grid distribution [1]: sub = 2

        iscf     Eharris(eV)        E_KS(eV)     FreeEng(eV)     dDmax    Ef(eV) dHmax(eV)
   scf:    1     -654.440571     -654.440601     -654.440883  0.000588 -3.778910  0.001661
   scf:    2     -654.440599     -654.440601     -654.440883  0.000046 -3.778891  0.002804
   scf:    3     -654.440602     -654.440602     -654.440884  0.000030 -3.778903  0.000571

SCF Convergence by DM+H criterion
max |DM_out - DM_in|         :     0.0000295207
max |H_out - H_in|      (eV) :     0.0005706993
SCF cycle converged after 3 iterations

Using DM_out to compute the final energy and forces
No. of atoms with KB's overlaping orbs in proc 0. Max # of overlaps:      32     148

siesta: E_KS(eV) =             -654.4406

siesta: Atomic forces (eV/Ang):
----------------------------------------
   Tot   -0.007358    0.002432    0.000521
----------------------------------------
   Max    0.020252
   Res    0.008730    sqrt( Sum f_i^2 / 3N )
----------------------------------------
   Max    0.020252    constrained

Stress tensor Voigt[x,y,z,yz,xz,xy] (kbar):     -101.90     -100.40       37.67       -0.04       -0.02       -1.70
(Free)E + p*V (eV/cell)     -653.2387
Target enthalpy (eV/cell)     -654.4409

cgvc: Finished line minimization   30.  Mean atomic displacement =    0.0009

                     ====================================
                        Begin CG opt. move =     92
                     ====================================

superc: Internal auxiliary supercell:     5 x     7 x     3  =     105
superc: Number of atoms, orbitals, and projectors:    420   5460   3360

outcell: Unit cell vectors (Ang):
        2.130000   -1.229756    0.000000
        2.130000    1.229756    0.000000
        0.000000    0.000000    6.700000

outcell: Cell vector modules (Ang)   :    2.459512    2.459512    6.700000
outcell: Cell angles (23,13,12) (deg):     90.0000     90.0000     60.0000
outcell: Cell volume (Ang**3)        :     35.0997
<dSpData1D:S at geom step 92
  <sparsity:sparsity for geom step 92
    nrows_g=52 nrows=52 sparsity=14.3617 nnzs=38834, refcount: 7>
  <dData1D:(new from dSpData1D) n=38834, refcount: 1>
refcount: 1>
new_DM -- step:    93
Re-using DM from previous geometries...
Number of DMs in history: 1
 DM extrapolation coefficients: 
1   1.00000
New DM after history re-use:
<dSpData2D:SpM extrapolated using coords
  <sparsity:sparsity for geom step 92
    nrows_g=52 nrows=52 sparsity=14.3617 nnzs=38834, refcount: 9>
  <dData2D:(temp array for extrapolation) n=38834 m=1, refcount: 1>
refcount: 1>
No. of atoms with KB's overlaping orbs in proc 0. Max # of overlaps:      32     148

InitMesh: MESH = 24 x 24 x 72 = 41472
InitMesh: Mesh cutoff (required, used) =   300.000   319.167 Ry
New grid distribution [1]: sub = 2

        iscf     Eharris(eV)        E_KS(eV)     FreeEng(eV)     dDmax    Ef(eV) dHmax(eV)
   scf:    1     -654.440622     -654.440622     -654.440906  0.010914 -3.778974  0.001340
   scf:    2     -654.440619     -654.440621     -654.440905  0.000036 -3.778992  0.002612
   scf:    3     -654.440623     -654.440623     -654.440906  0.000024 -3.778981  0.000104

SCF Convergence by DM+H criterion
max |DM_out - DM_in|         :     0.0000237270
max |H_out - H_in|      (eV) :     0.0001038922
SCF cycle converged after 3 iterations

Using DM_out to compute the final energy and forces
No. of atoms with KB's overlaping orbs in proc 0. Max # of overlaps:      32     148

siesta: E_KS(eV) =             -654.4406

siesta: Atomic forces (eV/Ang):
----------------------------------------
   Tot   -0.007271    0.002461    0.000571
----------------------------------------
   Max    0.019347
   Res    0.008286    sqrt( Sum f_i^2 / 3N )
----------------------------------------
   Max    0.019347    constrained

Stress tensor Voigt[x,y,z,yz,xz,xy] (kbar):     -101.89     -100.41       37.67       -0.04       -0.02       -1.71
(Free)E + p*V (eV/cell)     -653.2387
Target enthalpy (eV/cell)     -654.4409

outcoor: Relaxed atomic coordinates (Ang):                  
   -0.16956661   -0.29513414   -1.18146528   1       1  C
    0.54039052    0.93456227   -1.18175777   1       2  C
   -0.42938067    0.23297709    2.18750688   1       3  C
    0.99048956    0.23313516    2.18802117   1       4  C

coxmol: Writing XMOL coordinates into file relaxation.xyz                                                                                                                                                                                                                      

siesta: Program's energy decomposition (eV):
siesta: Ebs     =      -207.285416
siesta: Eions   =      1128.646832
siesta: Ena     =       287.849542
siesta: Ekin    =       453.272416
siesta: Enl     =       -24.472591
siesta: Eso     =         0.000000
siesta: Edftu   =         0.000000
siesta: DEna    =        -8.922542
siesta: DUscf   =         0.737744
siesta: DUext   =         0.000000
siesta: Ex      =      -213.780857
siesta: Ec      =       -20.477502
siesta: Exc     =      -234.258359
siesta: EbV     =         0.000000
siesta: eta*DQ  =         0.000000
siesta: Emadel  =         0.000000
siesta: Emeta   =         0.000000
siesta: Emolmec =         0.000000
siesta: Ekinion =         0.000000
siesta: Eharris =      -654.440623
siesta: Etot    =      -654.440623
siesta: FreeEng =      -654.440906

siesta: Final energy (eV):
siesta:  Band Struct. =    -207.285416
siesta:       Kinetic =     453.272416
siesta:       Hartree =     184.498304
siesta:         Edftu =       0.000000
siesta:       Eso     =       0.000000
siesta:    Ext. field =       0.000000
siesta:         Exch. =    -213.780857
siesta:         Corr. =     -20.477502
siesta:     Bulk bias =       0.000000
siesta:   Exch.-corr. =    -234.258359
siesta:  Ion-electron =    -773.026354
siesta:       Ion-ion =    -284.926629
siesta:       Ekinion =       0.000000
siesta: D3 dispersion =       0.000000
siesta:         Total =    -654.440623
siesta:         Fermi =      -3.778981

siesta: Stress tensor (static) (eV/Ang**3):
siesta:    -0.063593   -0.001067   -0.000011
siesta:    -0.001067   -0.062672   -0.000025
siesta:    -0.000011   -0.000025    0.023515

siesta: Cell volume =         35.099698 Ang**3

siesta: Pressure (static):
siesta:                Solid            Molecule  Units
siesta:           0.00037303          0.00038032  Ry/Bohr**3
siesta:           0.03425006          0.03491963  eV/Ang**3
siesta:          54.87464509         55.94741673  kBar

Basis Enthalpy Calculation:
    Basis Pressure for species 1(C) :      0.2000000 GPa

    Orbital volume contribution        =           1.085894 eV
    (Free)E + p_basis*V_orbitals       =        -653.355012 eV
    (Free)Eharris+ p_basis*V_orbitals  =        -653.355012 eV
WARNING: BASIS_ENTHALPY and BASIS_HARRIS_ENTHALPY files are deprecated. They will be removed in future releases.
Please use system_label.BASIS_ENTHALPY in your scripts instead.

cite: Please indicate the Siesta version in published work: 5.4.2
cite: This calculation has made use of features in the following articles
cite: which we encourage you to cite in published work.
cite: (Please see "relaxation.bib" for a BibTeX file.)
        Primary SIESTA paper
          DOI: www.doi.org/10.1088/0953-8984/14/11/302
        PSML pseudopotential format
          DOI: www.doi.org/10.1016/j.cpc.2018.02.011


timer: Elapsed wall time (sec) =    1317.631
timer: CPU execution times (sec):

Routine            Calls   Time/call    Tot.time        %
siesta                 1    1316.704    1316.704   100.00
Setup                  1       0.067       0.067     0.01
bands                  1       0.000       0.000     0.00
KSV_init               1       0.000       0.000     0.00
IterGeom              93      14.157    1316.624    99.99
geom_init             93       0.400      37.189     2.82
state_init            93       0.015       1.421     0.11
hsparse               93       0.003       0.293     0.02
overlap               93       0.006       0.584     0.04
Setup_H0              93       0.211      19.595     1.49
naefs                186       0.000       0.014     0.00
dnaefs                93       0.000       0.004     0.00
two-body              93       0.000       0.000     0.00
MolMec               186       0.000       0.000     0.00
kinefsm              186       0.006       1.176     0.09
nlefsm               186       0.013       2.467     0.19
DHSCF_Init            93       0.194      18.083     1.37
DHSCF1                93       0.007       0.646     0.05
InitMesh              93       0.007       0.643     0.05
INITMESH              93       0.000       0.001     0.00
DHSCF2                93       0.187      17.435     1.32
REMESH                93       0.023       2.156     0.16
REORD               3945       0.000       0.154     0.01
PHION                 93       0.146      13.552     1.03
COMM_BSC            5379       0.000       0.142     0.01
POISON              1368       0.001       1.094     0.08
fft                 2736       0.000       0.737     0.06
setup_H             1182       0.179     211.166    16.04
DHSCF               1275       0.199     253.105    19.22
DHSCF3              1275       0.178     227.090    17.25
rhoofd              1275       0.090     114.648     8.71
XC                  1275       0.021      26.237     1.99
GXC-CellXC          1275       0.021      26.175     1.99
gridxc@cellXC       1275       0.021      26.171     1.99
vmat                1275       0.066      84.643     6.43
IterSCF             1089       1.134    1234.466    93.75
compute_dm          1089       0.954    1038.702    78.89
diagon              1089       0.954    1038.634    78.88
c-eigval          498762       0.001     326.279    24.78
c-buildHS         498762       0.000     236.082    17.93
cdiag             997524       0.000     296.376    22.51
cdiag1            997524       0.000      17.485     1.33
cdiag2            997524       0.000      45.003     3.42
cdiag3            997524       0.000     224.506    17.05
c-eigvec          498762       0.001     441.148    33.50
cdiag4            498762       0.000       5.206     0.40
c-buildD          498762       0.001     268.063    20.36
MIXER                996       0.000       0.267     0.02
PostSCF               93       0.483      44.906     3.41
FINAL_HF              93       0.483      44.903     3.41
DHSCF4                93       0.280      26.013     1.98
dfscf                 93       0.261      24.283     1.84
overfsm               93       0.006       0.593     0.05
writeHSX              93       0.000       0.040     0.00
state_analysis        93       0.000       0.013     0.00
siesta_move           93       0.000       0.027     0.00
Analysis               1       0.010       0.010     0.00
optical                1       0.000       0.000     0.00
  

>> End of run:  24-MAY-2026  14:41:10
Job completed
Job completed
