Executable      : siesta
Version         : 5.4.2
Architecture    : x86_64
Compiler version: GNU-14.3.0
Compiler flags  : -march=nocona -mtune=haswell -ftree-vectorize -fPIC -fstack-protector-strong -fno-plt -O2 -ffunction-sections -pipe -isystem <prefix>/include -I<prefix>/_build_env/include -fdebug-prefix-map=<prefix>/work=/usr/local/src/conda/siesta-5.4.2 -fdebug-prefix-map=<prefix>=/usr/local/src/conda-prefix -I<prefix>/lib -fallow-argument-mismatch -O3
Parallelisations: none
NetCDF support
NetCDF-4 support
Lua support
DFT-D3 support

Runtime information:
* Directory : /home/UAB/1668068/Documents/TreballFinal/Grafit/Output
* Running in serial mode.
>> Start of run:  21-MAY-2026  12:12:59

                           *********************** 
                           *  WELCOME TO SIESTA  * 
                           *********************** 

 NOTE: Siesta V5 introduces some new defaults for basis-set generation
 NOTE: which might lead to slightly different numerical results.
 NOTE: Please see the manual for full details and compatibility measures.


reinit: Reading from file graphite.fdf

reinit: -----------------------------------------------------------------------
reinit: System Name: 
reinit: -----------------------------------------------------------------------
reinit: System Label: graphite
reinit: -----------------------------------------------------------------------

initatom: Reading input for the pseudopotentials and atomic orbitals ----------
Species number:   1 Atomic number:    6 Label: C

Ground state valence configuration (from tables):   2s02  2p02  3d00  4f00

---- Processing specs for species: C
Reading pseudopotential information in PSML from:
  C.psml
PSML file version: 1.1
Using libxc ids:  101 130
GGA--PBE XC_GGA_X_PBE--XC_GGA_C_PBE pb
PSML uuid: 297821e0-be41-11e7-6802-e1ff7dfff095

---- Pseudopotential check for C 

Pseudized shells:
2s( 2.00) rc: 1.20
2p( 2.00) rc: 1.26
Valence configuration for ps generation: 2s:2p: Total charge:   4.000000
For C, standard SIESTA heuristics set lmxkb to 3
 (one more than the basis l, including polarization orbitals).
Use PS.lmax or PS.KBprojectors blocks to override.
C pseudopotential only contains V_ls up to l=1 -- lmxkb reset.

<basis_specs>
===============================================================================
C                    Z=   6    Mass=  12.011        Charge= 0.17977+309
Lmxo=2 Lmxkb= 1    BasisType=split      Semic=F
L=0  Nsemic=0  Cnfigmx=2
          i=1  nzeta=2  polorb=0  (2s)
            splnorm:   0.15000    
               vcte:    40.000    
               rinn:  -0.90000    
               qcoe:    0.0000    
               qyuk:    0.0000    
               qwid:   0.10000E-01
                rcs:    0.0000      0.0000    
            lambdas:    1.0000      1.0000    
L=1  Nsemic=0  Cnfigmx=2
          i=1  nzeta=2  polorb=1  (2p)  (to be polarized perturbatively)
            splnorm:   0.15000    
               vcte:    40.000    
               rinn:  -0.90000    
               qcoe:    0.0000    
               qyuk:    0.0000    
               qwid:   0.10000E-01
                rcs:    0.0000      0.0000    
            lambdas:    1.0000      1.0000    
L=2  Nsemic=0  Cnfigmx=3
          i=1  nzeta=0  polorb=0  (3d)  (perturbative polarization orbital) (from 2p)
-------------------------------------------------------------------------------
L=0  Nkbl=1  erefs: 0.17977+309
L=1  Nkbl=1  erefs: 0.17977+309
===============================================================================
</basis_specs>

Using PAO.SplitTailNorm
atom: Called for C                     (Z =   6)
NOTE: C pseudopotential has channels up to l= 1
NOTE: PAOs with higher l will be generated with V_local
Maximum radius (at nrval) set to   50.00000 8518

read_vps: Pseudopotential generation method:
read_vps: ONCVPSP-3.Hamann's oncvpsp                        
Valence charge in pseudo generation:    4.00000

read_vps: Pseudopotential includes a core correction:
read_vps: Pseudo-core for xc-correction

xc_check: Exchange-correlation functional:
xc_check: GGA Perdew, Burke & Ernzerhof 1996
Got Vlocal (oncv-fit) from psml data
Choosing vlocal chloc cutoff:  4.122282
qtot up to nchloc:    4.00001153
atom: Maximum radius for chlocal:    4.12228
atom: Maximum radius for r*vlocal+2*Zval:    4.12228
Reading KB projs from C psml data
Using scalar-relativistic projectors in PSML file

PSML: Kleinman-Bylander projectors: 
   l= 0   rc=  1.219773   Ekb= 12.963096
   l= 0   rc=  1.219773   Ekb=  0.771007
   l= 1   rc=  1.278952   Ekb= -8.399923
   l= 1   rc=  1.278952   Ekb= -1.755033

PSML: Total number of  Kleinman-Bylander projectors:   8
atom: -------------------------------------------------------------------------

atom: SANKEY-TYPE ORBITALS:
atom: Selected multiple-zeta basis: split     

SPLIT: Orbitals with angular momentum L= 0

SPLIT: Basis orbitals for state 2s

SPLIT: PAO cut-off radius determined from an
SPLIT: energy shift=  0.022050 Ry
Split based on tail norm

   izeta = 1
                 lambda =    1.000000
                     rc =    4.056692
                 energy =   -0.986303
                kinetic =    1.010795
    potential(screened) =   -1.997097
       potential(ionic) =   -5.588640

   izeta = 2
                 rmatch =    2.893247
              splitnorm =    0.150000
                 energy =   -0.613850
                kinetic =    1.961100
    potential(screened) =   -2.574951
       potential(ionic) =   -6.459313

SPLIT: Orbitals with angular momentum L= 1

SPLIT: Basis orbitals for state 2p

SPLIT: PAO cut-off radius determined from an
SPLIT: energy shift=  0.022050 Ry
Split based on tail norm

   izeta = 1
                 lambda =    1.000000
                     rc =    4.791027
                 energy =   -0.364422
                kinetic =    2.639165
    potential(screened) =   -3.003587
       potential(ionic) =   -6.489368

   izeta = 2
                 rmatch =    3.403813
              splitnorm =    0.150000
                 energy =   -0.189443
                kinetic =    3.967582
    potential(screened) =   -4.157024
       potential(ionic) =   -7.981902
*Note: V_local used for l= 2

** Using vlocal for PAOs with L= 2

POLgen: Perturbative polarization orbital with L=  2

POLgen: Polarization orbital for state 2p
*Note: V_local used for lpol= 2

** Using vlocal for PAOs with L= 2
Split based on tail norm

   izeta = 1
                     rc =    4.791027
                 energy =    1.360757
                kinetic =    2.624160
    potential(screened) =   -1.263403
       potential(ionic) =   -4.243109
atom: Total number of Sankey-type orbitals: 13

atm_pop: Valence configuration (for local Pseudopot. screening):
 2s( 2.00)                                                            
 2p( 2.00)                                                            
 3d( 0.00)                                                            
Vna: chval, zval:    4.00000   4.00000

Vna:  Cut-off radius for the neutral-atom potential:   4.791027
comcore: Pseudo-core radius Rcore=  1.671741

atom: _________________________________________________________________________

prinput: Basis input 

PAO.BasisType split     

%block ChemicalSpeciesLabel
    1    6 C                       # Species index, atomic number, species label
%endblock ChemicalSpeciesLabel

%block PAO.Basis                 # Define Basis set
# WARNING: This information might be incomplete!
C                     2                    # Species label, number of l-shells
 n=2   0   2                         # n, l, Nzeta 
   4.057      2.893   
   1.000      1.000   
 n=2   1   2 P   1                   # n, l, Nzeta, Polarization, NzetaPol
   4.791      3.404   
   1.000      1.000   
%endblock PAO.Basis

prinput: ----------------------------------------------------------------------

Dumping basis to NetCDF file C.ion.nc
coor:   Atomic-coordinates input format  =     Cartesian coordinates
coor:                                          (in Angstroms)

siesta: Atomic coordinates (Bohr) and species
siesta:      0.00000   0.00000   3.68642  1        1
siesta:      0.00000   0.00000  11.05925  1        2
siesta:     -0.00000   2.69190   3.68642  1        3
siesta:      2.33125   1.34595  11.05925  1        4

siesta: System type = molecule  

initatomlists: Number of atoms, orbitals, and projectors:      4    52    32

coxmol: Writing XMOL coordinates into file graphite.xyz                                                                                                                                                                                                                        

siesta: ******************** Simulation parameters ****************************
siesta:
siesta: The following are some of the parameters of the simulation.
siesta: A complete list of the parameters used, including default values,
siesta: can be found in file out.fdf
siesta:
redata: Spin configuration                          = none
redata: Number of spin components                   = 1
redata: Time-Reversal Symmetry                      = T
redata: Spin spiral                                 = F
redata: Long output                                 =   F
redata: Number of Atomic Species                    =        1
redata: Charge density info will appear in .RHO file
redata: Write Mulliken charges (when)               = none
redata: Write Mulliken Pop.                         = NO
redata: Write Hirshfeld charges (when)              = none
redata: Write Voronoi charges (when)                = none
redata: Write spin charge (when)                    = none
redata: Matel table size (NRTAB)                    =     1024
redata: Mesh Cutoff                                 =   300.0000 Ry
redata: Net charge of the system                    =     0.0000 |e|
redata: Min. number of SCF Iter                     =        0
redata: Max. number of SCF Iter                     =      300
redata: SCF convergence failure will abort job
redata: SCF mix quantity                            = Hamiltonian
redata: Mix DM or H after convergence               =   F
redata: Recompute H after scf cycle                 =   F
redata: Mix DM in first SCF step                    =   T
redata: Write Pulay info on disk                    =   F
redata: New DM Occupancy tolerance                  = 0.000000000001
redata: No kicks to SCF
redata: DM Mixing Weight for Kicks                  =     0.5000
redata: Require Harris convergence for SCF          =   F
redata: Harris energy tolerance for SCF             =     0.000100 eV
redata: Require DM convergence for SCF              =   T
redata: DM tolerance for SCF                        =     0.000100
redata: Require EDM convergence for SCF             =   F
redata: EDM tolerance for SCF                       =     0.001000 eV
redata: Require H convergence for SCF               =   T
redata: Hamiltonian tolerance for SCF               =     0.001000 eV
redata: Require (free) Energy convergence for SCF   =   F
redata: (free) Energy tolerance for SCF             =     0.000100 eV
redata: Using DFT-D3 dispersion                     =   F
redata: Using Saved Data (generic)                  =   F
redata: Use continuation files for DM               =   T
redata: Neglect nonoverlap interactions             =   F
redata: Method of Calculation                       = Diagonalization
redata: Electronic Temperature                      =   290.1130 K
redata: Fix the spin of the system                  =   F
redata: Max. number of TDED Iter                    =        1
redata: Number of TDED substeps                     =        3
redata: Dynamics option                             = CG coord. optimization
redata: Variable cell                               =   T
redata: Use continuation files for CG               =   F
redata: Max atomic displ per move                   =     0.1058 Ang
redata: Maximum number of optimization moves        =      400
redata: Force tolerance                             =     0.0200 eV/Ang
redata: Stress tolerance                            =     0.1000 GPa
mix.SCF: Pulay mixing                            = Pulay
mix.SCF:    Variant                              = stable
mix.SCF:    History steps                        = 6
mix.SCF:    Linear mixing weight                 =     0.050000
mix.SCF:    Mixing weight                        =     0.050000
mix.SCF:    SVD condition                        = 0.1000E-07
redata: Save all siesta data in one NC              =   F
redata: ***********************************************************************

%block SCF.Mixers
  Pulay
%endblock SCF.Mixers

%block SCF.Mixer.Pulay
  # Mixing method
  method pulay
  variant stable

  # Mixing options
  weight 0.0500
  weight.linear 0.0500
  history 6
%endblock SCF.Mixer.Pulay

DM_history_depth set to one: no extrapolation allowed by default for geometry relaxation
Size of DM history Fstack: 1
Total number of electrons:    16.000000
Total ionic charge:    16.000000
k-point displ. along   3 input, could be:     0.00    0.50
 Kpoints in:          480 . Kpoints trimmed:          458

siesta: k-grid: Number of k-points = 458
siesta: k-points from Monkhorst-Pack grid
siesta: k-cutoff (effective) =    27.803 Ang
siesta: k-point supercell and displacements
siesta: k-grid:    15     0     0      0.000
siesta: k-grid:     0    15     0      0.000
siesta: k-grid:     0     0     4      0.000

diag: Algorithm                                     = D&C
diag: Used triangular part                          = Lower
diag: Absolute tolerance                            =  0.100E-15
diag: Orthogonalization factor                      =  0.100E-05
diag: Memory factor                                 =  1.0000


ts: **************************************************************
ts: Save H and S matrices                           =    F
ts: Save TSHS files in MD/FC simulation             =    F
ts: Save DM and EDM matrices                        =    F
ts: Only save the overlap matrix S                  =    F
ts: **************************************************************

************************ Begin: TS CHECKS AND WARNINGS ************************
************************ End: TS CHECKS AND WARNINGS **************************


                     ====================================
                        Begin CG opt. move =      0
                     ====================================

outcell: Unit cell vectors (Ang):
       11.233646    0.000000    0.000000
        0.000000   11.424491    0.000000
        0.000000    0.000000   13.901537

outcell: Cell vector modules (Ang)   :   11.233646   11.424491   13.901537
outcell: Cell angles (23,13,12) (deg):     90.0000     90.0000     90.0000
outcell: Cell volume (Ang**3)        :   1784.1049
<dSpData1D:S at geom step 0
  <sparsity:sparsity for geom step 0
    nrows_g=52 nrows=52 sparsity=.8979 nnzs=2428, refcount: 7>
  <dData1D:(new from dSpData1D) n=2428, refcount: 1>
refcount: 1>
new_DM -- step:     1
Initializing Density Matrix...

Attempting to read DM from file... Failed...
DM filled with atomic data:
<dSpData2D:DM initialized from atoms
  <sparsity:sparsity for geom step 0
    nrows_g=52 nrows=52 sparsity=.8979 nnzs=2428, refcount: 8>
  <dData2D:DM n=2428 m=1, refcount: 1>
refcount: 1>
No. of atoms with KB's overlaping orbs in proc 0. Max # of overlaps:       4      26

InitMesh: MESH = 120 x 120 x 150 = 2160000
InitMesh: Mesh cutoff (required, used) =   300.000   304.923 Ry
New grid distribution [1]: sub = 2

stepf: Fermi-Dirac step function

siesta: Program's energy decomposition (eV):
siesta: Ebs     =      -154.261337
siesta: Eions   =      1128.646832
siesta: Ena     =       306.018568
siesta: Ekin    =       378.930114
siesta: Enl     =         3.763391
siesta: Eso     =         0.000000
siesta: Edftu   =         0.000000
siesta: DEna    =        17.123735
siesta: DUscf   =         2.077285
siesta: DUext   =         0.000000
siesta: Ex      =      -193.774350
siesta: Ec      =       -16.712380
siesta: Exc     =      -210.486730
siesta: EbV     =         0.000000
siesta: eta*DQ  =         0.000000
siesta: Emadel  =         0.000000
siesta: Emeta   =         0.000000
siesta: Emolmec =         0.000000
siesta: Ekinion =         0.000000
siesta: Eharris =      -636.847543
siesta: Etot    =      -631.220469
siesta: FreeEng =      -631.238987

        iscf     Eharris(eV)        E_KS(eV)     FreeEng(eV)     dDmax    Ef(eV) dHmax(eV)
   scf:    1     -636.847543     -631.220469     -631.238987  1.064391 -5.850226  1.129680
timer: Routine,Calls,Time,% = IterSCF        1       0.608  43.52
   scf:    2     -631.619663     -631.428118     -631.469620  0.030994 -5.873794  0.936685
   scf:    3     -629.414930     -631.461896     -631.579445  0.303077 -6.002243  0.979407
   scf:    4     -628.163008     -631.092298     -631.098442  0.342442 -5.863823  1.278835
   scf:    5     -630.761042     -630.932175     -630.932498  0.021700 -6.079869  1.555540
   scf:    6     -631.513930     -631.244892     -631.264034  0.036394 -6.213582  1.143591
   scf:    7     -629.708101     -631.110915     -631.245599  0.209839 -6.230710  3.112511
   scf:    8     -621.907116     -627.544448     -627.671492  0.269063 -6.234103  6.059307
   scf:    9     -627.720850     -627.634723     -627.759762  0.011116 -6.237364  5.893829
   scf:   10     -631.873978     -631.878788     -632.030611  0.251562 -6.238457  0.605723
   scf:   11     -628.486929     -630.822212     -630.976318  0.086648 -6.253790  3.298930
   scf:   12     -631.371094     -631.690567     -631.783332  0.208962 -6.232527  1.205993
   scf:   13     -632.040651     -631.973955     -632.102356  0.091697 -6.243665  0.134789
   scf:   14     -631.968138     -631.978298     -632.115935  0.026064 -6.252961  0.105484
   scf:   15     -631.979676     -631.979149     -632.116522  0.002693 -6.255233  0.050411
   scf:   16     -631.932590     -631.962448     -632.101688  0.012872 -6.258393  0.395641
   scf:   17     -631.982098     -631.981010     -632.116549  0.017480 -6.252934  0.017593
   scf:   18     -631.978848     -631.980041     -632.116703  0.003282 -6.254539  0.046755
   scf:   19     -631.979512     -631.979829     -632.116910  0.001711 -6.254584  0.013956
   scf:   20     -631.979349     -631.979599     -632.116937  0.000825 -6.255357  0.004521
   scf:   21     -631.979661     -631.979631     -632.116940  0.000281 -6.255830  0.001575
   scf:   22     -631.979664     -631.979648     -632.116941  0.000104 -6.255925  0.001119
   scf:   23     -631.979767     -631.979708     -632.116942  0.000315 -6.255944  0.000935
   scf:   24     -631.979675     -631.979692     -632.116942  0.000052 -6.255971  0.000921

SCF Convergence by DM+H criterion
max |DM_out - DM_in|         :     0.0000517380
max |H_out - H_in|      (eV) :     0.0009208101
SCF cycle converged after 24 iterations

Using DM_out to compute the final energy and forces
No. of atoms with KB's overlaping orbs in proc 0. Max # of overlaps:       4      26

siesta: E_KS(eV) =             -631.9797

siesta: E_KS - E_eggbox =      -631.9797

siesta: Atomic forces (eV/Ang):
----------------------------------------
   Tot   -0.000610   -0.001213    0.000649
----------------------------------------
   Max    5.506454
   Res    3.171940    sqrt( Sum f_i^2 / 3N )
----------------------------------------
   Max    5.506454    constrained

Stress tensor Voigt[x,y,z,yz,xz,xy] (kbar):        5.30        8.79        1.74       -0.12        0.21        3.02
(Free)E + p*V (eV/cell)     -637.9897
Target enthalpy (eV/cell)     -632.1169

siesta: Stress tensor (static) (eV/Ang**3):
         0.003307    0.001885    0.000133
         0.001885    0.005485   -0.000077
         0.000133   -0.000077    0.001084

siesta: Pressure (static):         -5.27391942  kBar

siesta: Stress tensor (total) (eV/Ang**3):
         0.003307    0.001885    0.000133
         0.001885    0.005485   -0.000077
         0.000133   -0.000077    0.001084

siesta: Pressure (total):         -5.27391942  kBar

No target stress found, assuming hydrostatic MD.TargetPressure.

Target stress (kBar)
         -0.000       0.000       0.000
          0.000      -0.000       0.000
          0.000       0.000      -0.000

                     ====================================
                        Begin CG opt. move =      1
                     ====================================
k-point displ. along   3 input, could be:     0.00    0.50
 Kpoints in:          480 . Kpoints trimmed:          458

siesta: k-grid: Number of k-points = 458
siesta: k-points from Monkhorst-Pack grid
siesta: k-cutoff (effective) =    27.783 Ang
siesta: k-point supercell and displacements
siesta: k-grid:    15     0     0      0.000
siesta: k-grid:     0    15     0      0.000
siesta: k-grid:     0     0     4      0.000

outcell: Unit cell vectors (Ang):
       11.208706   -0.014219   -0.001000
       -0.014460   11.382423    0.000588
       -0.001238    0.000715   13.891423

outcell: Cell vector modules (Ang)   :   11.208716   11.382432   13.891423
outcell: Cell angles (23,13,12) (deg):     89.9941     90.0102     90.1455
outcell: Cell volume (Ang**3)        :   1772.2959
<dSpData1D:S at geom step 1
  <sparsity:sparsity for geom step 1
    nrows_g=52 nrows=52 sparsity=.8979 nnzs=2428, refcount: 7>
  <dData1D:(new from dSpData1D) n=2428, refcount: 1>
refcount: 1>
new_DM -- step:     2
Re-using DM from previous geometries...
Number of DMs in history: 1
 DM extrapolation coefficients: 
1   1.00000
New DM after history re-use:
<dSpData2D:SpM extrapolated using coords
  <sparsity:sparsity for geom step 1
    nrows_g=52 nrows=52 sparsity=.8979 nnzs=2428, refcount: 9>
  <dData2D:(temp array for extrapolation) n=2428 m=1, refcount: 1>
refcount: 1>
Note: For starting DM, Qtot, Tr[D*S] =         16.00000000         16.46500954
No. of atoms with KB's overlaping orbs in proc 0. Max # of overlaps:       4      26

InitMesh: MESH = 120 x 120 x 150 = 2160000
InitMesh: Mesh cutoff (required, used) =   300.000   307.183 Ry
New grid distribution [1]: sub = 2

        iscf     Eharris(eV)        E_KS(eV)     FreeEng(eV)     dDmax    Ef(eV) dHmax(eV)
   scf:    1     -631.082308     -632.578883     -632.580303  0.336541 -6.745940  0.999535
   scf:    2     -616.206893     -628.034010     -628.107014  0.549205 -5.989012  3.100351
   scf:    3     -632.629107     -632.876360     -632.944919  0.467141 -6.563846  0.380707
   scf:    4     -632.527184     -632.786524     -632.890352  0.088662 -6.530350  0.752312
   scf:    5     -632.693101     -632.775089     -632.887256  0.038336 -6.520391  0.321908
   scf:    6     -632.880780     -632.832885     -632.938383  0.022430 -6.525558  0.205585
   scf:    7     -631.979573     -632.487021     -632.620025  0.091582 -6.484695  0.691308
   scf:    8     -631.378200     -631.985065     -632.123523  0.073440 -6.478861  1.081527
   scf:    9     -632.705352     -632.879219     -632.953732  0.234512 -6.495148  0.174441
   scf:   10     -632.881469     -632.886804     -632.977426  0.026518 -6.480820  0.089775
   scf:   11     -632.881109     -632.884595     -632.979245  0.007990 -6.482072  0.047274
   scf:   12     -632.880428     -632.882703     -632.979166  0.004101 -6.483278  0.029021
   scf:   13     -632.886847     -632.884968     -632.979366  0.004473 -6.480351  0.026471
   scf:   14     -632.886381     -632.885802     -632.979387  0.002516 -6.479994  0.030519
   scf:   15     -632.885808     -632.885805     -632.979401  0.000071 -6.479932  0.027439
   scf:   16     -632.885048     -632.885466     -632.979485  0.001173 -6.480091  0.003922
   scf:   17     -632.885069     -632.885270     -632.979491  0.000489 -6.480225  0.002250
   scf:   18     -632.885181     -632.885226     -632.979492  0.000083 -6.480076  0.001412
   scf:   19     -632.885180     -632.885203     -632.979492  0.000040 -6.480082  0.001200
   scf:   20     -632.885013     -632.885108     -632.979493  0.000173 -6.480518  0.000206
   scf:   21     -632.885110     -632.885109     -632.979493  0.000003 -6.480530  0.000189

SCF Convergence by DM+H criterion
max |DM_out - DM_in|         :     0.0000030291
max |H_out - H_in|      (eV) :     0.0001891389
SCF cycle converged after 21 iterations

Using DM_out to compute the final energy and forces
No. of atoms with KB's overlaping orbs in proc 0. Max # of overlaps:       4      26

siesta: E_KS(eV) =             -632.8851

siesta: Atomic forces (eV/Ang):
----------------------------------------
   Tot   -0.000634    0.000133    0.000201
----------------------------------------
   Max    1.946505
   Res    1.123443    sqrt( Sum f_i^2 / 3N )
----------------------------------------
   Max    1.946505    constrained

Stress tensor Voigt[x,y,z,yz,xz,xy] (kbar):        1.75        2.88        1.28       -0.09        0.15        0.98
(Free)E + p*V (eV/cell)     -635.1621
Target enthalpy (eV/cell)     -632.9795

siesta: Stress tensor (static) (eV/Ang**3):
         0.001095    0.000614    0.000096
         0.000614    0.001798   -0.000055
         0.000096   -0.000055    0.000801

siesta: Pressure (static):         -1.97309983  kBar

siesta: Stress tensor (total) (eV/Ang**3):
         0.001095    0.000614    0.000096
         0.000614    0.001798   -0.000055
         0.000096   -0.000055    0.000801

siesta: Pressure (total):         -1.97309983  kBar

                     ====================================
                        Begin CG opt. move =      2
                     ====================================
k-point displ. along   3 input, could be:     0.00    0.50
 Kpoints in:          480 . Kpoints trimmed:          458

siesta: k-grid: Number of k-points = 458
siesta: k-points from Monkhorst-Pack grid
siesta: k-cutoff (effective) =    27.750 Ang
siesta: k-point supercell and displacements
siesta: k-grid:    15     0     0      0.000
siesta: k-grid:     0    15     0      0.000
siesta: k-grid:     0     0     4      0.000

outcell: Unit cell vectors (Ang):
       11.168804   -0.036969   -0.002601
       -0.037597   11.315113    0.001528
       -0.003219    0.001859   13.875242

outcell: Cell vector modules (Ang)   :   11.168865   11.315176   13.875242
outcell: Cell angles (23,13,12) (deg):     89.9845     90.0267     90.3800
outcell: Cell volume (Ang**3)        :   1753.4820
<dSpData1D:S at geom step 2
  <sparsity:sparsity for geom step 2
    nrows_g=52 nrows=52 sparsity=.8979 nnzs=2428, refcount: 7>
  <dData1D:(new from dSpData1D) n=2428, refcount: 1>
refcount: 1>
new_DM -- step:     3
Re-using DM from previous geometries...
Number of DMs in history: 1
 DM extrapolation coefficients: 
1   1.00000
New DM after history re-use:
<dSpData2D:SpM extrapolated using coords
  <sparsity:sparsity for geom step 2
    nrows_g=52 nrows=52 sparsity=.8979 nnzs=2428, refcount: 9>
  <dData2D:(temp array for extrapolation) n=2428 m=1, refcount: 1>
refcount: 1>
Note: For starting DM, Qtot, Tr[D*S] =         16.00000000         16.85666915
No. of atoms with KB's overlaping orbs in proc 0. Max # of overlaps:       4      26

InitMesh: MESH = 120 x 120 x 150 = 2160000
InitMesh: Mesh cutoff (required, used) =   300.000   310.857 Ry
New grid distribution [1]: sub = 2

        iscf     Eharris(eV)        E_KS(eV)     FreeEng(eV)     dDmax    Ef(eV) dHmax(eV)
   scf:    1     -630.178367     -631.115505     -631.115505  0.352881 -7.559866  1.952337
   scf:    2     -630.725995     -631.148285     -631.154704  0.097607 -6.216993  1.740418
   scf:    3     -631.500428     -631.382211     -631.382260  0.052187 -6.835421  0.097106
   scf:    4     -631.382342     -631.382477     -631.382551  0.002926 -6.798704  0.063988
   scf:    5     -631.383001     -631.382764     -631.382837  0.000956 -6.808722  0.035006
   scf:    6     -631.382684     -631.382923     -631.383034  0.003543 -6.817162  0.034973
   scf:    7     -631.382936     -631.382976     -631.383122  0.001808 -6.818738  0.043921
   scf:    8     -631.383093     -631.383072     -631.383232  0.001182 -6.803068  0.003589
   scf:    9     -631.383086     -631.383084     -631.383238  0.000670 -6.804533  0.001687
   scf:   10     -631.383085     -631.383085     -631.383239  0.000215 -6.804198  0.000370
   scf:   11     -631.383085     -631.383085     -631.383239  0.000021 -6.804176  0.000295

SCF Convergence by DM+H criterion
max |DM_out - DM_in|         :     0.0000207626
max |H_out - H_in|      (eV) :     0.0002947858
SCF cycle converged after 11 iterations

Using DM_out to compute the final energy and forces
No. of atoms with KB's overlaping orbs in proc 0. Max # of overlaps:       4      26

siesta: E_KS(eV) =             -631.3831

siesta: Atomic forces (eV/Ang):
----------------------------------------
   Tot    0.000064    0.000483    0.000269
----------------------------------------
   Max   14.639758
   Res    8.446863    sqrt( Sum f_i^2 / 3N )
----------------------------------------
   Max   14.639758    constrained

Stress tensor Voigt[x,y,z,yz,xz,xy] (kbar):      -11.51      -19.09        0.59       -0.02        0.04       -6.55
(Free)E + p*V (eV/cell)     -620.4351
Target enthalpy (eV/cell)     -631.3832

siesta: Stress tensor (static) (eV/Ang**3):
        -0.007185   -0.004089    0.000022
        -0.004089   -0.011914   -0.000013
         0.000022   -0.000013    0.000369

siesta: Pressure (static):         10.00345673  kBar

siesta: Stress tensor (total) (eV/Ang**3):
        -0.007185   -0.004089    0.000022
        -0.004089   -0.011914   -0.000013
         0.000022   -0.000013    0.000369

siesta: Pressure (total):         10.00345673  kBar

                     ====================================
                        Begin CG opt. move =      3
                     ====================================
k-point displ. along   3 input, could be:     0.00    0.50
 Kpoints in:          480 . Kpoints trimmed:          458

siesta: k-grid: Number of k-points = 458
siesta: k-points from Monkhorst-Pack grid
siesta: k-cutoff (effective) =    27.779 Ang
siesta: k-point supercell and displacements
siesta: k-grid:    15     0     0      0.000
siesta: k-grid:     0    15     0      0.000
siesta: k-grid:     0     0     4      0.000

outcell: Unit cell vectors (Ang):
       11.203964   -0.016922   -0.001191
       -0.017210   11.374424    0.000699
       -0.001473    0.000851   13.889500

outcell: Cell vector modules (Ang)   :   11.203977   11.374437   13.889500
outcell: Cell angles (23,13,12) (deg):     89.9930     90.0122     90.1732
outcell: Cell volume (Ang**3)        :   1770.0549
<dSpData1D:S at geom step 3
  <sparsity:sparsity for geom step 3
    nrows_g=52 nrows=52 sparsity=.8979 nnzs=2428, refcount: 7>
  <dData1D:(new from dSpData1D) n=2428, refcount: 1>
refcount: 1>
new_DM -- step:     4
Re-using DM from previous geometries...
Number of DMs in history: 1
 DM extrapolation coefficients: 
1   1.00000
New DM after history re-use:
<dSpData2D:SpM extrapolated using coords
  <sparsity:sparsity for geom step 3
    nrows_g=52 nrows=52 sparsity=.8979 nnzs=2428, refcount: 9>
  <dData2D:(temp array for extrapolation) n=2428 m=1, refcount: 1>
refcount: 1>
Note: For starting DM, Qtot, Tr[D*S] =         16.00000000         15.12571707
No. of atoms with KB's overlaping orbs in proc 0. Max # of overlaps:       4      26

InitMesh: MESH = 120 x 120 x 150 = 2160000
InitMesh: Mesh cutoff (required, used) =   300.000   307.616 Ry
New grid distribution [1]: sub = 2

        iscf     Eharris(eV)        E_KS(eV)     FreeEng(eV)     dDmax    Ef(eV) dHmax(eV)
   scf:    1     -618.554731     -628.131596     -628.210178  0.761597 -5.870278  2.861874
   scf:    2     -620.068214     -629.508561     -629.508561  0.653410 -6.557456  4.245455
   scf:    3     -634.779751     -632.409632     -632.409632  0.071133 -6.348284  1.501084
   scf:    4     -632.367837     -632.388783     -632.388783  0.000959 -6.355763  1.536595
   scf:    5     -632.939461     -632.674558     -632.674639  0.021380 -6.543075  1.067307
   scf:    6     -632.801310     -632.739044     -632.739499  0.004926 -6.520443  0.905800
   scf:    7     -632.727302     -632.733264     -632.733705  0.002248 -6.543712  0.927266
   scf:    8     -609.926875     -625.873729     -625.940662  0.558684 -6.349206  6.050138
   scf:    9     -628.645219     -627.370416     -627.448041  0.033986 -6.485180  4.356877
   scf:   10     -632.381023     -632.942750     -632.989142  0.504318 -6.467573  0.350917
   scf:   11     -632.630954     -632.818993     -632.823255  0.054021 -6.456726  0.648551
   scf:   12     -632.974506     -632.905597     -632.933283  0.027325 -6.466207  0.392835
   scf:   13     -632.917264     -632.911502     -632.941484  0.002589 -6.467421  0.375740
   scf:   14     -632.273451     -632.791757     -632.885453  0.143479 -6.492050  0.912155
   scf:   15     -631.285484     -632.158158     -632.263046  0.101918 -6.492294  2.181900
   scf:   16     -628.304273     -630.477677     -630.591939  0.126230 -6.496393  3.976424
   scf:   17     -632.716378     -631.711261     -631.817869  0.087572 -6.488740  2.925449
   scf:   18     -632.209980     -632.890186     -632.913622  0.292637 -6.451409  0.461474
   scf:   19     -632.915276     -632.903082     -632.931739  0.005676 -6.456110  0.452082
   scf:   20     -632.631819     -632.891486     -632.973588  0.108426 -6.477852  0.816048
   scf:   21     -632.527291     -632.733399     -632.822295  0.032423 -6.491049  1.496814
   scf:   22     -632.664305     -632.699531     -632.790415  0.007551 -6.494849  1.580752
   scf:   23     -633.033571     -632.916528     -632.998035  0.043635 -6.475002  0.597528
   scf:   24     -631.560520     -632.392705     -632.494275  0.088770 -6.515946  2.270664
   scf:   25     -632.363514     -632.892745     -632.943195  0.178855 -6.497345  0.895751
   scf:   26     -632.885041     -632.893256     -632.960246  0.021273 -6.513403  0.921633
   scf:   27     -632.832119     -632.863991     -632.930609  0.003169 -6.518623  1.094418
   scf:   28     -632.826719     -632.845784     -632.912485  0.004051 -6.512692  1.171765
   scf:   29     -632.895320     -632.871372     -632.937123  0.003444 -6.513524  1.043175
   scf:   30     -632.900482     -632.886466     -632.952434  0.003164 -6.511024  0.935761
   scf:   31     -632.851642     -632.945365     -633.023938  0.050576 -6.504867  0.373532
   scf:   32     -632.897330     -632.947120     -633.022495  0.027894 -6.518101  0.397154
   scf:   33     -632.933093     -632.953696     -633.035927  0.022888 -6.521058  0.149751
   scf:   34     -632.945096     -632.954802     -633.034116  0.010488 -6.518959  0.204283
   scf:   35     -632.956882     -632.955983     -633.035904  0.001844 -6.519332  0.148712
   scf:   36     -632.956825     -632.956480     -633.036856  0.001383 -6.519766  0.107359
   scf:   37     -632.955582     -632.956438     -633.037889  0.003821 -6.520791  0.015584
   scf:   38     -632.954993     -632.955755     -633.037884  0.001276 -6.520974  0.019605
   scf:   39     -632.955975     -632.955875     -633.037911  0.000268 -6.520826  0.005038
   scf:   40     -632.955687     -632.955781     -633.037912  0.000320 -6.520569  0.003930
   scf:   41     -632.955897     -632.955840     -633.037915  0.000285 -6.520318  0.003267
   scf:   42     -632.955959     -632.955900     -633.037916  0.000160 -6.520120  0.001995
   scf:   43     -632.955980     -632.955940     -633.037916  0.000134 -6.520039  0.002100
   scf:   44     -632.955980     -632.955960     -633.037917  0.000125 -6.520016  0.000462
   scf:   45     -632.955984     -632.955972     -633.037917  0.000023 -6.519999  0.000283

SCF Convergence by DM+H criterion
max |DM_out - DM_in|         :     0.0000230475
max |H_out - H_in|      (eV) :     0.0002832468
SCF cycle converged after 45 iterations

Using DM_out to compute the final energy and forces
No. of atoms with KB's overlaping orbs in proc 0. Max # of overlaps:       4      26

siesta: E_KS(eV) =             -632.9560

siesta: Atomic forces (eV/Ang):
----------------------------------------
   Tot   -0.000664   -0.000412    0.000132
----------------------------------------
   Max    0.872278
   Res    0.509098    sqrt( Sum f_i^2 / 3N )
----------------------------------------
   Max    0.872278    constrained

Stress tensor Voigt[x,y,z,yz,xz,xy] (kbar):        0.78        1.27        1.20       -0.08        0.14        0.43
(Free)E + p*V (eV/cell)     -634.2331
Target enthalpy (eV/cell)     -633.0379

siesta: Stress tensor (static) (eV/Ang**3):
         0.000489    0.000267    0.000088
         0.000267    0.000791   -0.000051
         0.000088   -0.000051    0.000746

siesta: Pressure (static):         -1.08180208  kBar

siesta: Stress tensor (total) (eV/Ang**3):
         0.000489    0.000267    0.000088
         0.000267    0.000791   -0.000051
         0.000088   -0.000051    0.000746

siesta: Pressure (total):         -1.08180208  kBar

cgvc: Finished line minimization    1.  Mean atomic displacement =    0.1190

                     ====================================
                        Begin CG opt. move =      4
                     ====================================
k-point displ. along   3 input, could be:     0.00    0.50
 Kpoints in:          480 . Kpoints trimmed:          458

siesta: k-grid: Number of k-points = 458
siesta: k-points from Monkhorst-Pack grid
siesta: k-cutoff (effective) =    27.448 Ang
siesta: k-point supercell and displacements
siesta: k-grid:    15     0     0      0.000
siesta: k-grid:     0    15     0      0.000
siesta: k-grid:     0     0     4      0.000

outcell: Unit cell vectors (Ang):
       11.193059   -0.020575   -0.016906
       -0.020924   11.360678    0.009945
       -0.020921    0.012102   13.723846

outcell: Cell vector modules (Ang)   :   11.193091   11.360702   13.723868
outcell: Cell angles (23,13,12) (deg):     89.8992     90.1740     90.2109
outcell: Cell volume (Ang**3)        :   1745.1232
<dSpData1D:S at geom step 4
  <sparsity:sparsity for geom step 4
    nrows_g=52 nrows=52 sparsity=.9334 nnzs=2524, refcount: 7>
  <dData1D:(new from dSpData1D) n=2524, refcount: 1>
refcount: 1>
new_DM -- step:     5
Re-using DM from previous geometries...
Number of DMs in history: 1
 DM extrapolation coefficients: 
1   1.00000
New DM after history re-use:
<dSpData2D:SpM extrapolated using coords
  <sparsity:sparsity for geom step 4
    nrows_g=52 nrows=52 sparsity=.9334 nnzs=2524, refcount: 9>
  <dData2D:(temp array for extrapolation) n=2524 m=1, refcount: 1>
refcount: 1>
Note: For starting DM, Qtot, Tr[D*S] =         16.00000000         16.39642451
No. of atoms with KB's overlaping orbs in proc 0. Max # of overlaps:       4      26

InitMesh: MESH = 120 x 120 x 144 = 2073600
InitMesh: Mesh cutoff (required, used) =   300.000   304.284 Ry
New grid distribution [1]: sub = 2

        iscf     Eharris(eV)        E_KS(eV)     FreeEng(eV)     dDmax    Ef(eV) dHmax(eV)
   scf:    1     -632.224086     -632.706736     -632.707647  0.200285 -6.961839  0.971187
   scf:    2     -577.029674     -614.338584     -614.405771  0.596832 -6.355942 15.029063
   scf:    3     -632.234227     -632.726015     -632.727828  0.593315 -6.920937  0.914051
   scf:    4     -627.356841     -630.945471     -630.999333  0.189724 -6.669388  4.605214
   scf:    5     -630.672126     -630.809999     -630.864858  0.006052 -6.667898  4.774927
   scf:    6     -625.379449     -628.341148     -628.405896  0.080793 -6.660554  7.182187
   scf:    7     -629.498075     -628.930178     -628.995220  0.014993 -6.659140  6.691030
   scf:    8     -634.060056     -632.450511     -632.489714  0.160803 -6.672704  1.922613
   scf:    9     -632.581034     -632.517867     -632.556815  0.003849 -6.657139  1.727489
   scf:   10     -632.776631     -632.660616     -632.694163  0.019951 -6.657490  1.153939
   scf:   11     -632.807894     -632.775730     -632.803039  0.030570 -6.649998  0.146955
   scf:   12     -632.775873     -632.775907     -632.802054  0.002346 -6.651787  0.182277
   scf:   13     -632.777884     -632.776930     -632.802809  0.001267 -6.652381  0.153155
   scf:   14     -632.780280     -632.779372     -632.804732  0.003686 -6.650592  0.017929
   scf:   15     -632.780330     -632.779874     -632.804671  0.001285 -6.650169  0.035464
   scf:   16     -632.780385     -632.780173     -632.804773  0.001048 -6.648158  0.003869
   scf:   17     -632.779830     -632.780005     -632.804785  0.000852 -6.647713  0.003203
   scf:   18     -632.779849     -632.779927     -632.804787  0.000111 -6.647707  0.003008
   scf:   19     -632.779369     -632.779649     -632.804791  0.000423 -6.647660  0.000612
   scf:   20     -632.779630     -632.779640     -632.804792  0.000039 -6.647736  0.001105
   scf:   21     -632.779599     -632.779619     -632.804792  0.000046 -6.647869  0.000888

SCF Convergence by DM+H criterion
max |DM_out - DM_in|         :     0.0000459638
max |H_out - H_in|      (eV) :     0.0008880004
SCF cycle converged after 21 iterations

Using DM_out to compute the final energy and forces
No. of atoms with KB's overlaping orbs in proc 0. Max # of overlaps:       4      26

siesta: E_KS(eV) =             -632.7796

siesta: Atomic forces (eV/Ang):
----------------------------------------
   Tot   -0.000089   -0.000768   -0.000057
----------------------------------------
   Max    4.853274
   Res    2.904958    sqrt( Sum f_i^2 / 3N )
----------------------------------------
   Max    4.853274    constrained

Stress tensor Voigt[x,y,z,yz,xz,xy] (kbar):       -4.36       -6.86        1.17       -0.03        0.04       -2.51
(Free)E + p*V (eV/cell)     -629.1578
Target enthalpy (eV/cell)     -632.8048

siesta: Stress tensor (static) (eV/Ang**3):
        -0.002719   -0.001564    0.000023
        -0.001564   -0.004279   -0.000018
         0.000023   -0.000018    0.000729

siesta: Pressure (static):          3.34828569  kBar

siesta: Stress tensor (total) (eV/Ang**3):
        -0.002719   -0.001564    0.000023
        -0.001564   -0.004279   -0.000018
         0.000023   -0.000018    0.000729

siesta: Pressure (total):          3.34828569  kBar

                     ====================================
                        Begin CG opt. move =      5
                     ====================================
k-point displ. along   3 input, could be:     0.00    0.50
 Kpoints in:          480 . Kpoints trimmed:          458

siesta: k-grid: Number of k-points = 458
siesta: k-points from Monkhorst-Pack grid
siesta: k-cutoff (effective) =    27.714 Ang
siesta: k-point supercell and displacements
siesta: k-grid:    15     0     0      0.000
siesta: k-grid:     0    15     0      0.000
siesta: k-grid:     0     0     4      0.000

outcell: Unit cell vectors (Ang):
       11.201818   -0.017641   -0.004283
       -0.017941   11.371719    0.002519
       -0.005301    0.003065   13.856898

outcell: Cell vector modules (Ang)   :   11.201833   11.371733   13.856900
outcell: Cell angles (23,13,12) (deg):     89.9746     90.0438     90.1806
outcell: Cell volume (Ang**3)        :   1765.1414
<dSpData1D:S at geom step 5
  <sparsity:sparsity for geom step 5
    nrows_g=52 nrows=52 sparsity=.8979 nnzs=2428, refcount: 7>
  <dData1D:(new from dSpData1D) n=2428, refcount: 1>
refcount: 1>
new_DM -- step:     6
Re-using DM from previous geometries...
Number of DMs in history: 1
 DM extrapolation coefficients: 
1   1.00000
New DM after history re-use:
<dSpData2D:SpM extrapolated using coords
  <sparsity:sparsity for geom step 5
    nrows_g=52 nrows=52 sparsity=.8979 nnzs=2428, refcount: 9>
  <dData2D:(temp array for extrapolation) n=2428 m=1, refcount: 1>
refcount: 1>
Note: For starting DM, Qtot, Tr[D*S] =         16.00000000         15.65576608
No. of atoms with KB's overlaping orbs in proc 0. Max # of overlaps:       4      26

InitMesh: MESH = 120 x 120 x 150 = 2160000
InitMesh: Mesh cutoff (required, used) =   300.000   307.762 Ry
New grid distribution [1]: sub = 2

        iscf     Eharris(eV)        E_KS(eV)     FreeEng(eV)     dDmax    Ef(eV) dHmax(eV)
   scf:    1     -603.313280     -623.076139     -623.186173  0.569379 -6.305262 10.318277
   scf:    2      489.601523     -276.965888     -276.965888  1.060666 -4.050845 74.333073
   scf:    3     -772.326232     -597.124332     -597.167893  1.272726 -5.655267 21.330203
   scf:    4     -593.329881     -595.253096     -595.270286  0.119628 -4.653246 23.473821
   scf:    5      134.943906     -294.460331     -294.460502  1.364777 -4.240409 67.172623
   scf:    6     -766.037658     -596.395349     -596.441980  1.371596 -5.542771 22.778776
   scf:    7     -455.772592     -596.730361     -596.791559  0.563054 -5.955172 23.082230
   scf:    8     -596.682572     -596.706756     -596.768740  0.006974 -5.874369 23.018477
   scf:    9     -599.856656     -598.307486     -598.376574  0.101917 -6.519951 21.206450
   scf:   10     -631.002350     -632.613708     -632.613893  0.588055 -6.604195  1.430378
   scf:   11     -633.032256     -632.841436     -632.842726  0.031188 -6.479963  0.736181
   scf:   12     -632.661048     -632.804031     -632.818468  0.051689 -6.457611  1.365664
   scf:   13     -523.780598     -597.844124     -597.911863  0.559614 -5.889104 21.025127
   scf:   14     -598.102057     -597.973229     -598.040903  0.004414 -5.955710 20.875538
   scf:   15     -465.306384     -598.679469     -598.744032  0.549443 -6.184569 20.294236
   scf:   16     -629.615139     -632.850758     -632.865772  0.567969 -6.484507  1.040491
   scf:   17     -632.935434     -632.901903     -632.912006  0.015795 -6.474221  0.518832
   scf:   18     -632.865299     -632.893306     -632.896680  0.020258 -6.446480  0.594257
   scf:   19     -632.894284     -632.894067     -632.897343  0.004511 -6.443654  0.580597
   scf:   20     -632.888002     -632.891588     -632.895321  0.005611 -6.453972  0.574055
   scf:   21     -632.784821     -632.882651     -632.910226  0.048206 -6.521002  1.072560
   scf:   22     -568.892059     -610.916049     -611.010286  0.508261 -6.477738 15.524972
   scf:   23     -480.362503     -597.995885     -598.026687  0.545905 -6.278012 20.389322
   scf:   24     -631.560162     -632.941139     -632.959914  0.554930 -6.487958  0.413173
   scf:   25     -632.908889     -632.927673     -632.949019  0.007521 -6.491793  0.642759
   scf:   26     -632.894500     -632.932354     -632.944529  0.024582 -6.479687  0.471985
   scf:   27     -632.746040     -632.880156     -632.911426  0.037608 -6.489812  1.136579
   scf:   28     -632.869306     -632.874778     -632.906329  0.001243 -6.487793  1.161912
   scf:   29     -631.309465     -632.569189     -632.676276  0.183538 -6.554152  1.804858
   scf:   30     -614.639933     -625.864449     -625.955418  0.159264 -6.544683  9.032179
   scf:   31     -560.343289     -615.634850     -615.723458  0.407189 -6.509690 14.186221
   scf:   32     -638.733812     -630.741744     -630.835975  0.216037 -6.536207  5.105493
   scf:   33     -632.260673     -632.926592     -633.001905  0.154419 -6.544753  0.745269
   scf:   34     -632.729951     -632.940897     -632.993170  0.073373 -6.508426  0.856991
   scf:   35     -632.968796     -632.955526     -633.005508  0.003962 -6.499305  0.741828
   scf:   36     -632.608117     -632.808023     -632.848703  0.025759 -6.499968  1.499047
   scf:   37     -630.281879     -632.318832     -632.411242  0.180852 -6.548581  2.638301
   scf:   38     -601.370290     -620.564418     -620.665471  0.250271 -6.553218 11.891381
   scf:   39     -635.495144     -632.795420     -632.873153  0.311380 -6.538702  1.445187
   scf:   40     -633.027430     -632.985468     -633.054071  0.045933 -6.529016  0.151752
   scf:   41     -632.971023     -632.984405     -633.050572  0.012762 -6.527022  0.324048
   scf:   42     -632.806267     -632.916874     -632.977133  0.025806 -6.517100  0.996219
   scf:   43     -632.776844     -632.851950     -632.909473  0.010963 -6.515051  1.331004
   scf:   44     -633.005740     -632.940686     -633.003743  0.019410 -6.514626  0.840388
   scf:   45     -631.147163     -632.474486     -632.558622  0.106363 -6.544949  2.382482
   scf:   46     -631.235050     -632.668842     -632.717599  0.151807 -6.527037  1.990272
   scf:   47     -632.644408     -632.657845     -632.708639  0.012461 -6.557019  2.047579
   scf:   48     -633.080828     -632.912748     -632.972373  0.031060 -6.549450  1.002270
   scf:   49     -632.891913     -632.978266     -633.048784  0.046640 -6.549399  0.336390
   scf:   50     -632.882349     -632.936955     -633.014063  0.011548 -6.549899  0.719849
   scf:   51     -632.865652     -632.968998     -633.033676  0.040790 -6.544306  0.539497
   scf:   52     -632.929817     -632.950781     -633.014453  0.007252 -6.545714  0.715913
   scf:   53     -633.002089     -632.984009     -633.051508  0.013757 -6.546367  0.294407
   scf:   54     -632.986076     -632.988898     -633.059165  0.011915 -6.546074  0.010428
   scf:   55     -632.985379     -632.987312     -633.058961  0.003498 -6.547553  0.058665
   scf:   56     -632.988864     -632.988202     -633.059249  0.001282 -6.546966  0.008916
   scf:   57     -632.986871     -632.987587     -633.059115  0.001075 -6.546963  0.041850
   scf:   58     -632.988362     -632.988019     -633.059251  0.000915 -6.546787  0.009529
   scf:   59     -632.987986     -632.988004     -633.059257  0.000217 -6.546821  0.005083
   scf:   60     -632.988041     -632.988022     -633.059258  0.000062 -6.546905  0.003350
   scf:   61     -632.988192     -632.988107     -633.059259  0.000128 -6.547191  0.001365
   scf:   62     -632.988129     -632.988118     -633.059260  0.000069 -6.547357  0.001117
   scf:   63     -632.988133     -632.988126     -633.059260  0.000086 -6.547712  0.001217
   scf:   64     -632.988077     -632.988101     -633.059260  0.000066 -6.547957  0.001047
   scf:   65     -632.988066     -632.988084     -633.059260  0.000040 -6.548021  0.000780

SCF Convergence by DM+H criterion
max |DM_out - DM_in|         :     0.0000399764
max |H_out - H_in|      (eV) :     0.0007804209
SCF cycle converged after 65 iterations

Using DM_out to compute the final energy and forces
No. of atoms with KB's overlaping orbs in proc 0. Max # of overlaps:       4      26

siesta: E_KS(eV) =             -632.9881

siesta: Atomic forces (eV/Ang):
----------------------------------------
   Tot   -0.000432   -0.000594    0.000014
----------------------------------------
   Max    0.222791
   Res    0.110488    sqrt( Sum f_i^2 / 3N )
----------------------------------------
   Max    0.222791    constrained

Stress tensor Voigt[x,y,z,yz,xz,xy] (kbar):       -0.05       -0.06        1.21       -0.08        0.14       -0.05
(Free)E + p*V (eV/cell)     -633.4619
Target enthalpy (eV/cell)     -633.0593

siesta: Stress tensor (static) (eV/Ang**3):
        -0.000030   -0.000030    0.000088
        -0.000030   -0.000040   -0.000051
         0.000088   -0.000051    0.000754

siesta: Pressure (static):         -0.36548085  kBar

siesta: Stress tensor (total) (eV/Ang**3):
        -0.000030   -0.000030    0.000088
        -0.000030   -0.000040   -0.000051
         0.000088   -0.000051    0.000754

siesta: Pressure (total):         -0.36548085  kBar

cgvc: Finished line minimization    2.  Mean atomic displacement =    0.0234

                     ====================================
                        Begin CG opt. move =      6
                     ====================================
k-point displ. along   3 input, could be:     0.00    0.50
 Kpoints in:          480 . Kpoints trimmed:          458

siesta: k-grid: Number of k-points = 458
siesta: k-points from Monkhorst-Pack grid
siesta: k-cutoff (effective) =    27.634 Ang
siesta: k-point supercell and displacements
siesta: k-grid:    15     0     0      0.000
siesta: k-grid:     0    15     0      0.000
siesta: k-grid:     0     0     4      0.000

outcell: Unit cell vectors (Ang):
       11.202907   -0.016474   -0.008020
       -0.016754   11.373178    0.004720
       -0.009925    0.005743   13.817094

outcell: Cell vector modules (Ang)   :   11.202922   11.373191   13.817099
outcell: Cell angles (23,13,12) (deg):     89.9523     90.0822     90.1687
outcell: Cell volume (Ang**3)        :   1760.4677
<dSpData1D:S at geom step 6
  <sparsity:sparsity for geom step 6
    nrows_g=52 nrows=52 sparsity=.9216 nnzs=2492, refcount: 7>
  <dData1D:(new from dSpData1D) n=2492, refcount: 1>
refcount: 1>
new_DM -- step:     7
Re-using DM from previous geometries...
Number of DMs in history: 1
 DM extrapolation coefficients: 
1   1.00000
New DM after history re-use:
<dSpData2D:SpM extrapolated using coords
  <sparsity:sparsity for geom step 6
    nrows_g=52 nrows=52 sparsity=.9216 nnzs=2492, refcount: 9>
  <dData2D:(temp array for extrapolation) n=2492 m=1, refcount: 1>
refcount: 1>
Note: For starting DM, Qtot, Tr[D*S] =         16.00000000         15.97313325
No. of atoms with KB's overlaping orbs in proc 0. Max # of overlaps:       4      26

InitMesh: MESH = 120 x 120 x 144 = 2073600
InitMesh: Mesh cutoff (required, used) =   300.000   300.189 Ry
New grid distribution [1]: sub = 2

        iscf     Eharris(eV)        E_KS(eV)     FreeEng(eV)     dDmax    Ef(eV) dHmax(eV)
   scf:    1     -623.303402     -629.760069     -629.853096  0.198362 -6.519944  6.147412
   scf:    2      404.999593     -294.285328     -294.285394  1.298602 -4.466500 67.440703
   scf:    3     -766.232015     -598.539361     -598.593500  1.349828 -6.264161 20.388252
   scf:    4     -597.455022     -597.999112     -598.047620  0.025642 -6.129321 20.742123
   scf:    5     -596.979357     -597.490784     -597.534343  0.024761 -5.906069 21.193474
   scf:    6     -592.224092     -594.887390     -594.924268  0.115057 -4.211726 24.015796
   scf:    7     -595.049919     -594.968680     -595.005460  0.003376 -4.267639 23.931756
   scf:    8      613.798422     -274.615012     -274.615012  1.078916 -4.221308 75.988990
   scf:    9     -250.432990     -262.611921     -262.611921  0.227957 -2.778377 81.199547
   scf:   10     -286.123760     -274.451606     -274.451606  0.223430 -4.321803 76.134279
   scf:   11     -772.961073     -596.623899     -596.635871  0.959248 -6.114264 23.790320
   scf:   12      144.280095     -292.496716     -292.496716  1.188359 -4.334770 68.012692
   scf:   13      913.722422     -294.105719     -294.105870  1.577980 -4.262283 67.265990
   scf:   14     -279.675452     -286.926016     -286.926016  0.165197 -4.618885 70.011273
   scf:   15     -768.972871     -596.499545     -596.554159  1.192242 -6.669209 22.795245
   scf:   16      547.323082     -294.264450     -294.264450  1.198878 -4.341695 67.769072
   scf:   17     -630.870037     -479.058161     -479.121762  0.796204 -4.335405 45.347197
   scf:   18     -681.586595     -599.015183     -599.034136  0.980763 -6.552762 20.777280
   scf:   19     -629.325507     -632.363101     -632.363114  0.579534 -6.772992  2.185623
   scf:   20     -631.881388     -632.204870     -632.218567  0.080790 -6.755661  3.505819
   scf:   21     -546.900174     -606.221661     -606.280022  0.517524 -6.657840 17.712541
   scf:   22     -631.596022     -632.800043     -632.801627  0.512734 -6.600229  1.111910
   scf:   23     -631.916681     -632.548879     -632.585883  0.091839 -6.556036  2.515393
   scf:   24     -561.862265     -607.257188     -607.296430  0.459325 -6.572299 17.498827
   scf:   25     -480.348242     -600.258649     -600.313299  0.562690 -6.507142 19.333025
   scf:   26     -493.613840     -605.263564     -605.297073  0.579107 -6.478558 17.804919
   scf:   27     -534.406759     -614.256186     -614.325664  0.561609 -6.482235 14.784424
   scf:   28     -637.735404     -628.452582     -628.514059  0.235497 -6.486550  7.421495
   scf:   29     -631.786522     -630.248301     -630.310654  0.067561 -6.535401  5.680961
   scf:   30     -618.435021     -625.048510     -625.127847  0.139436 -6.529732  9.669824
   scf:   31     -635.418808     -632.338071     -632.390753  0.214139 -6.559693  2.807602
   scf:   32     -632.993594     -632.727443     -632.763549  0.061159 -6.518198  1.717392
   scf:   33     -576.298461     -615.517288     -615.595832  0.512215 -6.471766 14.085462
   scf:   34     -619.499485     -631.622578     -631.678282  0.517198 -6.537514  4.042311
   scf:   35     -632.270926     -631.959486     -632.014865  0.018212 -6.532599  3.512657
   scf:   36     -632.225389     -632.094889     -632.148127  0.006922 -6.530309  3.278062
   scf:   37     -632.455301     -632.280365     -632.332704  0.006204 -6.529349  2.939587
   scf:   38     -633.093340     -632.745128     -632.800173  0.019488 -6.512233  1.805984
   scf:   39     -631.730153     -632.293240     -632.346943  0.017550 -6.527486  2.930540
   scf:   40     -594.840484     -622.102605     -622.206742  0.424658 -6.525682 11.031203
   scf:   41     -626.637867     -632.455030     -632.505176  0.424561 -6.526464  2.547133
   scf:   42     -632.849259     -632.664565     -632.718601  0.012363 -6.525949  2.009377
   scf:   43     -632.941127     -632.813570     -632.871643  0.014373 -6.526644  1.507606
   scf:   44     -632.514926     -632.673854     -632.727299  0.014577 -6.526025  1.977457
   scf:   45     -633.103215     -632.976945     -633.043334  0.045969 -6.526561  0.575496
   scf:   46     -632.579432     -632.816879     -632.874660  0.031717 -6.525401  1.497338
   scf:   47     -626.568190     -631.228156     -631.328197  0.210334 -6.546365  4.374907
   scf:   48     -630.689533     -630.963484     -631.064764  0.012614 -6.548486  4.690976
   scf:   49     -631.391749     -631.180706     -631.280970  0.009421 -6.546153  4.430295
   scf:   50     -632.633301     -632.982520     -633.049797  0.177772 -6.533003  0.474299
   scf:   51     -632.664627     -632.855463     -632.914504  0.030193 -6.530058  1.318358
   scf:   52     -632.894759     -632.875477     -632.935023  0.002869 -6.528681  1.231278
   scf:   53     -632.808183     -632.842798     -632.900539  0.005373 -6.528105  1.378244
   scf:   54     -632.835505     -632.839173     -632.897061  0.001732 -6.528589  1.388450
   scf:   55     -632.750318     -632.795997     -632.853332  0.004242 -6.529547  1.558467
   scf:   56     -632.965096     -632.995522     -633.068710  0.057978 -6.536527  0.062148
   scf:   57     -632.987813     -632.994630     -633.065826  0.009825 -6.536855  0.204130
   scf:   58     -632.947770     -632.983573     -633.059298  0.018216 -6.537608  0.338645
   scf:   59     -632.945626     -632.987190     -633.056439  0.026691 -6.533340  0.384781
   scf:   60     -632.441582     -632.780516     -632.837762  0.041871 -6.530843  1.606676
   scf:   61     -632.935754     -632.862939     -632.923218  0.010506 -6.530378  1.272883
   scf:   62     -633.036935     -632.991188     -633.060840  0.033666 -6.533020  0.314542
   scf:   63     -633.000301     -632.997475     -633.068007  0.007546 -6.531435  0.128022
   scf:   64     -632.149625     -632.721081     -632.806794  0.065486 -6.540463  1.709453
   scf:   65     -633.024792     -632.995880     -633.069339  0.060499 -6.536906  0.046432
   scf:   66     -632.952008     -632.978878     -633.057086  0.010138 -6.542302  0.373015
   scf:   67     -632.985347     -632.994794     -633.067357  0.018115 -6.538863  0.161975
   scf:   68     -632.993501     -632.995442     -633.069683  0.005688 -6.539675  0.010120
   scf:   69     -632.994953     -632.995223     -633.069596  0.000558 -6.539526  0.034109
   scf:   70     -632.996495     -632.996165     -633.069483  0.003272 -6.538435  0.050035
   scf:   71     -632.994876     -632.995701     -633.069684  0.002277 -6.538721  0.015918
   scf:   72     -632.995921     -632.995817     -633.069703  0.000384 -6.538616  0.003906
   scf:   73     -632.995842     -632.995830     -633.069704  0.000101 -6.538460  0.002562
   scf:   74     -632.995811     -632.995820     -633.069704  0.000068 -6.538334  0.001958
   scf:   75     -632.995784     -632.995802     -633.069704  0.000056 -6.538337  0.001640
   scf:   76     -632.995748     -632.995775     -633.069705  0.000100 -6.538227  0.000794

SCF Convergence by DM+H criterion
max |DM_out - DM_in|         :     0.0000996960
max |H_out - H_in|      (eV) :     0.0007942393
SCF cycle converged after 76 iterations

Using DM_out to compute the final energy and forces
No. of atoms with KB's overlaping orbs in proc 0. Max # of overlaps:       4      26

siesta: E_KS(eV) =             -632.9958

siesta: Atomic forces (eV/Ang):
----------------------------------------
   Tot   -0.000613   -0.000750    0.000295
----------------------------------------
   Max    0.319574
   Res    0.191339    sqrt( Sum f_i^2 / 3N )
----------------------------------------
   Max    0.319574    constrained

Stress tensor Voigt[x,y,z,yz,xz,xy] (kbar):        0.33        0.27        1.34       -0.09        0.16        0.16
(Free)E + p*V (eV/cell)     -633.7784
Target enthalpy (eV/cell)     -633.0697

siesta: Stress tensor (static) (eV/Ang**3):
         0.000203    0.000102    0.000099
         0.000102    0.000167   -0.000056
         0.000099   -0.000056    0.000837

siesta: Pressure (static):         -0.64493896  kBar

siesta: Stress tensor (total) (eV/Ang**3):
         0.000203    0.000102    0.000099
         0.000102    0.000167   -0.000056
         0.000099   -0.000056    0.000837

siesta: Pressure (total):         -0.64493896  kBar

                     ====================================
                        Begin CG opt. move =      7
                     ====================================
k-point displ. along   3 input, could be:     0.00    0.50
 Kpoints in:          480 . Kpoints trimmed:          458

siesta: k-grid: Number of k-points = 458
siesta: k-points from Monkhorst-Pack grid
siesta: k-cutoff (effective) =    27.507 Ang
siesta: k-point supercell and displacements
siesta: k-grid:    15     0     0      0.000
siesta: k-grid:     0    15     0      0.000
siesta: k-grid:     0     0     4      0.000

outcell: Unit cell vectors (Ang):
       11.204649   -0.014606   -0.014000
       -0.014854   11.375513    0.008240
       -0.017324    0.010027   13.753408

outcell: Cell vector modules (Ang)   :   11.204667   11.375526   13.753423
outcell: Cell angles (23,13,12) (deg):     89.9166     90.1438     90.1496
outcell: Cell volume (Ang**3)        :   1752.9839
<dSpData1D:S at geom step 7
  <sparsity:sparsity for geom step 7
    nrows_g=52 nrows=52 sparsity=.9334 nnzs=2524, refcount: 7>
  <dData1D:(new from dSpData1D) n=2524, refcount: 1>
refcount: 1>
new_DM -- step:     8
Re-using DM from previous geometries...
Number of DMs in history: 1
 DM extrapolation coefficients: 
1   1.00000
New DM after history re-use:
<dSpData2D:SpM extrapolated using coords
  <sparsity:sparsity for geom step 7
    nrows_g=52 nrows=52 sparsity=.9334 nnzs=2524, refcount: 9>
  <dData2D:(temp array for extrapolation) n=2524 m=1, refcount: 1>
refcount: 1>
Note: For starting DM, Qtot, Tr[D*S] =         16.00000000         15.95733064
No. of atoms with KB's overlaping orbs in proc 0. Max # of overlaps:       4      26

InitMesh: MESH = 120 x 120 x 144 = 2073600
InitMesh: Mesh cutoff (required, used) =   300.000   302.977 Ry
New grid distribution [1]: sub = 2

        iscf     Eharris(eV)        E_KS(eV)     FreeEng(eV)     dDmax    Ef(eV) dHmax(eV)
   scf:    1     -602.714367     -622.923659     -623.015788  0.344238 -6.491059 10.814709
   scf:    2      499.348000     -278.308901     -278.308901  1.042527 -3.815780 74.726718
   scf:    3     -772.084282     -597.243457     -597.277724  1.127092 -5.581639 21.726409
   scf:    4     -597.498959     -597.371313     -597.407174  0.007553 -5.649408 21.592379
   scf:    5     -593.649598     -595.527370     -595.546379  0.094221 -4.583617 23.574292
   scf:    6     -323.156902     -476.597335     -476.665110  0.791873 -4.059114 46.291010
   scf:    7     -482.517938     -479.568997     -479.633866  0.126075 -3.507564 45.077597
   scf:    8     -396.635975     -595.293665     -595.333531  0.956324 -4.453883 23.601188
   scf:    9      -32.948674     -474.575882     -474.644963  0.951647 -4.239078 46.718351
   scf:   10     -646.345782     -632.285141     -632.299220  0.769315 -6.357485  1.081723
   scf:   11     -597.327617     -620.908811     -620.974896  0.254752 -6.601009 11.967398
   scf:   12     -480.440680     -595.341595     -595.343987  0.524138 -4.664228 23.761075
   scf:   13     -644.790866     -630.050693     -630.099392  0.414289 -6.520768  6.203334
   scf:   14     -627.981240     -629.054768     -629.109154  0.030707 -6.521472  7.088779
   scf:   15     -512.983114     -600.289631     -600.350943  0.555196 -6.468445 19.477651
   scf:   16     -642.202719     -631.515252     -631.572237  0.416621 -6.575304  4.328142
   scf:   17     -633.187435     -632.849567     -632.868658  0.108128 -6.542253  1.143048
   scf:   18     -632.845685     -632.872756     -632.880398  0.022563 -6.518389  0.618689
   scf:   19     -590.868973     -618.997348     -619.084587  0.374043 -6.541048 12.761774
   scf:   20     -633.056403     -632.870005     -632.880862  0.370121 -6.518061  0.679417
   scf:   21     -525.399181     -597.478858     -597.484053  0.547177 -5.763938 21.291881
   scf:   22     -632.349476     -632.862310     -632.868786  0.546093 -6.517309  0.621329
   scf:   23     -559.730691     -608.718897     -608.800285  0.494798 -6.528544 16.850098
   scf:   24     -609.067460     -630.269703     -630.327016  0.502276 -6.495138  5.774672
   scf:   25     -633.088640     -632.870376     -632.882974  0.160995 -6.498182  0.786489
   scf:   26     -630.544523     -632.055376     -632.100733  0.087901 -6.488137  3.363341
   scf:   27     -632.890513     -632.521737     -632.556671  0.032879 -6.490278  2.366710
   scf:   28     -632.878090     -632.875202     -632.883722  0.061400 -6.479476  0.566955
   scf:   29     -632.865782     -632.873749     -632.880880  0.007502 -6.472170  0.573565
   scf:   30     -542.758179     -603.012702     -603.057717  0.552756 -6.451400 18.831053
   scf:   31     -631.817781     -632.873579     -632.881666  0.556132 -6.466568  0.575294
   scf:   32     -632.865212     -632.870750     -632.877888  0.005692 -6.474727  0.579019
   scf:   33     -631.743962     -632.527665     -632.562365  0.075006 -6.462334  2.325976
   scf:   34     -571.861362     -610.704546     -610.783605  0.414360 -6.454217 16.036881
   scf:   35     -631.843468     -632.866137     -632.873746  0.487774 -6.449808  0.554633
   scf:   36     -632.845700     -632.867150     -632.878174  0.013626 -6.452944  0.584811
   scf:   37     -530.354012     -599.247446     -599.294048  0.560203 -5.999477 20.548538
   scf:   38     -633.044749     -632.867508     -632.875806  0.551696 -6.467842  0.546243
   scf:   39     -632.810234     -632.849018     -632.864378  0.014625 -6.437821  0.947995
   scf:   40     -632.835845     -632.842843     -632.858085  0.009224 -6.456711  0.973438
   scf:   41     -632.800469     -632.847031     -632.852267  0.029334 -6.524925  0.657844
   scf:   42     -529.942252     -598.775711     -598.799059  0.564883 -6.211560 20.128256
   scf:   43     -626.811157     -632.724148     -632.751581  0.555601 -6.455211  1.703308
   scf:   44     -633.018340     -632.957548     -632.991304  0.033238 -6.475882  0.329955
   scf:   45     -632.984956     -632.974774     -633.021969  0.015530 -6.482280  0.408476
   scf:   46     -632.732029     -632.879029     -632.916933  0.031635 -6.482014  1.129403
   scf:   47     -632.772392     -632.831122     -632.874310  0.018720 -6.481981  1.395550
   scf:   48     -632.973396     -632.907964     -632.960888  0.021136 -6.477487  1.054696
   scf:   49     -625.502883     -630.819483     -630.910698  0.237808 -6.507168  4.907324
   scf:   50     -630.737714     -632.734702     -632.804103  0.227494 -6.494207  1.764119
   scf:   51     -632.956270     -632.857563     -632.921468  0.026861 -6.497248  1.305207
   scf:   52     -618.863991     -628.786368     -628.902889  0.284208 -6.520325  6.644423
   scf:   53     -632.670615     -632.994140     -633.068263  0.245824 -6.501436  0.363150
   scf:   54     -632.961620     -632.994417     -633.074548  0.017916 -6.505715  0.301310
   scf:   55     -632.954695     -632.994066     -633.067424  0.026322 -6.504280  0.396855
   scf:   56     -632.961628     -632.997001     -633.075244  0.018850 -6.507088  0.300835
   scf:   57     -633.007754     -633.003920     -633.080996  0.003904 -6.506925  0.113398
   scf:   58     -633.002877     -633.003418     -633.081120  0.001559 -6.509477  0.104094
   scf:   59     -633.001226     -633.004595     -633.079508  0.006886 -6.513817  0.151315
   scf:   60     -633.002781     -633.003905     -633.080949  0.004223 -6.517288  0.098270
   scf:   61     -633.002412     -633.003447     -633.081662  0.002690 -6.518550  0.019471
   scf:   62     -633.003392     -633.003446     -633.081608  0.001151 -6.519998  0.037509
   scf:   63     -633.003260     -633.003355     -633.081627  0.000477 -6.520583  0.033992
   scf:   64     -633.003628     -633.003497     -633.081680  0.000320 -6.521508  0.020894
   scf:   65     -633.003458     -633.003487     -633.081715  0.000441 -6.522413  0.005945
   scf:   66     -633.003625     -633.003558     -633.081723  0.000463 -6.522957  0.003779
   scf:   67     -633.003873     -633.003717     -633.081726  0.000325 -6.522739  0.003387
   scf:   68     -633.003835     -633.003776     -633.081727  0.000152 -6.522492  0.001633
   scf:   69     -633.003750     -633.003763     -633.081728  0.000108 -6.522691  0.000494
   scf:   70     -633.003766     -633.003764     -633.081728  0.000015 -6.522724  0.000647

SCF Convergence by DM+H criterion
max |DM_out - DM_in|         :     0.0000153897
max |H_out - H_in|      (eV) :     0.0006468251
SCF cycle converged after 70 iterations

Using DM_out to compute the final energy and forces
No. of atoms with KB's overlaping orbs in proc 0. Max # of overlaps:       4      26

siesta: E_KS(eV) =             -633.0038

siesta: Atomic forces (eV/Ang):
----------------------------------------
   Tot   -0.000666   -0.000701    0.000010
----------------------------------------
   Max    0.868641
   Res    0.452764    sqrt( Sum f_i^2 / 3N )
----------------------------------------
   Max    0.868641    constrained

Stress tensor Voigt[x,y,z,yz,xz,xy] (kbar):        0.90        0.78        1.56       -0.10        0.19        0.49
(Free)E + p*V (eV/cell)     -634.2633
Target enthalpy (eV/cell)     -633.0817

siesta: Stress tensor (static) (eV/Ang**3):
         0.000559    0.000303    0.000121
         0.000303    0.000487   -0.000063
         0.000121   -0.000063    0.000977

siesta: Pressure (static):         -1.07991134  kBar

siesta: Stress tensor (total) (eV/Ang**3):
         0.000559    0.000303    0.000121
         0.000303    0.000487   -0.000063
         0.000121   -0.000063    0.000977

siesta: Pressure (total):         -1.07991134  kBar

                     ====================================
                        Begin CG opt. move =      8
                     ====================================
k-point displ. along   3 input, could be:     0.00    0.50
 Kpoints in:          480 . Kpoints trimmed:          458

siesta: k-grid: Number of k-points = 458
siesta: k-points from Monkhorst-Pack grid
siesta: k-cutoff (effective) =    27.303 Ang
siesta: k-point supercell and displacements
siesta: k-grid:    15     0     0      0.000
siesta: k-grid:     0    15     0      0.000
siesta: k-grid:     0     0     4      0.000

outcell: Unit cell vectors (Ang):
       11.207436   -0.011617   -0.023566
       -0.011815   11.379249    0.013874
       -0.029163    0.016882   13.651510

outcell: Cell vector modules (Ang)   :   11.207467   11.379263   13.651552
outcell: Cell angles (23,13,12) (deg):     89.8592     90.2429     90.1190
outcell: Cell volume (Ang**3)        :   1740.9949
<dSpData1D:S at geom step 8
  <sparsity:sparsity for geom step 8
    nrows_g=52 nrows=52 sparsity=.9423 nnzs=2548, refcount: 7>
  <dData1D:(new from dSpData1D) n=2548, refcount: 1>
refcount: 1>
new_DM -- step:     9
Re-using DM from previous geometries...
Number of DMs in history: 1
 DM extrapolation coefficients: 
1   1.00000
New DM after history re-use:
<dSpData2D:SpM extrapolated using coords
  <sparsity:sparsity for geom step 8
    nrows_g=52 nrows=52 sparsity=.9423 nnzs=2548, refcount: 9>
  <dData2D:(temp array for extrapolation) n=2548 m=1, refcount: 1>
refcount: 1>
Note: For starting DM, Qtot, Tr[D*S] =         16.00000000         15.93272011
No. of atoms with KB's overlaping orbs in proc 0. Max # of overlaps:       4      26

InitMesh: MESH = 120 x 120 x 144 = 2073600
InitMesh: Mesh cutoff (required, used) =   300.000   307.355 Ry
New grid distribution [1]: sub = 2

        iscf     Eharris(eV)        E_KS(eV)     FreeEng(eV)     dDmax    Ef(eV) dHmax(eV)
   scf:    1     -577.722082     -614.637097     -614.711872  0.447490 -6.430277 14.590754
   scf:    2      567.780864     -268.237446     -268.237446  0.948629 -3.157534 79.975694
   scf:    3     -776.215739     -596.533671     -596.554250  0.986657 -4.861297 22.893539
   scf:    4     -598.041110     -597.290290     -597.317956  0.039097 -5.274539 22.080958
   scf:    5     -591.464776     -594.410985     -594.420594  0.125540 -3.792233 24.939352
   scf:    6     -595.598723     -595.005966     -595.017574  0.022093 -4.056847 24.449550
   scf:    7     -454.796883     -596.625953     -596.647724  0.541346 -4.773668 22.881279
   scf:    8     -588.202392     -592.465889     -592.482657  0.146529 -3.701602 25.200019
   scf:    9      125.326966     -295.566682     -295.566682  1.048443 -4.810971 68.178894
   scf:   10     -627.042622     -477.425113     -477.457173  0.878527 -4.462071 45.298381
   scf:   11     -667.297647     -586.265296     -586.294509  0.806134 -3.563019 26.690562
   scf:   12     -596.066544     -591.222051     -591.248441  0.066814 -3.647294 25.600177
   scf:   13     -449.424119     -595.964857     -596.004046  0.595915 -4.402959 23.595811
   scf:   14     -473.731490     -601.440731     -601.499673  0.551100 -6.398626 19.484365
   scf:   15     -621.318634     -632.018961     -632.035070  0.565740 -6.534605  3.586545
   scf:   16     -606.911214     -622.655449     -622.710423  0.327250 -6.458401 10.917455
   scf:   17     -505.910229     -602.077901     -602.143820  0.549974 -6.343832 19.142802
   scf:   18     -469.561917     -599.048087     -599.110734  0.555567 -5.819210 20.608634
   scf:   19     -607.819367     -603.549845     -603.617312  0.142616 -6.342145 18.589314
   scf:   20     -600.977013     -602.271524     -602.340439  0.022340 -6.292804 19.060130
   scf:   21     -603.930251     -629.752565     -629.804066  0.566633 -6.485020  6.286972
   scf:   22     -575.540557     -607.946541     -608.010924  0.324102 -6.446877 17.145462
   scf:   23     -611.243512     -609.609394     -609.675299  0.015248 -6.455058 16.561615
   scf:   24     -636.870623     -632.548019     -632.573660  0.435818 -6.467905  2.241877
   scf:   25     -632.832775     -632.824610     -632.833494  0.051861 -6.430356  0.621360
   scf:   26     -625.894113     -630.677387     -630.730092  0.182739 -6.451536  5.256973
   scf:   27     -629.285826     -632.443131     -632.475096  0.188305 -6.461215  2.523140
   scf:   28     -632.263496     -632.847272     -632.881172  0.067057 -6.425461  1.109204
   scf:   29     -631.946950     -632.475245     -632.515603  0.036538 -6.438366  2.420778
   scf:   30     -632.362587     -632.829495     -632.847218  0.096436 -6.447667  0.953689
   scf:   31     -632.476906     -632.683534     -632.709699  0.021587 -6.482673  1.793847
   scf:   32     -629.165839     -631.271480     -631.322226  0.080655 -6.547824  4.725400
   scf:   33     -614.175266     -624.199243     -624.276939  0.167707 -6.540385 10.234316
   scf:   34     -633.565819     -632.811919     -632.827576  0.266126 -6.472501  0.975510
   scf:   35     -632.815965     -632.813986     -632.830398  0.001527 -6.470920  0.991593
   scf:   36     -544.414425     -604.362272     -604.448299  0.550037 -6.211951 18.095025
   scf:   37     -623.971039     -632.475307     -632.514766  0.546873 -6.457456  2.445101
   scf:   38     -632.840106     -632.676840     -632.709942  0.022481 -6.454280  1.857722
   scf:   39     -632.794818     -632.737570     -632.772936  0.011399 -6.441798  1.653907
   scf:   40     -632.947733     -632.927000     -632.958830  0.036205 -6.437643  0.397105
   scf:   41     -632.899434     -632.951482     -633.007954  0.054688 -6.424485  0.916367
   scf:   42     -630.186017     -632.215002     -632.284249  0.125865 -6.426477  3.033201
   scf:   43     -580.170756     -612.752207     -612.824065  0.357013 -6.415312 15.026183
   scf:   44     -619.828218     -631.814836     -631.870534  0.530969 -6.439783  3.835927
   scf:   45     -633.168138     -632.620752     -632.666130  0.058513 -6.445809  2.087360
   scf:   46     -631.264285     -632.025549     -632.083753  0.052260 -6.459280  3.440344
   scf:   47     -633.118468     -632.651765     -632.707588  0.033316 -6.455275  2.058894
   scf:   48     -632.504738     -632.579847     -632.633932  0.005457 -6.455758  2.246870
   scf:   49     -633.014028     -632.820864     -632.881268  0.020180 -6.464867  1.488328
   scf:   50     -627.795995     -631.616053     -631.720036  0.188917 -6.496243  3.880785
   scf:   51     -631.969027     -632.908374     -632.980297  0.165365 -6.481359  1.109390
   scf:   52     -633.023024     -633.007037     -633.088910  0.034452 -6.490225  0.155675
   scf:   53     -632.910245     -632.979011     -633.065140  0.019781 -6.492268  0.535033
   scf:   54     -632.982550     -633.004898     -633.087074  0.024526 -6.494682  0.200304
   scf:   55     -632.957020     -632.986514     -633.063254  0.011878 -6.487656  0.552731
   scf:   56     -633.003825     -632.995785     -633.073765  0.004470 -6.489210  0.436452
   scf:   57     -633.002016     -633.008139     -633.090806  0.015384 -6.494303  0.027159
   scf:   58     -633.008438     -633.008494     -633.090669  0.001637 -6.494627  0.049040
   scf:   59     -633.007424     -633.008069     -633.090862  0.001900 -6.496003  0.006660
   scf:   60     -633.008114     -633.008094     -633.090864  0.000198 -6.496593  0.003821
   scf:   61     -633.008077     -633.008086     -633.090866  0.000330 -6.497289  0.002088
   scf:   62     -633.008175     -633.008134     -633.090861  0.000329 -6.497508  0.007657
   scf:   63     -633.007959     -633.008049     -633.090866  0.000263 -6.497636  0.001233
   scf:   64     -633.008063     -633.008056     -633.090866  0.000058 -6.497631  0.001095
   scf:   65     -633.008052     -633.008054     -633.090866  0.000019 -6.497640  0.001025
   scf:   66     -633.008016     -633.008035     -633.090867  0.000055 -6.497725  0.000231

SCF Convergence by DM+H criterion
max |DM_out - DM_in|         :     0.0000545562
max |H_out - H_in|      (eV) :     0.0002309097
SCF cycle converged after 66 iterations

Using DM_out to compute the final energy and forces
No. of atoms with KB's overlaping orbs in proc 0. Max # of overlaps:       4      26

siesta: E_KS(eV) =             -633.0080

siesta: Atomic forces (eV/Ang):
----------------------------------------
   Tot   -0.000120   -0.000353    0.000087
----------------------------------------
   Max    1.651640
   Res    0.851592    sqrt( Sum f_i^2 / 3N )
----------------------------------------
   Max    1.651640    constrained

Stress tensor Voigt[x,y,z,yz,xz,xy] (kbar):        1.74        1.56        1.95       -0.12        0.27        0.96
(Free)E + p*V (eV/cell)     -634.9903
Target enthalpy (eV/cell)     -633.0909

siesta: Stress tensor (static) (eV/Ang**3):
         0.001085    0.000598    0.000167
         0.000598    0.000973   -0.000076
         0.000167   -0.000076    0.001216

siesta: Pressure (static):         -1.74799298  kBar

siesta: Stress tensor (total) (eV/Ang**3):
         0.001085    0.000598    0.000167
         0.000598    0.000973   -0.000076
         0.000167   -0.000076    0.001216

siesta: Pressure (total):         -1.74799298  kBar

                     ====================================
                        Begin CG opt. move =      9
                     ====================================
k-point displ. along   3 input, could be:     0.00    0.50
 Kpoints in:          480 . Kpoints trimmed:          458

siesta: k-grid: Number of k-points = 458
siesta: k-points from Monkhorst-Pack grid
siesta: k-cutoff (effective) =    26.977 Ang
siesta: k-point supercell and displacements
siesta: k-grid:    15     0     0      0.000
siesta: k-grid:     0    15     0      0.000
siesta: k-grid:     0     0     4      0.000

outcell: Unit cell vectors (Ang):
       11.211896   -0.006836   -0.038873
       -0.006952   11.385226    0.022888
       -0.048105    0.027850   13.488473

outcell: Cell vector modules (Ang)   :   11.211966   11.385251   13.488588
outcell: Cell angles (23,13,12) (deg):     89.7664     90.4031     90.0703
outcell: Cell volume (Ang**3)        :   1721.7742
<dSpData1D:S at geom step 9
  <sparsity:sparsity for geom step 9
    nrows_g=52 nrows=52 sparsity=.9549 nnzs=2582, refcount: 7>
  <dData1D:(new from dSpData1D) n=2582, refcount: 1>
refcount: 1>
new_DM -- step:    10
Re-using DM from previous geometries...
Number of DMs in history: 1
 DM extrapolation coefficients: 
1   1.00000
New DM after history re-use:
<dSpData2D:SpM extrapolated using coords
  <sparsity:sparsity for geom step 9
    nrows_g=52 nrows=52 sparsity=.9549 nnzs=2582, refcount: 9>
  <dData2D:(temp array for extrapolation) n=2582 m=1, refcount: 1>
refcount: 1>
Note: For starting DM, Qtot, Tr[D*S] =         16.00000000         15.89559109
No. of atoms with KB's overlaping orbs in proc 0. Max # of overlaps:       4      26

InitMesh: MESH = 120 x 120 x 144 = 2073600
InitMesh: Mesh cutoff (required, used) =   300.000   307.034 Ry
New grid distribution [1]: sub = 2

        iscf     Eharris(eV)        E_KS(eV)     FreeEng(eV)     dDmax    Ef(eV) dHmax(eV)
   scf:    1     -575.591859     -613.944485     -614.016050  0.444029 -6.323512 14.915181
   scf:    2      556.983365     -272.586135     -272.586135  0.944246 -3.989553 79.675789
   scf:    3     -774.735624     -597.138726     -597.154135  0.973782 -4.775157 22.743024
   scf:    4     -598.979305     -598.063138     -598.086650  0.045394 -5.245613 21.777750
   scf:    5     -593.086473     -595.599606     -595.607696  0.105957 -4.036082 24.199411
   scf:    6     -595.937388     -595.768589     -595.777220  0.006013 -4.108440 24.061764
   scf:    7     -452.702442     -595.873995     -595.885879  0.560007 -4.204177 23.501844
   scf:    8     -336.002459     -482.405277     -482.448935  0.748709 -4.406768 43.995540
   scf:    9     -487.091823     -484.757515     -484.810163  0.093512 -4.040937 43.187828
   scf:   10      -93.634391     -304.890570     -304.890570  0.768859 -4.626008 65.263779
   scf:   11     -759.885393     -594.796667     -594.811899  1.092270 -3.945397 23.888365
   scf:   12     -600.835340     -597.853249     -597.897292  0.135864 -5.109979 21.487405
   scf:   13     -482.288448     -603.258923     -603.326981  0.542759 -6.235224 18.818901
   scf:   14     -638.175776     -632.300651     -632.319486  0.459629 -6.391509  2.541262
   scf:   15     -632.442699     -632.712753     -632.724092  0.080632 -6.369537  0.871047
   scf:   16     -632.752525     -632.749813     -632.764058  0.020403 -6.377181  0.705116
   scf:   17     -533.821608     -599.846207     -599.915043  0.505464 -5.678166 20.640252
   scf:   18     -522.604921     -612.693501     -612.727690  0.540680 -6.389013 15.436345
   scf:   19     -573.937187     -622.622399     -622.660105  0.485863 -6.414272 10.950928
   scf:   20     -633.949031     -632.863506     -632.904092  0.323880 -6.396354  0.921482
   scf:   21     -613.312795     -626.066115     -626.108838  0.267018 -6.406067  8.903082
   scf:   22     -600.111712     -614.510326     -614.553858  0.160387 -6.380996 14.549523
   scf:   23     -595.317523     -627.109776     -627.168924  0.499546 -6.421671  8.277526
   scf:   24     -633.217329     -630.533292     -630.598004  0.083469 -6.411465  5.366001
   scf:   25     -630.555787     -630.547166     -630.615010  0.020583 -6.414787  5.315694
   scf:   26     -633.233839     -632.907728     -632.956024  0.196384 -6.395357  0.778629
   scf:   27     -632.817006     -632.865648     -632.913231  0.009628 -6.395339  1.018195
   scf:   28     -632.783860     -632.836337     -632.872631  0.031883 -6.387898  0.795040
   scf:   29     -632.190323     -632.677839     -632.707432  0.050278 -6.353262  1.491062
   scf:   30     -632.787718     -632.734745     -632.765675  0.006152 -6.356779  1.276869
   scf:   31     -632.387385     -632.606721     -632.657246  0.050034 -6.369043  1.973247
   scf:   32     -629.583181     -632.227219     -632.306456  0.203669 -6.407487  2.982610
   scf:   33     -633.193721     -632.982289     -633.059226  0.086467 -6.398170  0.533246
   scf:   34     -632.937705     -632.981688     -633.051789  0.051579 -6.427972  0.220613
   scf:   35     -632.968867     -632.994532     -633.081234  0.044564 -6.437577  0.172746
   scf:   36     -632.645358     -632.893954     -632.971305  0.055688 -6.434563  1.090636
   scf:   37     -632.656996     -632.938939     -633.028819  0.069815 -6.449781  0.813226
   scf:   38     -632.976311     -632.998008     -633.084390  0.029378 -6.445529  0.160952
   scf:   39     -632.979254     -632.994689     -633.082345  0.010131 -6.449516  0.235519
   scf:   40     -632.992169     -632.998661     -633.085144  0.009910 -6.449266  0.129789
   scf:   41     -632.999119     -632.999482     -633.086566  0.003323 -6.451615  0.014556
   scf:   42     -632.998369     -632.998969     -633.086554  0.001448 -6.454715  0.024917
   scf:   43     -632.999033     -632.999006     -633.086586  0.000447 -6.455918  0.015581
   scf:   44     -633.000113     -632.999569     -633.086631  0.001066 -6.456233  0.003029
   scf:   45     -632.999774     -632.999673     -633.086637  0.000475 -6.456357  0.004120
   scf:   46     -632.999811     -632.999743     -633.086640  0.000420 -6.456821  0.002811
   scf:   47     -632.999771     -632.999757     -633.086640  0.000049 -6.456891  0.002310
   scf:   48     -632.999803     -632.999780     -633.086641  0.000099 -6.456947  0.000868

SCF Convergence by DM+H criterion
max |DM_out - DM_in|         :     0.0000989650
max |H_out - H_in|      (eV) :     0.0008682430
SCF cycle converged after 48 iterations

Using DM_out to compute the final energy and forces
No. of atoms with KB's overlaping orbs in proc 0. Max # of overlaps:       4      26

siesta: E_KS(eV) =             -632.9998

siesta: Atomic forces (eV/Ang):
----------------------------------------
   Tot    0.000095    0.001863    0.000203
----------------------------------------
   Max    2.691573
   Res    1.394612    sqrt( Sum f_i^2 / 3N )
----------------------------------------
   Max    2.691573    constrained

Stress tensor Voigt[x,y,z,yz,xz,xy] (kbar):        2.93        2.69        2.63       -0.15        0.42        1.62
(Free)E + p*V (eV/cell)     -636.0413
Target enthalpy (eV/cell)     -633.0866

siesta: Stress tensor (static) (eV/Ang**3):
         0.001827    0.001010    0.000260
         0.001010    0.001682   -0.000096
         0.000260   -0.000096    0.001639

siesta: Pressure (static):         -2.74941299  kBar

siesta: Stress tensor (total) (eV/Ang**3):
         0.001827    0.001010    0.000260
         0.001010    0.001682   -0.000096
         0.000260   -0.000096    0.001639

siesta: Pressure (total):         -2.74941299  kBar

                     ====================================
                        Begin CG opt. move =     10
                     ====================================
k-point displ. along   3 input, could be:     0.00    0.50
 Kpoints in:          480 . Kpoints trimmed:          458

siesta: k-grid: Number of k-points = 458
siesta: k-points from Monkhorst-Pack grid
siesta: k-cutoff (effective) =    27.208 Ang
siesta: k-point supercell and displacements
siesta: k-grid:    15     0     0      0.000
siesta: k-grid:     0    15     0      0.000
siesta: k-grid:     0     0     4      0.000

outcell: Unit cell vectors (Ang):
       11.208735   -0.010225   -0.028023
       -0.010399   11.380989    0.016499
       -0.034679    0.020076   13.604037

outcell: Cell vector modules (Ang)   :   11.208775   11.381006   13.604096
outcell: Cell angles (23,13,12) (deg):     89.8323     90.2894     90.1048
outcell: Cell volume (Ang**3)        :   1735.4031
<dSpData1D:S at geom step 10
  <sparsity:sparsity for geom step 10
    nrows_g=52 nrows=52 sparsity=.9438 nnzs=2552, refcount: 7>
  <dData1D:(new from dSpData1D) n=2552, refcount: 1>
refcount: 1>
new_DM -- step:    11
Re-using DM from previous geometries...
Number of DMs in history: 1
 DM extrapolation coefficients: 
1   1.00000
New DM after history re-use:
<dSpData2D:SpM extrapolated using coords
  <sparsity:sparsity for geom step 10
    nrows_g=52 nrows=52 sparsity=.9438 nnzs=2552, refcount: 9>
  <dData2D:(temp array for extrapolation) n=2552 m=1, refcount: 1>
refcount: 1>
Note: For starting DM, Qtot, Tr[D*S] =         16.00000000         16.06962043
No. of atoms with KB's overlaping orbs in proc 0. Max # of overlaps:       4      26

InitMesh: MESH = 120 x 120 x 144 = 2073600
InitMesh: Mesh cutoff (required, used) =   300.000   307.262 Ry
New grid distribution [1]: sub = 2

        iscf     Eharris(eV)        E_KS(eV)     FreeEng(eV)     dDmax    Ef(eV) dHmax(eV)
   scf:    1     -607.142744     -624.451018     -624.534610  0.191080 -6.544883 10.159118
   scf:    2      469.420773     -286.423544     -286.423544  1.052297 -2.741914 71.347392
   scf:    3     -768.295643     -597.786583     -597.809001  1.093982 -5.755387 20.926889
   scf:    4     -609.444242     -603.768460     -603.830059  0.140085 -6.486073 18.190579
   scf:    5     -473.440459     -599.492233     -599.525289  0.550828 -6.323319 20.262380
   scf:    6     -598.723075     -599.108845     -599.133878  0.018537 -6.275615 20.444572
   scf:    7     -608.531213     -603.929705     -603.992822  0.112753 -6.483624 18.659686
   scf:    8     -577.347500     -624.529808     -624.588705  0.553559 -6.455483 10.236795
   scf:    9     -517.684451     -604.590136     -604.659312  0.552221 -6.452373 18.536220
   scf:   10     -631.437266     -632.635754     -632.636229  0.548995 -6.432438  0.967464
   scf:   11     -632.633411     -632.635305     -632.635722  0.007676 -6.430706  0.979718
   scf:   12     -632.541015     -632.589219     -632.589595  0.009003 -6.435200  1.080697
   scf:   13     -632.824717     -632.732039     -632.739086  0.046299 -6.454127  0.943611
   scf:   14     -632.635585     -632.702950     -632.704954  0.033172 -6.433199  0.873723
   scf:   15     -541.608532     -602.979751     -603.043735  0.532201 -6.233134 18.620508
   scf:   16     -601.593422     -602.351818     -602.422348  0.122698 -6.242933 18.588079
   scf:   17     -636.549841     -622.386509     -622.452767  0.278738 -6.416690 10.585057
   scf:   18     -629.823800     -632.732411     -632.744367  0.530006 -6.433429  1.258305
   scf:   19     -632.977628     -632.954824     -633.002883  0.078260 -6.430891  0.488982
   scf:   20     -632.071673     -632.703575     -632.750282  0.045668 -6.432297  1.829056
   scf:   21     -616.266185     -626.594163     -626.662903  0.208045 -6.425984  8.667759
   scf:   22     -632.985824     -632.844890     -632.863254  0.268743 -6.409628  0.639750
   scf:   23     -633.001332     -632.995035     -633.058413  0.090370 -6.417238  0.337808
   scf:   24     -616.750261     -627.505751     -627.588376  0.403858 -6.464647  7.177886
   scf:   25     -632.237285     -630.603576     -630.707528  0.105266 -6.489926  3.223568
   scf:   26     -629.314705     -632.332082     -632.380751  0.482121 -6.416958  2.760951
   scf:   27     -630.047415     -631.331603     -631.401853  0.074569 -6.423486  4.378238
   scf:   28     -633.373890     -632.880594     -632.926406  0.122131 -6.419157  1.118821
   scf:   29     -630.689719     -632.037714     -632.100591  0.084846 -6.423515  3.335931
   scf:   30     -633.315376     -632.841362     -632.910116  0.044774 -6.424035  1.460571
   scf:   31     -633.056483     -632.976115     -633.050688  0.027336 -6.433910  0.695623
   scf:   32     -632.990874     -633.010094     -633.082241  0.023542 -6.457994  0.139921
   scf:   33     -632.817335     -632.944657     -633.035106  0.053249 -6.468864  0.744573
   scf:   34     -632.754970     -632.959204     -633.032218  0.075163 -6.467151  0.783370
   scf:   35     -632.602672     -632.916420     -633.011021  0.067373 -6.487296  0.937595
   scf:   36     -633.032577     -633.006624     -633.090618  0.030481 -6.478758  0.105927
   scf:   37     -632.996820     -633.002240     -633.088114  0.004757 -6.483283  0.202300
   scf:   38     -633.002297     -633.007224     -633.089818  0.009401 -6.479515  0.136460
   scf:   39     -632.979685     -632.999753     -633.086480  0.011060 -6.485592  0.241961
   scf:   40     -633.007791     -633.007450     -633.091379  0.007788 -6.482158  0.048343
   scf:   41     -633.004307     -633.006257     -633.091456  0.002512 -6.484674  0.043926
   scf:   42     -633.007600     -633.007007     -633.091621  0.001231 -6.484038  0.002759
   scf:   43     -633.007201     -633.007105     -633.091623  0.000280 -6.484289  0.003638
   scf:   44     -633.007120     -633.007113     -633.091626  0.000270 -6.484484  0.002848
   scf:   45     -633.007126     -633.007119     -633.091626  0.000066 -6.484526  0.002969
   scf:   46     -633.007173     -633.007147     -633.091626  0.000084 -6.484548  0.002352
   scf:   47     -633.007242     -633.007195     -633.091626  0.000102 -6.484593  0.002545
   scf:   48     -633.007291     -633.007243     -633.091626  0.000157 -6.484731  0.002845
   scf:   49     -633.007141     -633.007193     -633.091626  0.000212 -6.485356  0.002923
   scf:   50     -633.007203     -633.007199     -633.091627  0.000341 -6.485752  0.001349
   scf:   51     -633.007129     -633.007164     -633.091628  0.000078 -6.485978  0.000363

SCF Convergence by DM+H criterion
max |DM_out - DM_in|         :     0.0000780018
max |H_out - H_in|      (eV) :     0.0003630145
SCF cycle converged after 51 iterations

Using DM_out to compute the final energy and forces
No. of atoms with KB's overlaping orbs in proc 0. Max # of overlaps:       4      26

siesta: E_KS(eV) =             -633.0072

siesta: Atomic forces (eV/Ang):
----------------------------------------
   Tot   -0.000133    0.000104   -0.000209
----------------------------------------
   Max    1.981159
   Res    1.021995    sqrt( Sum f_i^2 / 3N )
----------------------------------------
   Max    1.981159    constrained

Stress tensor Voigt[x,y,z,yz,xz,xy] (kbar):        2.10        1.90        2.14       -0.13        0.31        1.16
(Free)E + p*V (eV/cell)     -635.3094
Target enthalpy (eV/cell)     -633.0916

siesta: Stress tensor (static) (eV/Ang**3):
         0.001314    0.000726    0.000191
         0.000726    0.001188   -0.000082
         0.000191   -0.000082    0.001333

siesta: Pressure (static):         -2.04750580  kBar

siesta: Stress tensor (total) (eV/Ang**3):
         0.001314    0.000726    0.000191
         0.000726    0.001188   -0.000082
         0.000191   -0.000082    0.001333

siesta: Pressure (total):         -2.04750580  kBar

cgvc: Finished line minimization    3.  Mean atomic displacement =    0.1488

                     ====================================
                        Begin CG opt. move =     11
                     ====================================
k-point displ. along   3 input, could be:     0.00    0.50
 Kpoints in:          480 . Kpoints trimmed:          458

siesta: k-grid: Number of k-points = 458
siesta: k-points from Monkhorst-Pack grid
siesta: k-cutoff (effective) =    26.693 Ang
siesta: k-point supercell and displacements
siesta: k-grid:    15     0     0      0.000
siesta: k-grid:     0    15     0      0.000
siesta: k-grid:     0     0     4      0.000

outcell: Unit cell vectors (Ang):
       11.210159   -0.005868   -0.052390
       -0.005968   11.385189    0.030724
       -0.064832    0.037386   13.346121

outcell: Cell vector modules (Ang)   :   11.210283   11.385232   13.346331
outcell: Cell angles (23,13,12) (deg):     89.6847     90.5462     90.0607
outcell: Cell volume (Ang**3)        :   1703.3105
<dSpData1D:S at geom step 11
  <sparsity:sparsity for geom step 11
    nrows_g=52 nrows=52 sparsity=.9549 nnzs=2582, refcount: 7>
  <dData1D:(new from dSpData1D) n=2582, refcount: 1>
refcount: 1>
new_DM -- step:    12
Re-using DM from previous geometries...
Number of DMs in history: 1
 DM extrapolation coefficients: 
1   1.00000
New DM after history re-use:
<dSpData2D:SpM extrapolated using coords
  <sparsity:sparsity for geom step 11
    nrows_g=52 nrows=52 sparsity=.9549 nnzs=2582, refcount: 9>
  <dData2D:(temp array for extrapolation) n=2582 m=1, refcount: 1>
refcount: 1>
Note: For starting DM, Qtot, Tr[D*S] =         16.00000000         15.93021117
No. of atoms with KB's overlaping orbs in proc 0. Max # of overlaps:       4      26

InitMesh: MESH = 120 x 120 x 144 = 2073600
InitMesh: Mesh cutoff (required, used) =   300.000   307.040 Ry
New grid distribution [1]: sub = 2

        iscf     Eharris(eV)        E_KS(eV)     FreeEng(eV)     dDmax    Ef(eV) dHmax(eV)
   scf:    1     -596.250717     -620.858401     -620.911452  0.410037 -6.374228 11.853250
   scf:    2      480.899969     -287.286647     -287.286647  1.023673 -5.509119 74.700686
   scf:    3     -769.072741     -598.519760     -598.537931  1.075802 -5.389919 21.582582
   scf:    4     -599.371925     -598.946806     -598.970577  0.021662 -5.569087 21.176146
   scf:    5     -594.111240     -596.553627     -596.559131  0.101031 -4.447368 23.523178
   scf:    6       98.241055     -309.900093     -309.900093  1.227725 -4.536956 65.709648
   scf:    7     -379.023463     -600.536864     -600.585848  1.421018 -6.219668 19.847712
   scf:    8     -624.040461     -632.360260     -632.369597  0.524574 -6.520981  3.148900
   scf:    9     -522.154917     -598.505043     -598.544635  0.508005 -5.485586 20.967312
   scf:   10     -596.267993     -597.394583     -597.429564  0.037056 -4.972945 21.851637
   scf:   11     -603.614234     -600.561565     -600.624638  0.153225 -5.885243 19.874291
   scf:   12     -491.027706     -604.886989     -604.956606  0.534444 -6.067766 18.104704
   scf:   13     -622.272431     -632.259920     -632.320917  0.431050 -6.369513  3.166341
   scf:   14     -564.018900     -607.072124     -607.136210  0.246039 -6.202278 17.570227
   scf:   15     -498.222967     -605.268981     -605.335639  0.536353 -6.290450 18.409550
   scf:   16     -597.088498     -601.276239     -601.340977  0.137026 -6.061504 19.965453
   scf:   17     -556.407323     -620.353342     -620.391118  0.540432 -6.500734 12.134913
   scf:   18     -527.461407     -609.061151     -609.114800  0.534337 -6.289622 16.730817
   scf:   19     -625.348714     -617.708402     -617.747170  0.098401 -6.431278 13.481839
   scf:   20     -628.458041     -623.431982     -623.471656  0.096712 -6.495721 10.806737
   scf:   21     -630.369567     -632.815629     -632.845662  0.352604 -6.488527  1.468770
   scf:   22     -631.016314     -632.179284     -632.228682  0.115681 -6.443822  3.201766
   scf:   23     -633.250696     -632.832923     -632.879588  0.049129 -6.434281  1.634759
   scf:   24     -632.967068     -632.947281     -632.985229  0.049234 -6.443326  0.879189
   scf:   25     -632.978193     -632.963415     -633.001587  0.005616 -6.434530  0.766023
   scf:   26     -632.463447     -632.784172     -632.798335  0.066623 -6.442546  0.984078
   scf:   27     -628.290151     -631.768791     -631.828749  0.323207 -6.444617  3.522345
   scf:   28     -627.939225     -632.085822     -632.138148  0.275886 -6.415859  3.391653
   scf:   29     -633.427873     -632.996316     -633.053909  0.063214 -6.430910  1.136192
   scf:   30     -632.445565     -632.759273     -632.820879  0.033545 -6.431095  1.968392
   scf:   31     -631.525074     -632.794908     -632.864660  0.097314 -6.445911  1.856260
   scf:   32     -633.076893     -633.103877     -633.174702  0.058905 -6.441108  0.139531
   scf:   33     -633.090656     -633.099580     -633.174111  0.014589 -6.440221  0.231222
   scf:   34     -633.017671     -633.078063     -633.157241  0.023711 -6.447543  0.486717
   scf:   35     -633.068020     -633.095580     -633.175307  0.024147 -6.451905  0.234991
   scf:   36     -633.101452     -633.100837     -633.179930  0.005325 -6.452526  0.011046
   scf:   37     -633.099178     -633.100053     -633.179905  0.001389 -6.454704  0.031544
   scf:   38     -633.100734     -633.100432     -633.179992  0.001370 -6.454615  0.011150
   scf:   39     -633.099739     -633.100090     -633.180002  0.000572 -6.455492  0.007964
   scf:   40     -633.100241     -633.100167     -633.180003  0.000251 -6.455618  0.012220
   scf:   41     -633.100330     -633.100250     -633.180016  0.000337 -6.456146  0.006817
   scf:   42     -633.100401     -633.100327     -633.180022  0.000409 -6.456270  0.002908
   scf:   43     -633.100498     -633.100413     -633.180025  0.000524 -6.456362  0.001940
   scf:   44     -633.100419     -633.100416     -633.180025  0.000141 -6.456591  0.002469
   scf:   45     -633.100366     -633.100391     -633.180025  0.000065 -6.456727  0.000816

SCF Convergence by DM+H criterion
max |DM_out - DM_in|         :     0.0000646154
max |H_out - H_in|      (eV) :     0.0008155945
SCF cycle converged after 45 iterations

Using DM_out to compute the final energy and forces
No. of atoms with KB's overlaping orbs in proc 0. Max # of overlaps:       4      26

siesta: E_KS(eV) =             -633.1004

siesta: Atomic forces (eV/Ang):
----------------------------------------
   Tot    0.000313    0.002523   -0.000421
----------------------------------------
   Max    2.609309
   Res    1.345748    sqrt( Sum f_i^2 / 3N )
----------------------------------------
   Max    2.609309    constrained

Stress tensor Voigt[x,y,z,yz,xz,xy] (kbar):        2.87        2.54        3.13       -0.17        0.50        1.57
(Free)E + p*V (eV/cell)     -636.2058
Target enthalpy (eV/cell)     -633.1800

siesta: Stress tensor (static) (eV/Ang**3):
         0.001790    0.000981    0.000309
         0.000981    0.001586   -0.000104
         0.000309   -0.000104    0.001954

siesta: Pressure (static):         -2.84608380  kBar

siesta: Stress tensor (total) (eV/Ang**3):
         0.001790    0.000981    0.000309
         0.000981    0.001586   -0.000104
         0.000309   -0.000104    0.001954

siesta: Pressure (total):         -2.84608380  kBar

                     ====================================
                        Begin CG opt. move =     12
                     ====================================
k-point displ. along   3 input, could be:     0.00    0.50
 Kpoints in:          480 . Kpoints trimmed:          458

siesta: k-grid: Number of k-points = 458
siesta: k-points from Monkhorst-Pack grid
siesta: k-cutoff (effective) =    26.105 Ang
siesta: k-point supercell and displacements
siesta: k-grid:    15     0     0      0.000
siesta: k-grid:     0    15     0      0.000
siesta: k-grid:     0     0     4      0.000

outcell: Unit cell vectors (Ang):
       11.211784   -0.000898   -0.080189
       -0.000913   11.389980    0.046954
       -0.099233    0.057135   13.051866

outcell: Cell vector modules (Ang)   :   11.212071   11.390077   13.052368
outcell: Cell angles (23,13,12) (deg):     89.5130     90.8454     90.0109
outcell: Cell volume (Ang**3)        :   1666.6287
<dSpData1D:S at geom step 12
  <sparsity:sparsity for geom step 12
    nrows_g=52 nrows=52 sparsity=.9771 nnzs=2642, refcount: 7>
  <dData1D:(new from dSpData1D) n=2642, refcount: 1>
refcount: 1>
new_DM -- step:    13
Re-using DM from previous geometries...
Number of DMs in history: 1
 DM extrapolation coefficients: 
1   1.00000
New DM after history re-use:
<dSpData2D:SpM extrapolated using coords
  <sparsity:sparsity for geom step 12
    nrows_g=52 nrows=52 sparsity=.9771 nnzs=2642, refcount: 9>
  <dData2D:(temp array for extrapolation) n=2642 m=1, refcount: 1>
refcount: 1>
Note: For starting DM, Qtot, Tr[D*S] =         16.00000000         15.93393133
No. of atoms with KB's overlaping orbs in proc 0. Max # of overlaps:       4      34

InitMesh: MESH = 120 x 120 x 144 = 2073600
InitMesh: Mesh cutoff (required, used) =   300.000   306.791 Ry
New grid distribution [1]: sub = 2

        iscf     Eharris(eV)        E_KS(eV)     FreeEng(eV)     dDmax    Ef(eV) dHmax(eV)
   scf:    1     -605.197904     -623.923651     -623.965712  0.367121 -6.353648 10.235532
   scf:    2      420.680379     -302.129922     -302.129922  1.087690 -4.977961 70.994939
   scf:    3     -763.829499     -600.335637     -600.363171  1.117482 -5.619933 20.679224
   scf:    4     -603.199068     -601.778635     -601.825798  0.063748 -5.833656 19.887832
   scf:    5     -599.287246     -600.540581     -600.572631  0.052374 -5.636451 20.555877
   scf:    6     -601.807675     -601.175785     -601.213004  0.021259 -5.812680 20.168754
   scf:    7     -465.658562     -598.019590     -598.027340  0.569394 -5.216686 21.536917
   scf:    8     -599.800864     -598.914259     -598.934698  0.033957 -5.436544 20.786271
   scf:    9     -440.667109     -591.759460     -591.793358  0.502623 -3.265685 24.698605
   scf:   10     -339.068533     -480.503446     -480.526873  1.194300 -3.892982 44.439038
   scf:   11     -689.126993     -607.288853     -607.349411  1.288531 -5.929588 17.664993
   scf:   12     -465.322091     -596.438501     -596.450361  0.574211 -4.721714 22.845105
   scf:   13     -600.217852     -598.516951     -598.584805  0.389410 -4.748350 22.055912
   scf:   14     -602.147699     -600.356686     -600.415059  0.100587 -5.225744 20.883624
   scf:   15     -491.477587     -605.086333     -605.146855  0.538519 -6.132603 18.579185
   scf:   16     -493.061422     -604.510965     -604.569145  0.543003 -6.042235 18.541995
   scf:   17     -493.896899     -604.859931     -604.921062  0.545239 -6.105258 18.665489
   scf:   18     -599.743312     -602.330664     -602.381997  0.058089 -5.947609 19.662918
   scf:   19     -516.654313     -610.991473     -611.004653  0.555832 -6.275138 16.278104
   scf:   20     -640.008014     -630.419982     -630.440738  0.311286 -6.402346  5.654177
   scf:   21     -588.946127     -613.758532     -613.772076  0.279175 -6.310944 14.986508
   scf:   22     -606.719016     -610.308178     -610.327177  0.034902 -6.222096 16.386320
   scf:   23     -612.891334     -611.609309     -611.624111  0.011789 -6.259683 15.907438
   scf:   24     -619.042262     -631.780146     -631.789138  0.497094 -6.246090  3.982703
   scf:   25     -550.978117     -601.892876     -601.921099  0.456618 -6.171527 19.567625
   scf:   26     -637.689652     -632.532453     -632.546053  0.457691 -6.279487  2.364188
   scf:   27     -568.704590     -609.887769     -609.956342  0.425950 -6.243322 16.697408
   scf:   28     -630.962545     -633.035978     -633.073715  0.450065 -6.332473  0.862167
   scf:   29     -626.777303     -631.293393     -631.346134  0.260070 -6.411988  4.484839
   scf:   30     -633.849301     -633.032752     -633.094769  0.114521 -6.387592  1.357584
   scf:   31     -632.834887     -632.939172     -633.000804  0.022694 -6.388542  1.612020
   scf:   32     -626.532669     -630.409077     -630.449380  0.106601 -6.383953  5.435991
   scf:   33     -627.513630     -629.033190     -629.062207  0.028654 -6.369195  6.726864
   scf:   34     -634.267920     -632.367505     -632.412740  0.175703 -6.375277  2.994479
   scf:   35     -628.860383     -630.828466     -630.861385  0.076369 -6.350218  5.058259
   scf:   36     -630.924260     -630.877974     -630.908992  0.017007 -6.356200  5.017979
   scf:   37     -632.169431     -631.560204     -631.604766  0.030028 -6.320104  4.197598
   scf:   38     -618.749334     -629.951289     -630.018922  0.302383 -6.393889  6.039893
   scf:   39     -630.733800     -632.989947     -633.051329  0.234352 -6.350442  1.501043
   scf:   40     -633.276730     -633.246102     -633.314977  0.051237 -6.371183  0.127343
   scf:   41     -633.201699     -633.239377     -633.311018  0.023188 -6.386365  0.591885
   scf:   42     -633.183168     -633.252967     -633.321312  0.022913 -6.396756  0.432623
   scf:   43     -633.270967     -633.271409     -633.340846  0.013780 -6.396511  0.061835
   scf:   44     -633.267406     -633.270070     -633.340413  0.005646 -6.395678  0.152802
   scf:   45     -633.266646     -633.268702     -633.338957  0.004851 -6.396589  0.216265
   scf:   46     -633.272219     -633.272132     -633.342197  0.004549 -6.397655  0.028623
   scf:   47     -633.271799     -633.272044     -633.342209  0.002186 -6.401104  0.055366
   scf:   48     -633.268959     -633.271379     -633.341156  0.005850 -6.412034  0.107042
   scf:   49     -633.271210     -633.271956     -633.342389  0.005571 -6.416008  0.020362
   scf:   50     -633.271816     -633.271888     -633.342407  0.000334 -6.416768  0.011393
   scf:   51     -633.271714     -633.271805     -633.342426  0.000611 -6.417051  0.003637
   scf:   52     -633.271793     -633.271799     -633.342429  0.000206 -6.417221  0.004481
   scf:   53     -633.271709     -633.271755     -633.342432  0.000339 -6.417619  0.001937
   scf:   54     -633.271725     -633.271740     -633.342432  0.000064 -6.417707  0.001417
   scf:   55     -633.271686     -633.271713     -633.342433  0.000116 -6.418135  0.000991
   scf:   56     -633.271712     -633.271713     -633.342433  0.000046 -6.418325  0.000953

SCF Convergence by DM+H criterion
max |DM_out - DM_in|         :     0.0000460429
max |H_out - H_in|      (eV) :     0.0009531496
SCF cycle converged after 56 iterations

Using DM_out to compute the final energy and forces
No. of atoms with KB's overlaping orbs in proc 0. Max # of overlaps:       4      34

siesta: E_KS(eV) =             -633.2717

siesta: Atomic forces (eV/Ang):
----------------------------------------
   Tot    0.000582    0.004922    0.002419
----------------------------------------
   Max    3.130430
   Res    1.618391    sqrt( Sum f_i^2 / 3N )
----------------------------------------
   Max    3.130430    constrained

Stress tensor Voigt[x,y,z,yz,xz,xy] (kbar):        3.58        3.06        4.46       -0.19        0.73        1.94
(Free)E + p*V (eV/cell)     -637.1899
Target enthalpy (eV/cell)     -633.3424

siesta: Stress tensor (static) (eV/Ang**3):
         0.002232    0.001212    0.000458
         0.001212    0.001911   -0.000121
         0.000458   -0.000121    0.002782

siesta: Pressure (static):         -3.69869096  kBar

siesta: Stress tensor (total) (eV/Ang**3):
         0.002232    0.001212    0.000458
         0.001212    0.001911   -0.000121
         0.000458   -0.000121    0.002782

siesta: Pressure (total):         -3.69869096  kBar

                     ====================================
                        Begin CG opt. move =     13
                     ====================================
k-point displ. along   3 input, could be:     0.00    0.50
 Kpoints in:          480 . Kpoints trimmed:          458

siesta: k-grid: Number of k-points = 458
siesta: k-points from Monkhorst-Pack grid
siesta: k-cutoff (effective) =    25.517 Ang
siesta: k-point supercell and displacements
siesta: k-grid:    15     0     0      0.000
siesta: k-grid:     0    15     0      0.000
siesta: k-grid:     0     0     4      0.000

outcell: Unit cell vectors (Ang):
       11.213409    0.004073   -0.107988
        0.004142   11.394772    0.063185
       -0.133635    0.076884   12.757611

outcell: Cell vector modules (Ang)   :   11.213930   11.394948   12.758543
outcell: Cell angles (23,13,12) (deg):     89.3373     91.1518     89.9614
outcell: Cell volume (Ang**3)        :   1629.8749
<dSpData1D:S at geom step 13
  <sparsity:sparsity for geom step 13
    nrows_g=52 nrows=52 sparsity=.9845 nnzs=2662, refcount: 7>
  <dData1D:(new from dSpData1D) n=2662, refcount: 1>
refcount: 1>
new_DM -- step:    14
Re-using DM from previous geometries...
Number of DMs in history: 1
 DM extrapolation coefficients: 
1   1.00000
New DM after history re-use:
<dSpData2D:SpM extrapolated using coords
  <sparsity:sparsity for geom step 13
    nrows_g=52 nrows=52 sparsity=.9845 nnzs=2662, refcount: 9>
  <dData2D:(temp array for extrapolation) n=2662 m=1, refcount: 1>
refcount: 1>
Note: For starting DM, Qtot, Tr[D*S] =         16.00000000         15.95875091
No. of atoms with KB's overlaping orbs in proc 0. Max # of overlaps:       4      34

InitMesh: MESH = 120 x 120 x 144 = 2073600
InitMesh: Mesh cutoff (required, used) =   300.000   306.548 Ry
New grid distribution [1]: sub = 2

        iscf     Eharris(eV)        E_KS(eV)     FreeEng(eV)     dDmax    Ef(eV) dHmax(eV)
   scf:    1     -615.206447     -627.388094     -627.422460  0.298448 -6.346507  8.186543
   scf:    2      343.338885     -321.413116     -321.413116  1.171535 -3.862065 65.994414
   scf:    3     -757.394110     -608.222342     -608.289967  1.176299 -5.839667 17.733439
   scf:    4     -624.272691     -616.715865     -616.746094  0.160113 -6.076001 14.091088
   scf:    5     -614.827919     -615.778665     -615.814551  0.013749 -6.054447 14.527502
   scf:    6     -617.637057     -616.721137     -616.773953  0.054964 -6.119189 14.139101
   scf:    7     -610.053342     -613.467365     -613.496165  0.094259 -5.933618 15.524430
   scf:    8     -482.567850     -599.194708     -599.195530  0.594292 -6.070785 21.006173
   scf:    9     -600.938595     -600.073727     -600.080017  0.022290 -6.093943 20.392842
   scf:   10     -602.888268     -601.489962     -601.516278  0.039978 -6.137400 19.666095
   scf:   11     -632.135444     -618.643910     -618.675286  0.508736 -6.374232 13.081443
   scf:   12     -626.079736     -632.914208     -632.984524  0.282120 -6.372681  2.747656
   scf:   13     -631.651550     -633.180749     -633.246371  0.113647 -6.373103  1.874909
   scf:   14     -614.323574     -628.002766     -628.040117  0.254271 -6.348139  7.831642
   scf:   15     -630.492159     -629.289918     -629.335539  0.023997 -6.348636  6.852062
   scf:   16     -620.941868     -631.333588     -631.384814  0.291181 -6.363987  4.883212
   scf:   17     -629.529475     -630.467475     -630.511423  0.021557 -6.368971  5.761172
   scf:   18     -633.800818     -632.357764     -632.416834  0.051976 -6.363210  3.533145
   scf:   19     -633.275203     -632.850245     -632.913299  0.020637 -6.363256  2.670655
   scf:   20     -633.739398     -633.429692     -633.497940  0.041950 -6.365041  0.938327
   scf:   21     -633.451065     -633.512702     -633.582501  0.033440 -6.365227  0.322202
   scf:   22     -633.415225     -633.494891     -633.563905  0.022084 -6.365562  0.535399
   scf:   23     -633.521368     -633.509604     -633.578871  0.004386 -6.366982  0.355637
   scf:   24     -633.523969     -633.521492     -633.590985  0.009224 -6.366924  0.056469
   scf:   25     -633.520838     -633.521210     -633.590745  0.001520 -6.368051  0.082284
   scf:   26     -633.517983     -633.520775     -633.590522  0.004388 -6.370588  0.113046
   scf:   27     -633.521759     -633.521366     -633.591104  0.002386 -6.371931  0.066549
   scf:   28     -633.521632     -633.521530     -633.591290  0.000716 -6.372565  0.036548
   scf:   29     -633.521641     -633.521598     -633.591368  0.000776 -6.372359  0.016263
   scf:   30     -633.521731     -633.521682     -633.591424  0.001922 -6.371100  0.005645
   scf:   31     -633.521698     -633.521691     -633.591427  0.000200 -6.371029  0.003095
   scf:   32     -633.521751     -633.521722     -633.591432  0.000539 -6.370933  0.001472
   scf:   33     -633.521739     -633.521731     -633.591433  0.000132 -6.370931  0.001138
   scf:   34     -633.521741     -633.521736     -633.591433  0.000093 -6.370942  0.001004
   scf:   35     -633.521742     -633.521739     -633.591433  0.000129 -6.371159  0.000570
   scf:   36     -633.521739     -633.521739     -633.591433  0.000040 -6.371244  0.000594

SCF Convergence by DM+H criterion
max |DM_out - DM_in|         :     0.0000399521
max |H_out - H_in|      (eV) :     0.0005938914
SCF cycle converged after 36 iterations

Using DM_out to compute the final energy and forces
No. of atoms with KB's overlaping orbs in proc 0. Max # of overlaps:       4      34

siesta: E_KS(eV) =             -633.5217

siesta: Atomic forces (eV/Ang):
----------------------------------------
   Tot    0.000962    0.006707   -0.001155
----------------------------------------
   Max    3.501088
   Res    1.829746    sqrt( Sum f_i^2 / 3N )
----------------------------------------
   Max    3.501088    constrained

Stress tensor Voigt[x,y,z,yz,xz,xy] (kbar):        4.16        3.46        5.94       -0.21        0.97        2.24
(Free)E + p*V (eV/cell)     -638.1860
Target enthalpy (eV/cell)     -633.5914

siesta: Stress tensor (static) (eV/Ang**3):
         0.002594    0.001395    0.000602
         0.001395    0.002158   -0.000133
         0.000602   -0.000133    0.003705

siesta: Pressure (static):         -4.51648140  kBar

siesta: Stress tensor (total) (eV/Ang**3):
         0.002594    0.001395    0.000602
         0.001395    0.002158   -0.000133
         0.000602   -0.000133    0.003705

siesta: Pressure (total):         -4.51648140  kBar

                     ====================================
                        Begin CG opt. move =     14
                     ====================================
k-point displ. along   3 input, could be:     0.00    0.50
 Kpoints in:          480 . Kpoints trimmed:          458

siesta: k-grid: Number of k-points = 458
siesta: k-points from Monkhorst-Pack grid
siesta: k-cutoff (effective) =    24.930 Ang
siesta: k-point supercell and displacements
siesta: k-grid:    15     0     0      0.000
siesta: k-grid:     0    15     0      0.000
siesta: k-grid:     0     0     4      0.000

outcell: Unit cell vectors (Ang):
       11.215034    0.009044   -0.135788
        0.009197   11.399563    0.079415
       -0.168036    0.096633   12.463356

outcell: Cell vector modules (Ang)   :   11.215860   11.399844   12.464863
outcell: Cell angles (23,13,12) (deg):     89.1573     91.4657     89.9124
outcell: Cell volume (Ang**3)        :   1593.0489
<dSpData1D:S at geom step 14
  <sparsity:sparsity for geom step 14
    nrows_g=52 nrows=52 sparsity=.9978 nnzs=2698, refcount: 7>
  <dData1D:(new from dSpData1D) n=2698, refcount: 1>
refcount: 1>
new_DM -- step:    15
Re-using DM from previous geometries...
Number of DMs in history: 1
 DM extrapolation coefficients: 
1   1.00000
New DM after history re-use:
<dSpData2D:SpM extrapolated using coords
  <sparsity:sparsity for geom step 14
    nrows_g=52 nrows=52 sparsity=.9978 nnzs=2698, refcount: 9>
  <dData2D:(temp array for extrapolation) n=2698 m=1, refcount: 1>
refcount: 1>
No. of atoms with KB's overlaping orbs in proc 0. Max # of overlaps:       4      43

InitMesh: MESH = 120 x 120 x 144 = 2073600
InitMesh: Mesh cutoff (required, used) =   300.000   306.311 Ry
New grid distribution [1]: sub = 2

        iscf     Eharris(eV)        E_KS(eV)     FreeEng(eV)     dDmax    Ef(eV) dHmax(eV)
   scf:    1     -623.758412     -630.446151     -630.482234  0.228192 -6.302628  6.385888
   scf:    2       71.352087     -406.273210     -406.275111  1.205693 -4.901307 53.784960
   scf:    3     -722.403028     -619.445167     -619.457968  1.209399 -5.980379 13.024734
   scf:    4     -628.923511     -624.454256     -624.478432  0.073901 -6.203330 10.379078
   scf:    5     -621.558831     -623.031688     -623.050313  0.019676 -6.139975 11.227994
   scf:    6     -637.404411     -632.965976     -633.030947  0.187890 -6.308289  3.183688
   scf:    7     -611.422824     -627.872532     -627.881750  0.316085 -6.317518  8.356864
   scf:    8     -632.879598     -630.587152     -630.618948  0.074368 -6.313700  5.934377
   scf:    9     -617.092435     -630.480705     -630.532032  0.314030 -6.287402  6.222441
   scf:   10     -634.176557     -632.578793     -632.640771  0.067900 -6.286243  3.847077
   scf:   11     -633.691361     -633.182688     -633.247663  0.031281 -6.290394  2.844972
   scf:   12     -631.435011     -633.430720     -633.492625  0.132075 -6.295813  2.176370
   scf:   13     -633.940702     -633.873444     -633.940775  0.052537 -6.293407  0.190336
   scf:   14     -633.875407     -633.874536     -633.941670  0.002639 -6.297101  0.165782
   scf:   15     -633.867712     -633.871450     -633.938582  0.002516 -6.298929  0.260249
   scf:   16     -633.877339     -633.876878     -633.944410  0.007237 -6.305335  0.030177
   scf:   17     -633.876913     -633.876916     -633.944454  0.000616 -6.305384  0.004543
   scf:   18     -633.876677     -633.876816     -633.944425  0.000805 -6.307505  0.021719
   scf:   19     -633.876830     -633.876835     -633.944460  0.000431 -6.307749  0.005302
   scf:   20     -633.876846     -633.876841     -633.944461  0.000091 -6.308004  0.002349
   scf:   21     -633.876899     -633.876871     -633.944463  0.000251 -6.308613  0.002932
   scf:   22     -633.876872     -633.876871     -633.944463  0.000012 -6.308652  0.003008
   scf:   23     -633.876871     -633.876871     -633.944463  0.000063 -6.308762  0.002063
   scf:   24     -633.876894     -633.876883     -633.944463  0.000118 -6.308962  0.000824
   scf:   25     -633.876884     -633.876883     -633.944463  0.000006 -6.308997  0.000680

SCF Convergence by DM+H criterion
max |DM_out - DM_in|         :     0.0000055941
max |H_out - H_in|      (eV) :     0.0006801909
SCF cycle converged after 25 iterations

Using DM_out to compute the final energy and forces
No. of atoms with KB's overlaping orbs in proc 0. Max # of overlaps:       4      43

siesta: E_KS(eV) =             -633.8769

siesta: Atomic forces (eV/Ang):
----------------------------------------
   Tot   -0.000256    0.006992   -0.001994
----------------------------------------
   Max    3.824071
   Res    2.050356    sqrt( Sum f_i^2 / 3N )
----------------------------------------
   Max    3.824071    constrained

Stress tensor Voigt[x,y,z,yz,xz,xy] (kbar):        4.72        3.93        7.50       -0.21        1.15        2.50
(Free)E + p*V (eV/cell)     -639.2970
Target enthalpy (eV/cell)     -633.9445

siesta: Stress tensor (static) (eV/Ang**3):
         0.002945    0.001559    0.000716
         0.001559    0.002454   -0.000129
         0.000716   -0.000129    0.004681

siesta: Pressure (static):         -5.38325309  kBar

siesta: Stress tensor (total) (eV/Ang**3):
         0.002945    0.001559    0.000716
         0.001559    0.002454   -0.000129
         0.000716   -0.000129    0.004681

siesta: Pressure (total):         -5.38325309  kBar

                     ====================================
                        Begin CG opt. move =     15
                     ====================================
k-point displ. along   3 input, could be:     0.00    0.50
 Kpoints in:          480 . Kpoints trimmed:          458

siesta: k-grid: Number of k-points = 458
siesta: k-points from Monkhorst-Pack grid
siesta: k-cutoff (effective) =    24.343 Ang
siesta: k-point supercell and displacements
siesta: k-grid:    15     0     0      0.000
siesta: k-grid:     0    15     0      0.000
siesta: k-grid:     0     0     4      0.000

outcell: Unit cell vectors (Ang):
       11.216659    0.014014   -0.163587
        0.014252   11.404355    0.095645
       -0.202438    0.116382   12.169101

outcell: Cell vector modules (Ang)   :   11.217861   11.404765   12.171341
outcell: Cell angles (23,13,12) (deg):     88.9729     91.7878     89.8638
outcell: Cell volume (Ang**3)        :   1556.1508
<dSpData1D:S at geom step 15
  <sparsity:sparsity for geom step 15
    nrows_g=52 nrows=52 sparsity=.9993 nnzs=2702, refcount: 7>
  <dData1D:(new from dSpData1D) n=2702, refcount: 1>
refcount: 1>
new_DM -- step:    16
Re-using DM from previous geometries...
Number of DMs in history: 1
 DM extrapolation coefficients: 
1   1.00000
New DM after history re-use:
<dSpData2D:SpM extrapolated using coords
  <sparsity:sparsity for geom step 15
    nrows_g=52 nrows=52 sparsity=.9993 nnzs=2702, refcount: 9>
  <dData2D:(temp array for extrapolation) n=2702 m=1, refcount: 1>
refcount: 1>
Note: For starting DM, Qtot, Tr[D*S] =         16.00000000         16.03079897
No. of atoms with KB's overlaping orbs in proc 0. Max # of overlaps:       4      43

InitMesh: MESH = 120 x 120 x 128 = 1843200
InitMesh: Mesh cutoff (required, used) =   300.000   306.062 Ry
New grid distribution [1]: sub = 2

        iscf     Eharris(eV)        E_KS(eV)     FreeEng(eV)     dDmax    Ef(eV) dHmax(eV)
   scf:    1     -629.759554     -632.759503     -632.800697  0.162424 -6.215676  4.735864
   scf:    2     -438.430559     -572.814759     -572.816424  0.616050 -4.155843 30.496506
   scf:    3     -655.162574     -624.154184     -624.165311  0.566002 -6.032490 10.631114
   scf:    4     -619.433398     -621.855772     -621.861777  0.035117 -5.902745 11.778297
   scf:    5     -621.723240     -621.790371     -621.796423  0.004603 -5.903642 11.790581
   scf:    6     -634.417767     -628.792341     -628.833330  0.094135 -6.194698  7.626563
   scf:    7     -630.519307     -629.674846     -629.721306  0.019955 -6.205564  7.009553
   scf:    8     -625.626155     -633.035175     -633.077376  0.284352 -6.248061  3.859736
   scf:    9     -628.826253     -631.142887     -631.167646  0.054923 -6.241610  5.871439
   scf:   10     -632.940634     -634.243204     -634.304544  0.201066 -6.233408  1.109125
   scf:   11     -632.224480     -633.794338     -633.848561  0.095395 -6.238319  2.429923
   scf:   12     -623.325985     -631.501187     -631.544975  0.206159 -6.226542  5.436076
   scf:   13     -634.816675     -634.323674     -634.386446  0.131574 -6.237936  0.582749
   scf:   14     -634.353716     -634.340651     -634.403356  0.007198 -6.238443  0.401463
   scf:   15     -634.259754     -634.306798     -634.369830  0.010213 -6.237524  0.729815
   scf:   16     -634.125726     -634.306143     -634.366964  0.038287 -6.238552  0.709768
   scf:   17     -634.322322     -634.314513     -634.375610  0.002514 -6.238105  0.636876
   scf:   18     -634.301873     -634.308332     -634.369491  0.002214 -6.238431  0.685978
   scf:   19     -634.339491     -634.351831     -634.414168  0.023336 -6.235859  0.130745
   scf:   20     -634.352313     -634.352169     -634.414384  0.002560 -6.233916  0.119575
   scf:   21     -634.353396     -634.352863     -634.414970  0.001396 -6.232991  0.078266
   scf:   22     -634.353130     -634.353005     -634.415069  0.000724 -6.231058  0.064861
   scf:   23     -634.353451     -634.353272     -634.415319  0.000731 -6.229299  0.035420
   scf:   24     -634.353309     -634.353297     -634.415374  0.000446 -6.228761  0.022018
   scf:   25     -634.353180     -634.353253     -634.415409  0.000506 -6.227641  0.003988
   scf:   26     -634.353117     -634.353187     -634.415418  0.000367 -6.226967  0.005040
   scf:   27     -634.353175     -634.353181     -634.415419  0.000039 -6.226908  0.003390
   scf:   28     -634.353179     -634.353181     -634.415420  0.000050 -6.226859  0.001348
   scf:   29     -634.353183     -634.353182     -634.415420  0.000091 -6.226659  0.002528
   scf:   30     -634.353170     -634.353176     -634.415420  0.000075 -6.226459  0.001116
   scf:   31     -634.353177     -634.353177     -634.415420  0.000025 -6.226397  0.000626

SCF Convergence by DM+H criterion
max |DM_out - DM_in|         :     0.0000253773
max |H_out - H_in|      (eV) :     0.0006263067
SCF cycle converged after 31 iterations

Using DM_out to compute the final energy and forces
No. of atoms with KB's overlaping orbs in proc 0. Max # of overlaps:       4      43

siesta: E_KS(eV) =             -634.3532

siesta: Atomic forces (eV/Ang):
----------------------------------------
   Tot   -0.000687    0.006174   -0.003848
----------------------------------------
   Max    4.173634
   Res    2.326236    sqrt( Sum f_i^2 / 3N )
----------------------------------------
   Max    4.173634    constrained

Stress tensor Voigt[x,y,z,yz,xz,xy] (kbar):        5.36        4.61        9.14       -0.17        1.26        2.77
(Free)E + p*V (eV/cell)     -640.6032
Target enthalpy (eV/cell)     -634.4154

siesta: Stress tensor (static) (eV/Ang**3):
         0.003347    0.001729    0.000788
         0.001729    0.002874   -0.000106
         0.000788   -0.000106    0.005708

siesta: Pressure (static):         -6.37079649  kBar

siesta: Stress tensor (total) (eV/Ang**3):
         0.003347    0.001729    0.000788
         0.001729    0.002874   -0.000106
         0.000788   -0.000106    0.005708

siesta: Pressure (total):         -6.37079649  kBar

                     ====================================
                        Begin CG opt. move =     16
                     ====================================
k-point displ. along   3 input, could be:     0.00    0.50
 Kpoints in:          480 . Kpoints trimmed:          458

siesta: k-grid: Number of k-points = 458
siesta: k-points from Monkhorst-Pack grid
siesta: k-cutoff (effective) =    23.756 Ang
siesta: k-point supercell and displacements
siesta: k-grid:    15     0     0      0.000
siesta: k-grid:     0    15     0      0.000
siesta: k-grid:     0     0     4      0.000

outcell: Unit cell vectors (Ang):
       11.218284    0.018985   -0.191387
        0.019307   11.409146    0.111875
       -0.236839    0.136132   11.874846

outcell: Cell vector modules (Ang)   :   11.219933   11.409711   11.877988
outcell: Cell angles (23,13,12) (deg):     88.7836     92.1187     89.8157
outcell: Cell volume (Ang**3)        :   1519.1806
<dSpData1D:S at geom step 16
  <sparsity:sparsity for geom step 16
    nrows_g=52 nrows=52 sparsity=1.0000 nnzs=2704, refcount: 7>
  <dData1D:(new from dSpData1D) n=2704, refcount: 1>
refcount: 1>
new_DM -- step:    17
Re-using DM from previous geometries...
Number of DMs in history: 1
 DM extrapolation coefficients: 
1   1.00000
New DM after history re-use:
<dSpData2D:SpM extrapolated using coords
  <sparsity:sparsity for geom step 16
    nrows_g=52 nrows=52 sparsity=1.0000 nnzs=2704, refcount: 9>
  <dData2D:(temp array for extrapolation) n=2704 m=1, refcount: 1>
refcount: 1>
Note: For starting DM, Qtot, Tr[D*S] =         16.00000000         16.06946302
No. of atoms with KB's overlaping orbs in proc 0. Max # of overlaps:       4      46

InitMesh: MESH = 120 x 120 x 128 = 1843200
InitMesh: Mesh cutoff (required, used) =   300.000   305.857 Ry
New grid distribution [1]: sub = 2

        iscf     Eharris(eV)        E_KS(eV)     FreeEng(eV)     dDmax    Ef(eV) dHmax(eV)
   scf:    1     -632.631962     -634.140862     -634.186104  0.107989 -6.086266  3.544859
   scf:    2     -534.955243     -603.479285     -603.479287  0.527207 -4.997324 23.252277
   scf:    3     -642.911198     -630.506688     -630.539821  0.310620 -6.060992  6.617675
   scf:    4     -626.305431     -628.505294     -628.523509  0.046285 -6.020010  8.069278
   scf:    5     -630.900966     -629.737084     -629.765050  0.025290 -6.059432  7.285157
   scf:    6     -625.333050     -627.622898     -627.636109  0.040786 -5.991632  8.783737
   scf:    7     -611.722822     -630.690783     -630.695481  0.387192 -6.129406  6.845638
   scf:    8     -626.062879     -628.494424     -628.495409  0.039373 -6.073251  8.365397
   scf:    9     -627.564116     -628.035524     -628.036026  0.014897 -6.072791  8.805429
   scf:   10     -637.246340     -634.156236     -634.194614  0.174059 -6.125495  2.684382
   scf:   11     -618.538927     -627.903179     -627.903840  0.177028 -6.084460  8.848879
   scf:   12     -630.632717     -629.306066     -629.310075  0.022936 -6.131073  7.864874
   scf:   13     -633.970502     -631.820715     -631.840867  0.065886 -6.137169  5.712628
   scf:   14     -624.999522     -628.674163     -628.675081  0.072785 -6.093534  8.317235
   scf:   15     -597.307862     -626.803247     -626.803534  0.422256 -6.021379  9.326205
   scf:   16     -626.221661     -626.514439     -626.514513  0.010682 -6.034700  9.560007
   scf:   17     -628.894345     -627.728387     -627.729037  0.018677 -6.051794  8.610549
   scf:   18     -629.336891     -628.544950     -628.547247  0.012610 -6.070976  8.021871
   scf:   19     -632.519356     -630.641575     -630.663488  0.057458 -6.078583  6.382863
   scf:   20     -629.043248     -629.863826     -629.879187  0.016605 -5.991003  7.133341
   scf:   21     -621.714097     -632.638332     -632.679925  0.321096 -6.179115  4.996133
   scf:   22     -609.696545     -628.803645     -628.805980  0.326491 -6.023411  7.876771
   scf:   23     -636.896093     -634.291301     -634.349767  0.211907 -6.062035  2.657110
   scf:   24     -634.693745     -634.505525     -634.564371  0.020091 -6.093586  2.089497
   scf:   25     -632.426726     -634.413179     -634.458994  0.137004 -6.115159  2.296321
   scf:   26     -632.391597     -634.429197     -634.488353  0.138024 -6.090775  2.278874
   scf:   27     -634.895495     -634.938482     -634.996582  0.071097 -6.109382  0.127350
   scf:   28     -634.873369     -634.914067     -634.970943  0.013812 -6.113178  0.513708
   scf:   29     -634.909361     -634.935994     -634.995433  0.022342 -6.110045  0.190443
   scf:   30     -634.916857     -634.934685     -634.993607  0.012284 -6.110635  0.227288
   scf:   31     -634.939255     -634.939267     -634.998897  0.006606 -6.110707  0.025147
   scf:   32     -634.938774     -634.939159     -634.998784  0.001533 -6.110853  0.040807
   scf:   33     -634.939427     -634.939368     -634.998944  0.001493 -6.111465  0.005144
   scf:   34     -634.939385     -634.939377     -634.998948  0.000175 -6.111696  0.004120
   scf:   35     -634.939394     -634.939386     -634.998949  0.000177 -6.111917  0.003186
   scf:   36     -634.939294     -634.939341     -634.998951  0.000400 -6.112537  0.001733
   scf:   37     -634.939329     -634.939335     -634.998951  0.000041 -6.112701  0.002110
   scf:   38     -634.939326     -634.939331     -634.998952  0.000077 -6.113303  0.000902

SCF Convergence by DM+H criterion
max |DM_out - DM_in|         :     0.0000771493
max |H_out - H_in|      (eV) :     0.0009022952
SCF cycle converged after 38 iterations

Using DM_out to compute the final energy and forces
No. of atoms with KB's overlaping orbs in proc 0. Max # of overlaps:       4      46

siesta: E_KS(eV) =             -634.9393

siesta: Atomic forces (eV/Ang):
----------------------------------------
   Tot   -0.000551    0.003211   -0.001020
----------------------------------------
   Max    4.550841
   Res    2.643148    sqrt( Sum f_i^2 / 3N )
----------------------------------------
   Max    4.550841    constrained

Stress tensor Voigt[x,y,z,yz,xz,xy] (kbar):        6.10        5.46       10.51       -0.09        1.31        3.07
(Free)E + p*V (eV/cell)     -641.9748
Target enthalpy (eV/cell)     -634.9990

siesta: Stress tensor (static) (eV/Ang**3):
         0.003808    0.001917    0.000819
         0.001917    0.003410   -0.000053
         0.000819   -0.000053    0.006558

siesta: Pressure (static):         -7.35692032  kBar

siesta: Stress tensor (total) (eV/Ang**3):
         0.003808    0.001917    0.000819
         0.001917    0.003410   -0.000053
         0.000819   -0.000053    0.006558

siesta: Pressure (total):         -7.35692032  kBar

                     ====================================
                        Begin CG opt. move =     17
                     ====================================
k-point displ. along   3 input, could be:     0.00    0.50
 Kpoints in:          480 . Kpoints trimmed:          458

siesta: k-grid: Number of k-points = 458
siesta: k-points from Monkhorst-Pack grid
siesta: k-cutoff (effective) =    23.170 Ang
siesta: k-point supercell and displacements
siesta: k-grid:    15     0     0      0.000
siesta: k-grid:     0    15     0      0.000
siesta: k-grid:     0     0     4      0.000

outcell: Unit cell vectors (Ang):
       11.219909    0.023955   -0.219186
        0.024362   11.413937    0.128105
       -0.271241    0.155881   11.580591

outcell: Cell vector modules (Ang)   :   11.222076   11.414682   11.584816
outcell: Cell angles (23,13,12) (deg):     88.5890     92.4590     89.7680
outcell: Cell volume (Ang**3)        :   1482.1382
<dSpData1D:S at geom step 17
  <sparsity:sparsity for geom step 17
    nrows_g=52 nrows=52 sparsity=1.0000 nnzs=2704, refcount: 7>
  <dData1D:(new from dSpData1D) n=2704, refcount: 1>
refcount: 1>
new_DM -- step:    18
Re-using DM from previous geometries...
Number of DMs in history: 1
 DM extrapolation coefficients: 
1   1.00000
New DM after history re-use:
<dSpData2D:SpM extrapolated using coords
  <sparsity:sparsity for geom step 17
    nrows_g=52 nrows=52 sparsity=1.0000 nnzs=2704, refcount: 9>
  <dData2D:(temp array for extrapolation) n=2704 m=1, refcount: 1>
refcount: 1>
Note: For starting DM, Qtot, Tr[D*S] =         16.00000000         16.10294364
No. of atoms with KB's overlaping orbs in proc 0. Max # of overlaps:       4      48

InitMesh: MESH = 120 x 120 x 128 = 1843200
InitMesh: Mesh cutoff (required, used) =   300.000   305.641 Ry
New grid distribution [1]: sub = 2

        iscf     Eharris(eV)        E_KS(eV)     FreeEng(eV)     dDmax    Ef(eV) dHmax(eV)
   scf:    1     -633.588193     -634.979945     -635.022256  0.100120 -5.916169  2.988001
   scf:    2     -554.089581     -609.575530     -609.575531  0.536762 -5.632047 20.076141
   scf:    3     -640.318771     -635.148173     -635.211204  0.478249 -5.941221  2.337617
   scf:    4     -633.081827     -634.244092     -634.299711  0.066210 -5.934580  3.687591
   scf:    5     -636.023039     -635.513769     -635.577971  0.110898 -5.957845  0.872443
   scf:    6     -635.471517     -635.588526     -635.644135  0.052271 -5.967430  0.517264
   scf:    7     -635.450751     -635.580825     -635.639012  0.032580 -5.969568  0.584403
   scf:    8     -635.169785     -635.510593     -635.561319  0.053503 -5.975454  1.120749
   scf:    9     -635.637437     -635.617015     -635.675003  0.031273 -5.968462  0.154707
   scf:   10     -635.613863     -635.617199     -635.676472  0.007376 -5.966228  0.083626
   scf:   11     -635.618322     -635.617961     -635.676893  0.001938 -5.965524  0.016299
   scf:   12     -635.618302     -635.618145     -635.676938  0.001187 -5.964476  0.010818
   scf:   13     -635.618747     -635.618464     -635.676962  0.001477 -5.962691  0.008430
   scf:   14     -635.618381     -635.618424     -635.676968  0.000331 -5.962589  0.001940
   scf:   15     -635.618400     -635.618412     -635.676969  0.000076 -5.962629  0.001275
   scf:   16     -635.618391     -635.618401     -635.676970  0.000078 -5.962743  0.001265
   scf:   17     -635.618355     -635.618378     -635.676970  0.000135 -5.962838  0.000405
   scf:   18     -635.618381     -635.618380     -635.676970  0.000017 -5.962869  0.000390

SCF Convergence by DM+H criterion
max |DM_out - DM_in|         :     0.0000170206
max |H_out - H_in|      (eV) :     0.0003896825
SCF cycle converged after 18 iterations

Using DM_out to compute the final energy and forces
No. of atoms with KB's overlaping orbs in proc 0. Max # of overlaps:       4      48

siesta: E_KS(eV) =             -635.6184

siesta: Atomic forces (eV/Ang):
----------------------------------------
   Tot    0.000535   -0.000497    0.001254
----------------------------------------
   Max    4.917397
   Res    2.956123    sqrt( Sum f_i^2 / 3N )
----------------------------------------
   Max    4.917397    constrained

Stress tensor Voigt[x,y,z,yz,xz,xy] (kbar):        6.85        6.36       11.49        0.07        1.29        3.35
(Free)E + p*V (eV/cell)     -643.2954
Target enthalpy (eV/cell)     -635.6770

siesta: Stress tensor (static) (eV/Ang**3):
         0.004277    0.002088    0.000807
         0.002088    0.003972    0.000044
         0.000807    0.000044    0.007172

siesta: Pressure (static):         -8.23542312  kBar

siesta: Stress tensor (total) (eV/Ang**3):
         0.004277    0.002088    0.000807
         0.002088    0.003972    0.000044
         0.000807    0.000044    0.007172

siesta: Pressure (total):         -8.23542312  kBar

                     ====================================
                        Begin CG opt. move =     18
                     ====================================
k-point displ. along   3 input, could be:     0.00    0.50
 Kpoints in:          480 . Kpoints trimmed:          458

siesta: k-grid: Number of k-points = 458
siesta: k-points from Monkhorst-Pack grid
siesta: k-cutoff (effective) =    22.584 Ang
siesta: k-point supercell and displacements
siesta: k-grid:    15     0     0      0.000
siesta: k-grid:     0    15     0      0.000
siesta: k-grid:     0     0     4      0.000

outcell: Unit cell vectors (Ang):
       11.221534    0.028926   -0.246985
        0.029417   11.418729    0.144335
       -0.305642    0.175630   11.286336

outcell: Cell vector modules (Ang)   :   11.224289   11.419679   11.291840
outcell: Cell angles (23,13,12) (deg):     88.3889     92.8095     89.7207
outcell: Cell volume (Ang**3)        :   1445.0235
<dSpData1D:S at geom step 18
  <sparsity:sparsity for geom step 18
    nrows_g=52 nrows=52 sparsity=1.0000 nnzs=2704, refcount: 7>
  <dData1D:(new from dSpData1D) n=2704, refcount: 1>
refcount: 1>
new_DM -- step:    19
Re-using DM from previous geometries...
Number of DMs in history: 1
 DM extrapolation coefficients: 
1   1.00000
New DM after history re-use:
<dSpData2D:SpM extrapolated using coords
  <sparsity:sparsity for geom step 18
    nrows_g=52 nrows=52 sparsity=1.0000 nnzs=2704, refcount: 9>
  <dData2D:(temp array for extrapolation) n=2704 m=1, refcount: 1>
refcount: 1>
Note: For starting DM, Qtot, Tr[D*S] =         16.00000000         16.12948194
No. of atoms with KB's overlaping orbs in proc 0. Max # of overlaps:       4      48

InitMesh: MESH = 120 x 120 x 120 = 1728000
InitMesh: Mesh cutoff (required, used) =   300.000   305.434 Ry
New grid distribution [1]: sub = 2

        iscf     Eharris(eV)        E_KS(eV)     FreeEng(eV)     dDmax    Ef(eV) dHmax(eV)
   scf:    1     -633.867042     -635.669785     -635.698569  0.120639 -5.707486  2.787177
   scf:    2     -557.568169     -611.116983     -611.117182  0.516102 -5.785410 18.249751
   scf:    3     -639.461513     -636.321475     -636.382839  0.485418 -5.749435  0.426722
   scf:    4     -636.352168     -636.340431     -636.399528  0.011528 -5.755748  0.368917
   scf:    5     -636.349178     -636.347120     -636.406846  0.007714 -5.764292  0.268956
   scf:    6     -636.381354     -636.369402     -636.423571  0.024291 -5.778092  0.090924
   scf:    7     -636.369424     -636.370753     -636.424386  0.007857 -5.777480  0.121289
   scf:    8     -636.369581     -636.370560     -636.425732  0.006902 -5.776259  0.066997
   scf:    9     -636.367224     -636.369194     -636.426159  0.006569 -5.772376  0.025019
   scf:   10     -636.369486     -636.369344     -636.426201  0.000446 -5.772106  0.016988
   scf:   11     -636.369908     -636.369631     -636.426265  0.001129 -5.770599  0.015094
   scf:   12     -636.370042     -636.369841     -636.426297  0.000642 -5.769403  0.005358
   scf:   13     -636.370395     -636.370123     -636.426309  0.001072 -5.769189  0.002709
   scf:   14     -636.370117     -636.370120     -636.426310  0.000031 -5.769190  0.002469
   scf:   15     -636.369984     -636.370053     -636.426313  0.000292 -5.769183  0.001026
   scf:   16     -636.370058     -636.370055     -636.426313  0.000019 -5.769208  0.000657

SCF Convergence by DM+H criterion
max |DM_out - DM_in|         :     0.0000190630
max |H_out - H_in|      (eV) :     0.0006573727
SCF cycle converged after 16 iterations

Using DM_out to compute the final energy and forces
No. of atoms with KB's overlaping orbs in proc 0. Max # of overlaps:       4      48

siesta: E_KS(eV) =             -636.3701

siesta: Atomic forces (eV/Ang):
----------------------------------------
   Tot   -0.000050   -0.001018   -0.000350
----------------------------------------
   Max    5.334502
   Res    3.226822    sqrt( Sum f_i^2 / 3N )
----------------------------------------
   Max    5.334502    constrained

Stress tensor Voigt[x,y,z,yz,xz,xy] (kbar):        7.55        7.19       11.97        0.31        1.21        3.53
(Free)E + p*V (eV/cell)     -644.4565
Target enthalpy (eV/cell)     -636.4263

siesta: Stress tensor (static) (eV/Ang**3):
         0.004711    0.002205    0.000753
         0.002205    0.004490    0.000194
         0.000753    0.000194    0.007470

siesta: Pressure (static):         -8.90347948  kBar

siesta: Stress tensor (total) (eV/Ang**3):
         0.004711    0.002205    0.000753
         0.002205    0.004490    0.000194
         0.000753    0.000194    0.007470

siesta: Pressure (total):         -8.90347948  kBar

                     ====================================
                        Begin CG opt. move =     19
                     ====================================
k-point displ. along   3 input, could be:     0.00    0.50
 Kpoints in:          480 . Kpoints trimmed:          458

siesta: k-grid: Number of k-points = 458
siesta: k-points from Monkhorst-Pack grid
siesta: k-cutoff (effective) =    21.998 Ang
siesta: k-point supercell and displacements
siesta: k-grid:    15     0     0      0.000
siesta: k-grid:     0    15     0      0.000
siesta: k-grid:     0     0     4      0.000

outcell: Unit cell vectors (Ang):
       11.223159    0.033897   -0.274785
        0.034473   11.423520    0.160565
       -0.340044    0.195379   10.992081

outcell: Cell vector modules (Ang)   :   11.226574   11.424701   10.999075
outcell: Cell angles (23,13,12) (deg):     88.1827     93.1708     89.6739
outcell: Cell volume (Ang**3)        :   1407.8366
<dSpData1D:S at geom step 19
  <sparsity:sparsity for geom step 19
    nrows_g=52 nrows=52 sparsity=1.0000 nnzs=2704, refcount: 7>
  <dData1D:(new from dSpData1D) n=2704, refcount: 1>
refcount: 1>
new_DM -- step:    20
Re-using DM from previous geometries...
Number of DMs in history: 1
 DM extrapolation coefficients: 
1   1.00000
New DM after history re-use:
<dSpData2D:SpM extrapolated using coords
  <sparsity:sparsity for geom step 19
    nrows_g=52 nrows=52 sparsity=1.0000 nnzs=2704, refcount: 9>
  <dData2D:(temp array for extrapolation) n=2704 m=1, refcount: 1>
refcount: 1>
Note: For starting DM, Qtot, Tr[D*S] =         16.00000000         16.14919971
No. of atoms with KB's overlaping orbs in proc 0. Max # of overlaps:       4      51

InitMesh: MESH = 120 x 120 x 120 = 1728000
InitMesh: Mesh cutoff (required, used) =   300.000   305.236 Ry
New grid distribution [1]: sub = 2

        iscf     Eharris(eV)        E_KS(eV)     FreeEng(eV)     dDmax    Ef(eV) dHmax(eV)
   scf:    1     -634.099416     -636.377652     -636.388791  0.165776 -5.468968  2.720146
   scf:    2     -557.061354     -611.605868     -611.611034  0.535469 -5.681157 16.588903
   scf:    3     -641.045367     -637.079419     -637.122490  0.485420 -5.519074  0.595642
   scf:    4     -637.122358     -637.102544     -637.146620  0.010887 -5.519817  0.464928
   scf:    5     -637.138023     -637.133930     -637.181650  0.031669 -5.527490  0.284723
   scf:    6     -637.102016     -637.132211     -637.177405  0.026918 -5.544413  0.394817
   scf:    7     -637.149449     -637.141861     -637.188399  0.008136 -5.544348  0.283656
   scf:    8     -637.146475     -637.149483     -637.197919  0.018776 -5.545013  0.051497
   scf:    9     -637.144564     -637.148416     -637.196395  0.009815 -5.540870  0.123860
   scf:   10     -637.148655     -637.149523     -637.198405  0.008162 -5.536545  0.007120
   scf:   11     -637.149678     -637.149602     -637.198411  0.000372 -5.536503  0.004101
   scf:   12     -637.150161     -637.149885     -637.198419  0.000837 -5.536218  0.002350
   scf:   13     -637.149905     -637.149895     -637.198419  0.000057 -5.536285  0.001930
   scf:   14     -637.149787     -637.149841     -637.198421  0.000189 -5.536525  0.001215
   scf:   15     -637.149824     -637.149833     -637.198421  0.000035 -5.536617  0.000916

SCF Convergence by DM+H criterion
max |DM_out - DM_in|         :     0.0000349261
max |H_out - H_in|      (eV) :     0.0009156749
SCF cycle converged after 15 iterations

Using DM_out to compute the final energy and forces
No. of atoms with KB's overlaping orbs in proc 0. Max # of overlaps:       4      51

siesta: E_KS(eV) =             -637.1498

siesta: Atomic forces (eV/Ang):
----------------------------------------
   Tot   -0.000245   -0.000304    0.001819
----------------------------------------
   Max    5.600560
   Res    3.362150    sqrt( Sum f_i^2 / 3N )
----------------------------------------
   Max    5.600560    constrained

Stress tensor Voigt[x,y,z,yz,xz,xy] (kbar):        8.08        7.76       11.55        0.61        1.16        3.56
(Free)E + p*V (eV/cell)     -645.2219
Target enthalpy (eV/cell)     -637.1984

siesta: Stress tensor (static) (eV/Ang**3):
         0.005041    0.002222    0.000723
         0.002222    0.004845    0.000378
         0.000723    0.000378    0.007211

siesta: Pressure (static):         -9.13101245  kBar

siesta: Stress tensor (total) (eV/Ang**3):
         0.005041    0.002222    0.000723
         0.002222    0.004845    0.000378
         0.000723    0.000378    0.007211

siesta: Pressure (total):         -9.13101245  kBar

                     ====================================
                        Begin CG opt. move =     20
                     ====================================
k-point displ. along   3 input, could be:     0.00    0.50
 Kpoints in:          480 . Kpoints trimmed:          458

siesta: k-grid: Number of k-points = 458
siesta: k-points from Monkhorst-Pack grid
siesta: k-cutoff (effective) =    21.413 Ang
siesta: k-point supercell and displacements
siesta: k-grid:    15     0     0      0.000
siesta: k-grid:     0    15     0      0.000
siesta: k-grid:     0     0     4      0.000

outcell: Unit cell vectors (Ang):
       11.224784    0.038867   -0.302584
        0.039528   11.428312    0.176795
       -0.374445    0.215128   10.697826

outcell: Cell vector modules (Ang)   :   11.228929   11.429747   10.706539
outcell: Cell angles (23,13,12) (deg):     87.9699     93.5441     89.6275
outcell: Cell volume (Ang**3)        :   1370.5774
<dSpData1D:S at geom step 20
  <sparsity:sparsity for geom step 20
    nrows_g=52 nrows=52 sparsity=1.0000 nnzs=2704, refcount: 7>
  <dData1D:(new from dSpData1D) n=2704, refcount: 1>
refcount: 1>
new_DM -- step:    21
Re-using DM from previous geometries...
Number of DMs in history: 1
 DM extrapolation coefficients: 
1   1.00000
New DM after history re-use:
<dSpData2D:SpM extrapolated using coords
  <sparsity:sparsity for geom step 20
    nrows_g=52 nrows=52 sparsity=1.0000 nnzs=2704, refcount: 9>
  <dData2D:(temp array for extrapolation) n=2704 m=1, refcount: 1>
refcount: 1>
Note: For starting DM, Qtot, Tr[D*S] =         16.00000000         16.16417620
No. of atoms with KB's overlaping orbs in proc 0. Max # of overlaps:       4      51

InitMesh: MESH = 120 x 120 x 120 = 1728000
InitMesh: Mesh cutoff (required, used) =   300.000   305.049 Ry
New grid distribution [1]: sub = 2

        iscf     Eharris(eV)        E_KS(eV)     FreeEng(eV)     dDmax    Ef(eV) dHmax(eV)
   scf:    1     -634.724391     -637.167948     -637.169669  0.164535 -5.220009  2.573014
   scf:    2     -568.048295     -615.651667     -615.668391  0.446195 -5.506075 14.556815
   scf:    3     -641.419853     -637.757073     -637.766879  0.388350 -5.266319  0.873386
   scf:    4     -637.729406     -637.743428     -637.753032  0.003779 -5.266137  0.929553
   scf:    5     -637.580994     -637.823502     -637.841106  0.101292 -5.280672  0.567930
   scf:    6     -637.799691     -637.868177     -637.884681  0.060600 -5.279124  0.290097
   scf:    7     -637.874036     -637.881065     -637.904025  0.025411 -5.287954  0.086010
   scf:    8     -637.869760     -637.878455     -637.900819  0.014137 -5.284893  0.145116
   scf:    9     -637.847558     -637.872735     -637.898315  0.025805 -5.279556  0.188262
   scf:   10     -637.880119     -637.880209     -637.904934  0.016044 -5.279142  0.028764
   scf:   11     -637.879390     -637.879838     -637.905023  0.001788 -5.278131  0.007805
   scf:   12     -637.880284     -637.880084     -637.904991  0.001309 -5.278331  0.015175
   scf:   13     -637.880060     -637.880092     -637.905038  0.001169 -5.278000  0.003214
   scf:   14     -637.880199     -637.880146     -637.905040  0.000183 -5.278102  0.001933
   scf:   15     -637.880141     -637.880143     -637.905040  0.000046 -5.278124  0.001802
   scf:   16     -637.880209     -637.880176     -637.905040  0.000079 -5.278339  0.001057
   scf:   17     -637.880172     -637.880174     -637.905040  0.000004 -5.278354  0.000942

SCF Convergence by DM+H criterion
max |DM_out - DM_in|         :     0.0000043336
max |H_out - H_in|      (eV) :     0.0009418559
SCF cycle converged after 17 iterations

Using DM_out to compute the final energy and forces
No. of atoms with KB's overlaping orbs in proc 0. Max # of overlaps:       4      51

siesta: E_KS(eV) =             -637.8802

siesta: Atomic forces (eV/Ang):
----------------------------------------
   Tot   -0.000131   -0.000568   -0.000275
----------------------------------------
   Max    5.455686
   Res    3.195798    sqrt( Sum f_i^2 / 3N )
----------------------------------------
   Max    5.455686    constrained

Stress tensor Voigt[x,y,z,yz,xz,xy] (kbar):        8.18        7.67        9.78        0.90        1.36        3.32
(Free)E + p*V (eV/cell)     -645.2163
Target enthalpy (eV/cell)     -637.9050

siesta: Stress tensor (static) (eV/Ang**3):
         0.005108    0.002073    0.000851
         0.002073    0.004790    0.000560
         0.000851    0.000560    0.006106

siesta: Pressure (static):         -8.54667057  kBar

siesta: Stress tensor (total) (eV/Ang**3):
         0.005108    0.002073    0.000851
         0.002073    0.004790    0.000560
         0.000851    0.000560    0.006106

siesta: Pressure (total):         -8.54667057  kBar

                     ====================================
                        Begin CG opt. move =     21
                     ====================================
k-point displ. along   3 input, could be:     0.00    0.50
 Kpoints in:          480 . Kpoints trimmed:          458

siesta: k-grid: Number of k-points = 458
siesta: k-points from Monkhorst-Pack grid
siesta: k-cutoff (effective) =    20.829 Ang
siesta: k-point supercell and displacements
siesta: k-grid:    15     0     0      0.000
siesta: k-grid:     0    15     0      0.000
siesta: k-grid:     0     0     4      0.000

outcell: Unit cell vectors (Ang):
       11.226409    0.043838   -0.330384
        0.044583   11.433103    0.193026
       -0.408847    0.234877   10.403572

outcell: Cell vector modules (Ang)   :   11.231355   11.434819   10.414251
outcell: Cell angles (23,13,12) (deg):     87.7500     93.9301     89.5816
outcell: Cell volume (Ang**3)        :   1333.2459
<dSpData1D:S at geom step 21
  <sparsity:sparsity for geom step 21
    nrows_g=52 nrows=52 sparsity=1.0000 nnzs=2704, refcount: 7>
  <dData1D:(new from dSpData1D) n=2704, refcount: 1>
refcount: 1>
new_DM -- step:    22
Re-using DM from previous geometries...
Number of DMs in history: 1
 DM extrapolation coefficients: 
1   1.00000
New DM after history re-use:
<dSpData2D:SpM extrapolated using coords
  <sparsity:sparsity for geom step 21
    nrows_g=52 nrows=52 sparsity=1.0000 nnzs=2704, refcount: 9>
  <dData2D:(temp array for extrapolation) n=2704 m=1, refcount: 1>
refcount: 1>
Note: For starting DM, Qtot, Tr[D*S] =         16.00000000         16.17930158
No. of atoms with KB's overlaping orbs in proc 0. Max # of overlaps:       4      52

InitMesh: MESH = 120 x 120 x 120 = 1728000
InitMesh: Mesh cutoff (required, used) =   300.000   304.873 Ry
New grid distribution [1]: sub = 2

        iscf     Eharris(eV)        E_KS(eV)     FreeEng(eV)     dDmax    Ef(eV) dHmax(eV)
   scf:    1     -635.726400     -637.892429     -637.892497  0.102900 -4.994588  2.105845
   scf:    2     -603.979496     -627.503534     -627.507019  0.423336 -5.217384 10.063031
   scf:    3     -640.487214     -638.288310     -638.288633  0.319462 -5.026247  0.733453
   scf:    4     -638.189679     -638.242184     -638.242492  0.014548 -5.025909  1.020826
   scf:    5     -638.029765     -638.289683     -638.290195  0.090375 -5.039268  0.750697
   scf:    6     -638.352571     -638.360523     -638.361046  0.049555 -5.035146  0.158243
   scf:    7     -638.361007     -638.360803     -638.361342  0.000861 -5.034981  0.133823
   scf:    8     -638.352068     -638.359439     -638.360089  0.012262 -5.029285  0.195799
   scf:    9     -638.347830     -638.359078     -638.359726  0.016847 -5.024659  0.152696
   scf:   10     -638.361640     -638.362237     -638.362963  0.010036 -5.021435  0.028109
   scf:   11     -638.362292     -638.362290     -638.363020  0.001164 -5.021108  0.004263
   scf:   12     -638.362287     -638.362289     -638.363022  0.000059 -5.021126  0.004451
   scf:   13     -638.362271     -638.362280     -638.363027  0.000233 -5.021056  0.004281
   scf:   14     -638.362276     -638.362278     -638.363029  0.000071 -5.021144  0.003172
   scf:   15     -638.362274     -638.362276     -638.363031  0.000161 -5.021604  0.001668
   scf:   16     -638.362274     -638.362275     -638.363031  0.000023 -5.021695  0.000994

SCF Convergence by DM+H criterion
max |DM_out - DM_in|         :     0.0000232643
max |H_out - H_in|      (eV) :     0.0009942285
SCF cycle converged after 16 iterations

Using DM_out to compute the final energy and forces
No. of atoms with KB's overlaping orbs in proc 0. Max # of overlaps:       4      52

siesta: E_KS(eV) =             -638.3623

siesta: Atomic forces (eV/Ang):
----------------------------------------
   Tot    0.000463    0.002789    0.000192
----------------------------------------
   Max    4.627421
   Res    2.499989    sqrt( Sum f_i^2 / 3N )
----------------------------------------
   Max    4.627421    constrained

Stress tensor Voigt[x,y,z,yz,xz,xy] (kbar):        7.61        6.55        4.84        0.85        2.36        2.76
(Free)E + p*V (eV/cell)     -643.6338
Target enthalpy (eV/cell)     -638.3630

siesta: Stress tensor (static) (eV/Ang**3):
         0.004748    0.001721    0.001475
         0.001721    0.004088    0.000531
         0.001475    0.000531    0.003023

siesta: Pressure (static):         -6.33396867  kBar

siesta: Stress tensor (total) (eV/Ang**3):
         0.004748    0.001721    0.001475
         0.001721    0.004088    0.000531
         0.001475    0.000531    0.003023

siesta: Pressure (total):         -6.33396867  kBar

                     ====================================
                        Begin CG opt. move =     22
                     ====================================
k-point displ. along   3 input, could be:     0.00    0.50
 Kpoints in:          480 . Kpoints trimmed:          458

siesta: k-grid: Number of k-points = 458
siesta: k-points from Monkhorst-Pack grid
siesta: k-cutoff (effective) =    20.244 Ang
siesta: k-point supercell and displacements
siesta: k-grid:    15     0     0      0.000
siesta: k-grid:     0    15     0      0.000
siesta: k-grid:     0     0     4      0.000

outcell: Unit cell vectors (Ang):
       11.228034    0.048809   -0.358183
        0.049638   11.437894    0.209256
       -0.443248    0.254626   10.109317

outcell: Cell vector modules (Ang)   :   11.233852   11.439916   10.122232
outcell: Cell angles (23,13,12) (deg):     87.5224     94.3300     89.5360
outcell: Cell volume (Ang**3)        :   1295.8420
<dSpData1D:S at geom step 22
  <sparsity:sparsity for geom step 22
    nrows_g=52 nrows=52 sparsity=1.0000 nnzs=2704, refcount: 7>
  <dData1D:(new from dSpData1D) n=2704, refcount: 1>
refcount: 1>
new_DM -- step:    23
Re-using DM from previous geometries...
Number of DMs in history: 1
 DM extrapolation coefficients: 
1   1.00000
New DM after history re-use:
<dSpData2D:SpM extrapolated using coords
  <sparsity:sparsity for geom step 22
    nrows_g=52 nrows=52 sparsity=1.0000 nnzs=2704, refcount: 9>
  <dData2D:(temp array for extrapolation) n=2704 m=1, refcount: 1>
refcount: 1>
Note: For starting DM, Qtot, Tr[D*S] =         16.00000000         16.19365590
No. of atoms with KB's overlaping orbs in proc 0. Max # of overlaps:       4      52

InitMesh: MESH = 120 x 120 x 108 = 1555200
InitMesh: Mesh cutoff (required, used) =   300.000   304.711 Ry
New grid distribution [1]: sub = 2

        iscf     Eharris(eV)        E_KS(eV)     FreeEng(eV)     dDmax    Ef(eV) dHmax(eV)
   scf:    1     -636.100746     -637.890987     -637.890987  0.100332 -4.846648  1.278017
   scf:    2     -627.364104     -634.681999     -634.682021  0.245444 -4.865841  6.221054
   scf:    3     -638.683206     -638.053424     -638.053425  0.197662 -4.845624  0.259272
   scf:    4     -637.990559     -638.048470     -638.048471  0.036933 -4.847354  0.566227
   scf:    5     -638.079835     -638.067318     -638.067319  0.012773 -4.845547  0.265582
   scf:    6     -638.080831     -638.075378     -638.075380  0.010181 -4.836054  0.168762
   scf:    7     -638.065018     -638.074302     -638.074304  0.013707 -4.824173  0.178032
   scf:    8     -638.076967     -638.077486     -638.077488  0.010566 -4.819170  0.039497
   scf:    9     -638.077467     -638.077568     -638.077570  0.002284 -4.816937  0.019933
   scf:   10     -638.077598     -638.077595     -638.077597  0.000794 -4.817051  0.004288
   scf:   11     -638.077607     -638.077602     -638.077603  0.000266 -4.816993  0.003557
   scf:   12     -638.077604     -638.077603     -638.077605  0.000072 -4.817048  0.002781
   scf:   13     -638.077606     -638.077605     -638.077607  0.000137 -4.817309  0.000794
   scf:   14     -638.077605     -638.077605     -638.077607  0.000007 -4.817349  0.000730

SCF Convergence by DM+H criterion
max |DM_out - DM_in|         :     0.0000070777
max |H_out - H_in|      (eV) :     0.0007295381
SCF cycle converged after 14 iterations

Using DM_out to compute the final energy and forces
No. of atoms with KB's overlaping orbs in proc 0. Max # of overlaps:       4      52

siesta: E_KS(eV) =             -638.0776

siesta: Atomic forces (eV/Ang):
----------------------------------------
   Tot    0.000090    0.002955    0.000936
----------------------------------------
   Max    7.093737
   Res    3.207072    sqrt( Sum f_i^2 / 3N )
----------------------------------------
   Max    7.093737    constrained

Stress tensor Voigt[x,y,z,yz,xz,xy] (kbar):        6.08        4.79       -6.54       -0.14        5.68        2.13
(Free)E + p*V (eV/cell)     -639.2457
Target enthalpy (eV/cell)     -638.0776

siesta: Stress tensor (static) (eV/Ang**3):
         0.003797    0.001331    0.003542
         0.001331    0.002988   -0.000087
         0.003542   -0.000087   -0.004081

siesta: Pressure (static):         -1.44419775  kBar

siesta: Stress tensor (total) (eV/Ang**3):
         0.003797    0.001331    0.003542
         0.001331    0.002988   -0.000087
         0.003542   -0.000087   -0.004081

siesta: Pressure (total):         -1.44419775  kBar

                     ====================================
                        Begin CG opt. move =     23
                     ====================================
k-point displ. along   3 input, could be:     0.00    0.50
 Kpoints in:          480 . Kpoints trimmed:          458

siesta: k-grid: Number of k-points = 458
siesta: k-points from Monkhorst-Pack grid
siesta: k-cutoff (effective) =    20.738 Ang
siesta: k-point supercell and displacements
siesta: k-grid:    15     0     0      0.000
siesta: k-grid:     0    15     0      0.000
siesta: k-grid:     0     0     4      0.000

outcell: Unit cell vectors (Ang):
       11.226662    0.044612   -0.334713
        0.045370   11.433849    0.195553
       -0.414204    0.237952   10.357750

outcell: Cell vector modules (Ang)   :   11.231739   11.435611   10.368760
outcell: Cell angles (23,13,12) (deg):     87.7151     93.9914     89.5744
outcell: Cell volume (Ang**3)        :   1327.4261
<dSpData1D:S at geom step 23
  <sparsity:sparsity for geom step 23
    nrows_g=52 nrows=52 sparsity=1.0000 nnzs=2704, refcount: 7>
  <dData1D:(new from dSpData1D) n=2704, refcount: 1>
refcount: 1>
new_DM -- step:    24
Re-using DM from previous geometries...
Number of DMs in history: 1
 DM extrapolation coefficients: 
1   1.00000
New DM after history re-use:
<dSpData2D:SpM extrapolated using coords
  <sparsity:sparsity for geom step 23
    nrows_g=52 nrows=52 sparsity=1.0000 nnzs=2704, refcount: 9>
  <dData2D:(temp array for extrapolation) n=2704 m=1, refcount: 1>
refcount: 1>
Note: For starting DM, Qtot, Tr[D*S] =         16.00000000         15.79195043
No. of atoms with KB's overlaping orbs in proc 0. Max # of overlaps:       4      52

InitMesh: MESH = 120 x 120 x 108 = 1555200
InitMesh: Mesh cutoff (required, used) =   300.000   301.799 Ry
New grid distribution [1]: sub = 2

        iscf     Eharris(eV)        E_KS(eV)     FreeEng(eV)     dDmax    Ef(eV) dHmax(eV)
   scf:    1     -638.766367     -638.060546     -638.061577  0.095979 -4.998251  1.647183
   scf:    2     -607.661349     -628.565306     -628.565306  0.397992 -4.844740 10.469378
   scf:    3     -639.895494     -638.351757     -638.352132  0.331684 -4.966828  0.295018
   scf:    4     -638.347157     -638.367837     -638.368165  0.030170 -4.961909  0.304775
   scf:    5     -638.378426     -638.375790     -638.376109  0.012098 -4.961012  0.158867
   scf:    6     -638.388045     -638.383264     -638.383598  0.006536 -4.963085  0.116139
   scf:    7     -638.384716     -638.384393     -638.384727  0.004865 -4.971737  0.067430
   scf:    8     -638.383891     -638.384251     -638.384583  0.002545 -4.973872  0.094413
   scf:    9     -638.385080     -638.384865     -638.385186  0.003944 -4.985548  0.006681
   scf:   10     -638.384869     -638.384868     -638.385189  0.000105 -4.985495  0.002969
   scf:   11     -638.384875     -638.384872     -638.385192  0.000125 -4.985374  0.003373
   scf:   12     -638.384876     -638.384874     -638.385195  0.000150 -4.985246  0.002164
   scf:   13     -638.384876     -638.384875     -638.385196  0.000068 -4.985218  0.001953
   scf:   14     -638.384877     -638.384876     -638.385197  0.000092 -4.984998  0.000541

SCF Convergence by DM+H criterion
max |DM_out - DM_in|         :     0.0000915094
max |H_out - H_in|      (eV) :     0.0005408659
SCF cycle converged after 14 iterations

Using DM_out to compute the final energy and forces
No. of atoms with KB's overlaping orbs in proc 0. Max # of overlaps:       4      52

siesta: E_KS(eV) =             -638.3849

siesta: Atomic forces (eV/Ang):
----------------------------------------
   Tot    0.000576    0.003266    0.001602
----------------------------------------
   Max    4.546617
   Res    2.379975    sqrt( Sum f_i^2 / 3N )
----------------------------------------
   Max    4.546617    constrained

Stress tensor Voigt[x,y,z,yz,xz,xy] (kbar):        7.45        6.30        3.56        0.77        2.67        2.65
(Free)E + p*V (eV/cell)     -643.1661
Target enthalpy (eV/cell)     -638.3852

siesta: Stress tensor (static) (eV/Ang**3):
         0.004649    0.001655    0.001669
         0.001655    0.003933    0.000483
         0.001669    0.000483    0.002223

siesta: Pressure (static):         -5.77047514  kBar

siesta: Stress tensor (total) (eV/Ang**3):
         0.004649    0.001655    0.001669
         0.001655    0.003933    0.000483
         0.001669    0.000483    0.002223

siesta: Pressure (total):         -5.77047514  kBar

cgvc: Finished line minimization    4.  Mean atomic displacement =    0.1691

                     ====================================
                        Begin CG opt. move =     24
                     ====================================
k-point displ. along   3 input, could be:     0.00    0.50
 Kpoints in:          480 . Kpoints trimmed:          458

siesta: k-grid: Number of k-points = 458
siesta: k-points from Monkhorst-Pack grid
siesta: k-cutoff (effective) =    20.154 Ang
siesta: k-point supercell and displacements
siesta: k-grid:    15     0     0      0.000
siesta: k-grid:     0    15     0      0.000
siesta: k-grid:     0     0     4      0.000

outcell: Unit cell vectors (Ang):
       11.222816    0.047587   -0.364165
        0.048396   11.433896    0.211029
       -0.450651    0.256784   10.063495

outcell: Cell vector modules (Ang)   :   11.228824   11.435945   10.076853
outcell: Cell angles (23,13,12) (deg):     87.4944     94.4149     89.5492
outcell: Cell volume (Ang**3)        :   1288.8360
<dSpData1D:S at geom step 24
  <sparsity:sparsity for geom step 24
    nrows_g=52 nrows=52 sparsity=1.0000 nnzs=2704, refcount: 7>
  <dData1D:(new from dSpData1D) n=2704, refcount: 1>
refcount: 1>
new_DM -- step:    25
Re-using DM from previous geometries...
Number of DMs in history: 1
 DM extrapolation coefficients: 
1   1.00000
New DM after history re-use:
<dSpData2D:SpM extrapolated using coords
  <sparsity:sparsity for geom step 24
    nrows_g=52 nrows=52 sparsity=1.0000 nnzs=2704, refcount: 9>
  <dData2D:(temp array for extrapolation) n=2704 m=1, refcount: 1>
refcount: 1>
Note: For starting DM, Qtot, Tr[D*S] =         16.00000000         16.24604468
No. of atoms with KB's overlaping orbs in proc 0. Max # of overlaps:       4      52

InitMesh: MESH = 120 x 120 x 108 = 1555200
InitMesh: Mesh cutoff (required, used) =   300.000   304.934 Ry
New grid distribution [1]: sub = 2

        iscf     Eharris(eV)        E_KS(eV)     FreeEng(eV)     dDmax    Ef(eV) dHmax(eV)
   scf:    1     -635.799609     -637.820060     -637.820060  0.105546 -4.833674  1.143807
   scf:    2     -628.897062     -635.117053     -635.117066  0.205386 -4.828608  5.552512
   scf:    3     -638.495064     -637.975715     -637.975715  0.166186 -4.830374  0.259434
   scf:    4     -637.945016     -637.978926     -637.978926  0.029640 -4.824299  0.441272
   scf:    5     -637.996925     -637.989511     -637.989512  0.008883 -4.823874  0.250070
   scf:    6     -638.000803     -637.996212     -637.996212  0.009080 -4.809927  0.161958
   scf:    7     -637.994473     -637.997368     -637.997368  0.009710 -4.799566  0.096379
   scf:    8     -637.997056     -637.998055     -637.998056  0.007181 -4.792937  0.062831
   scf:    9     -637.998398     -637.998337     -637.998338  0.002486 -4.789896  0.008661
   scf:   10     -637.998342     -637.998341     -637.998341  0.000161 -4.789877  0.004345
   scf:   11     -637.998353     -637.998347     -637.998348  0.000220 -4.789780  0.003565
   scf:   12     -637.998350     -637.998349     -637.998349  0.000073 -4.789818  0.002686
   scf:   13     -637.998351     -637.998350     -637.998351  0.000121 -4.790124  0.000786
   scf:   14     -637.998351     -637.998350     -637.998351  0.000041 -4.790396  0.000341

SCF Convergence by DM+H criterion
max |DM_out - DM_in|         :     0.0000412029
max |H_out - H_in|      (eV) :     0.0003410420
SCF cycle converged after 14 iterations

Using DM_out to compute the final energy and forces
No. of atoms with KB's overlaping orbs in proc 0. Max # of overlaps:       4      52

siesta: E_KS(eV) =             -637.9984

siesta: Atomic forces (eV/Ang):
----------------------------------------
   Tot    0.001470    0.002546    0.001915
----------------------------------------
   Max    9.288799
   Res    3.905336    sqrt( Sum f_i^2 / 3N )
----------------------------------------
   Max    9.288799    constrained

Stress tensor Voigt[x,y,z,yz,xz,xy] (kbar):        5.44        3.93       -9.84       -0.33        6.50        2.00
(Free)E + p*V (eV/cell)     -637.8713
Target enthalpy (eV/cell)     -637.9984

siesta: Stress tensor (static) (eV/Ang**3):
         0.003394    0.001246    0.004056
         0.001246    0.002451   -0.000204
         0.004056   -0.000204   -0.006141

siesta: Pressure (static):          0.15795596  kBar

siesta: Stress tensor (total) (eV/Ang**3):
         0.003394    0.001246    0.004056
         0.001246    0.002451   -0.000204
         0.004056   -0.000204   -0.006141

siesta: Pressure (total):          0.15795596  kBar

                     ====================================
                        Begin CG opt. move =     25
                     ====================================
k-point displ. along   3 input, could be:     0.00    0.50
 Kpoints in:          480 . Kpoints trimmed:          458

siesta: k-grid: Number of k-points = 458
siesta: k-points from Monkhorst-Pack grid
siesta: k-cutoff (effective) =    20.655 Ang
siesta: k-point supercell and displacements
siesta: k-grid:    15     0     0      0.000
siesta: k-grid:     0    15     0      0.000
siesta: k-grid:     0     0     4      0.000

outcell: Unit cell vectors (Ang):
       11.226119    0.045033   -0.338877
        0.045798   11.433856    0.197741
       -0.419357    0.240615   10.316148

outcell: Cell vector modules (Ang)   :   11.231322   11.435657   10.327471
outcell: Cell angles (23,13,12) (deg):     87.6843     94.0504     89.5708
outcell: Cell volume (Ang**3)        :   1321.9705
<dSpData1D:S at geom step 25
  <sparsity:sparsity for geom step 25
    nrows_g=52 nrows=52 sparsity=1.0000 nnzs=2704, refcount: 7>
  <dData1D:(new from dSpData1D) n=2704, refcount: 1>
refcount: 1>
new_DM -- step:    26
Re-using DM from previous geometries...
Number of DMs in history: 1
 DM extrapolation coefficients: 
1   1.00000
New DM after history re-use:
<dSpData2D:SpM extrapolated using coords
  <sparsity:sparsity for geom step 25
    nrows_g=52 nrows=52 sparsity=1.0000 nnzs=2704, refcount: 9>
  <dData2D:(temp array for extrapolation) n=2704 m=1, refcount: 1>
refcount: 1>
Note: For starting DM, Qtot, Tr[D*S] =         16.00000000         15.74927263
No. of atoms with KB's overlaping orbs in proc 0. Max # of overlaps:       4      52

InitMesh: MESH = 120 x 120 x 108 = 1555200
InitMesh: Mesh cutoff (required, used) =   300.000   304.275 Ry
New grid distribution [1]: sub = 2

        iscf     Eharris(eV)        E_KS(eV)     FreeEng(eV)     dDmax    Ef(eV) dHmax(eV)
   scf:    1     -639.000500     -638.079327     -638.079803  0.098334 -4.951392  1.682135
   scf:    2     -610.085216     -629.361269     -629.361269  0.366220 -4.809974  9.949087
   scf:    3     -639.760146     -638.378535     -638.378695  0.309442 -4.924113  0.278119
   scf:    4     -638.399023     -638.394252     -638.394394  0.016334 -4.921967  0.199106
   scf:    5     -638.400167     -638.397593     -638.397730  0.003786 -4.922271  0.158777
   scf:    6     -638.409389     -638.404743     -638.404886  0.005941 -4.928799  0.122931
   scf:    7     -638.404785     -638.405458     -638.405603  0.006830 -4.942410  0.092487
   scf:    8     -638.405954     -638.405723     -638.405866  0.000880 -4.943208  0.084842
   scf:    9     -638.406365     -638.406205     -638.406343  0.003388 -4.954462  0.005976
   scf:   10     -638.406211     -638.406208     -638.406347  0.000166 -4.954591  0.003095
   scf:   11     -638.406212     -638.406210     -638.406349  0.000060 -4.954615  0.002896
   scf:   12     -638.406219     -638.406216     -638.406354  0.000226 -4.954396  0.001964
   scf:   13     -638.406216     -638.406216     -638.406354  0.000038 -4.954232  0.001706
   scf:   14     -638.406217     -638.406216     -638.406354  0.000049 -4.953957  0.002049
   scf:   15     -638.406218     -638.406217     -638.406355  0.000089 -4.954124  0.000405

SCF Convergence by DM+H criterion
max |DM_out - DM_in|         :     0.0000887107
max |H_out - H_in|      (eV) :     0.0004054872
SCF cycle converged after 15 iterations

Using DM_out to compute the final energy and forces
No. of atoms with KB's overlaping orbs in proc 0. Max # of overlaps:       4      52

siesta: E_KS(eV) =             -638.4062

siesta: Atomic forces (eV/Ang):
----------------------------------------
   Tot    0.000440    0.002554   -0.001187
----------------------------------------
   Max    4.455953
   Res    2.287953    sqrt( Sum f_i^2 / 3N )
----------------------------------------
   Max    4.455953    constrained

Stress tensor Voigt[x,y,z,yz,xz,xy] (kbar):        7.24        5.99        2.19        0.69        3.00        2.54
(Free)E + p*V (eV/cell)     -642.6467
Target enthalpy (eV/cell)     -638.4064

siesta: Stress tensor (static) (eV/Ang**3):
         0.004520    0.001588    0.001871
         0.001588    0.003738    0.000431
         0.001871    0.000431    0.001365

siesta: Pressure (static):         -5.13908916  kBar

siesta: Stress tensor (total) (eV/Ang**3):
         0.004520    0.001588    0.001871
         0.001588    0.003738    0.000431
         0.001871    0.000431    0.001365

siesta: Pressure (total):         -5.13908916  kBar

cgvc: Finished line minimization    5.  Mean atomic displacement =    0.0239

                     ====================================
                        Begin CG opt. move =     26
                     ====================================
k-point displ. along   3 input, could be:     0.00    0.50
 Kpoints in:          480 . Kpoints trimmed:          458

siesta: k-grid: Number of k-points = 458
siesta: k-points from Monkhorst-Pack grid
siesta: k-cutoff (effective) =    20.684 Ang
siesta: k-point supercell and displacements
siesta: k-grid:    15     0     0      0.000
siesta: k-grid:     0    15     0      0.000
siesta: k-grid:     0     0     4      0.000

outcell: Unit cell vectors (Ang):
       11.218349    0.042047   -0.340450
        0.042761   11.427127    0.196053
       -0.421304    0.238561   10.330510

outcell: Cell vector modules (Ang)   :   11.223592   11.428889   10.341849
outcell: Cell angles (23,13,12) (deg):     87.7049     94.0675     89.6009
outcell: Cell volume (Ang**3)        :   1322.1149
<dSpData1D:S at geom step 26
  <sparsity:sparsity for geom step 26
    nrows_g=52 nrows=52 sparsity=1.0000 nnzs=2704, refcount: 7>
  <dData1D:(new from dSpData1D) n=2704, refcount: 1>
refcount: 1>
new_DM -- step:    27
Re-using DM from previous geometries...
Number of DMs in history: 1
 DM extrapolation coefficients: 
1   1.00000
New DM after history re-use:
<dSpData2D:SpM extrapolated using coords
  <sparsity:sparsity for geom step 26
    nrows_g=52 nrows=52 sparsity=1.0000 nnzs=2704, refcount: 9>
  <dData2D:(temp array for extrapolation) n=2704 m=1, refcount: 1>
refcount: 1>
Note: For starting DM, Qtot, Tr[D*S] =         16.00000000         16.05418741
No. of atoms with KB's overlaping orbs in proc 0. Max # of overlaps:       4      52

InitMesh: MESH = 120 x 120 x 108 = 1555200
InitMesh: Mesh cutoff (required, used) =   300.000   303.432 Ry
New grid distribution [1]: sub = 2

        iscf     Eharris(eV)        E_KS(eV)     FreeEng(eV)     dDmax    Ef(eV) dHmax(eV)
   scf:    1     -638.394865     -638.576908     -638.577110  0.027054 -4.998849  0.310875
   scf:    2     -637.697740     -638.297430     -638.297629  0.080327 -4.992777  1.942037
   scf:    3     -638.613678     -638.581996     -638.582201  0.071620 -4.996896  0.073133
   scf:    4     -638.582498     -638.582375     -638.582574  0.001711 -4.993886  0.047021
   scf:    5     -638.582579     -638.582566     -638.582752  0.001684 -4.987822  0.042309
   scf:    6     -638.582714     -638.582674     -638.582857  0.001026 -4.985591  0.004041
   scf:    7     -638.582693     -638.582686     -638.582866  0.000435 -4.985153  0.006181
   scf:    8     -638.582689     -638.582687     -638.582867  0.000060 -4.985049  0.004592
   scf:    9     -638.582695     -638.582692     -638.582869  0.000153 -4.984913  0.000845
   scf:   10     -638.582692     -638.582692     -638.582869  0.000007 -4.984915  0.000781

SCF Convergence by DM+H criterion
max |DM_out - DM_in|         :     0.0000066171
max |H_out - H_in|      (eV) :     0.0007806465
SCF cycle converged after 10 iterations

Using DM_out to compute the final energy and forces
No. of atoms with KB's overlaping orbs in proc 0. Max # of overlaps:       4      52

siesta: E_KS(eV) =             -638.5827

siesta: Atomic forces (eV/Ang):
----------------------------------------
   Tot    0.000182    0.000191   -0.000398
----------------------------------------
   Max    4.317065
   Res    2.165101    sqrt( Sum f_i^2 / 3N )
----------------------------------------
   Max    4.317065    constrained

Stress tensor Voigt[x,y,z,yz,xz,xy] (kbar):        6.92        5.27        2.07        0.84        2.73        2.47
(Free)E + p*V (eV/cell)     -642.5031
Target enthalpy (eV/cell)     -638.5829

siesta: Stress tensor (static) (eV/Ang**3):
         0.004317    0.001539    0.001705
         0.001540    0.003288    0.000522
         0.001705    0.000522    0.001291

siesta: Pressure (static):         -4.75069279  kBar

siesta: Stress tensor (total) (eV/Ang**3):
         0.004317    0.001539    0.001705
         0.001540    0.003288    0.000522
         0.001705    0.000522    0.001291

siesta: Pressure (total):         -4.75069279  kBar

                     ====================================
                        Begin CG opt. move =     27
                     ====================================
k-point displ. along   3 input, could be:     0.00    0.50
 Kpoints in:          480 . Kpoints trimmed:          458

siesta: k-grid: Number of k-points = 458
siesta: k-points from Monkhorst-Pack grid
siesta: k-cutoff (effective) =    20.730 Ang
siesta: k-point supercell and displacements
siesta: k-grid:    15     0     0      0.000
siesta: k-grid:     0    15     0      0.000
siesta: k-grid:     0     0     4      0.000

outcell: Unit cell vectors (Ang):
       11.205916    0.037270   -0.342968
        0.037904   11.416362    0.193352
       -0.424420    0.235275   10.353489

outcell: Cell vector modules (Ang)   :   11.211226   11.418062   10.364855
outcell: Cell angles (23,13,12) (deg):     87.7376     94.0950     89.6491
outcell: Cell volume (Ang**3)        :   1322.3378
<dSpData1D:S at geom step 27
  <sparsity:sparsity for geom step 27
    nrows_g=52 nrows=52 sparsity=1.0000 nnzs=2704, refcount: 7>
  <dData1D:(new from dSpData1D) n=2704, refcount: 1>
refcount: 1>
new_DM -- step:    28
Re-using DM from previous geometries...
Number of DMs in history: 1
 DM extrapolation coefficients: 
1   1.00000
New DM after history re-use:
<dSpData2D:SpM extrapolated using coords
  <sparsity:sparsity for geom step 27
    nrows_g=52 nrows=52 sparsity=1.0000 nnzs=2704, refcount: 9>
  <dData2D:(temp array for extrapolation) n=2704 m=1, refcount: 1>
refcount: 1>
Note: For starting DM, Qtot, Tr[D*S] =         16.00000000         16.08842822
No. of atoms with KB's overlaping orbs in proc 0. Max # of overlaps:       4      52

InitMesh: MESH = 120 x 120 x 108 = 1555200
InitMesh: Mesh cutoff (required, used) =   300.000   302.092 Ry
New grid distribution [1]: sub = 2

        iscf     Eharris(eV)        E_KS(eV)     FreeEng(eV)     dDmax    Ef(eV) dHmax(eV)
   scf:    1     -638.523057     -638.825039     -638.825376  0.043039 -5.073830  0.498376
   scf:    2     -636.502755     -638.086448     -638.086672  0.118835 -5.044482  3.124391
   scf:    3     -638.923045     -638.838090     -638.838427  0.106166 -5.067966  0.135718
   scf:    4     -638.838941     -638.839084     -638.839402  0.003971 -5.060118  0.102723
   scf:    5     -638.838937     -638.839011     -638.839330  0.000153 -5.060530  0.109240
   scf:    6     -638.840314     -638.839872     -638.840157  0.003285 -5.046104  0.008585
   scf:    7     -638.839919     -638.839903     -638.840183  0.000626 -5.045495  0.011855
   scf:    8     -638.839916     -638.839912     -638.840190  0.000189 -5.044900  0.004781
   scf:    9     -638.839932     -638.839923     -638.840196  0.000323 -5.044891  0.001434
   scf:   10     -638.839923     -638.839923     -638.840196  0.000010 -5.044896  0.001373
   scf:   11     -638.839926     -638.839925     -638.840196  0.000076 -5.044908  0.000597

SCF Convergence by DM+H criterion
max |DM_out - DM_in|         :     0.0000764059
max |H_out - H_in|      (eV) :     0.0005974820
SCF cycle converged after 11 iterations

Using DM_out to compute the final energy and forces
No. of atoms with KB's overlaping orbs in proc 0. Max # of overlaps:       4      52

siesta: E_KS(eV) =             -638.8399

siesta: Atomic forces (eV/Ang):
----------------------------------------
   Tot    0.000636   -0.001559    0.001032
----------------------------------------
   Max    3.989821
   Res    1.920441    sqrt( Sum f_i^2 / 3N )
----------------------------------------
   Max    3.989821    constrained

Stress tensor Voigt[x,y,z,yz,xz,xy] (kbar):        6.25        3.88        1.83        1.08        2.27        2.23
(Free)E + p*V (eV/cell)     -642.1307
Target enthalpy (eV/cell)     -638.8402

siesta: Stress tensor (static) (eV/Ang**3):
         0.003898    0.001394    0.001414
         0.001394    0.002422    0.000676
         0.001415    0.000676    0.001145

siesta: Pressure (static):         -3.98682141  kBar

siesta: Stress tensor (total) (eV/Ang**3):
         0.003898    0.001394    0.001414
         0.001394    0.002422    0.000676
         0.001415    0.000676    0.001145

siesta: Pressure (total):         -3.98682141  kBar

                     ====================================
                        Begin CG opt. move =     28
                     ====================================
k-point displ. along   3 input, could be:     0.00    0.50
 Kpoints in:          480 . Kpoints trimmed:          458

siesta: k-grid: Number of k-points = 458
siesta: k-points from Monkhorst-Pack grid
siesta: k-cutoff (effective) =    20.803 Ang
siesta: k-point supercell and displacements
siesta: k-grid:    15     0     0      0.000
siesta: k-grid:     0    15     0      0.000
siesta: k-grid:     0     0     4      0.000

outcell: Unit cell vectors (Ang):
       11.186025    0.029628   -0.346996
        0.030131   11.399138    0.189031
       -0.429404    0.230017   10.390255

outcell: Cell vector modules (Ang)   :   11.191445   11.400745   10.401668
outcell: Cell angles (23,13,12) (deg):     87.7899     94.1389     89.7264
outcell: Cell volume (Ang**3)        :   1322.6733
<dSpData1D:S at geom step 28
  <sparsity:sparsity for geom step 28
    nrows_g=52 nrows=52 sparsity=1.0000 nnzs=2704, refcount: 7>
  <dData1D:(new from dSpData1D) n=2704, refcount: 1>
refcount: 1>
new_DM -- step:    29
Re-using DM from previous geometries...
Number of DMs in history: 1
 DM extrapolation coefficients: 
1   1.00000
New DM after history re-use:
<dSpData2D:SpM extrapolated using coords
  <sparsity:sparsity for geom step 28
    nrows_g=52 nrows=52 sparsity=1.0000 nnzs=2704, refcount: 9>
  <dData2D:(temp array for extrapolation) n=2704 m=1, refcount: 1>
refcount: 1>
Note: For starting DM, Qtot, Tr[D*S] =         16.00000000         16.14599452
No. of atoms with KB's overlaping orbs in proc 0. Max # of overlaps:       4      52

InitMesh: MESH = 120 x 120 x 120 = 1728000
InitMesh: Mesh cutoff (required, used) =   300.000   306.669 Ry
New grid distribution [1]: sub = 2

        iscf     Eharris(eV)        E_KS(eV)     FreeEng(eV)     dDmax    Ef(eV) dHmax(eV)
   scf:    1     -638.621414     -639.122190     -639.122942  0.067134 -5.234302  0.770304
   scf:    2     -634.414280     -637.632458     -637.632686  0.129321 -5.124019  4.568688
   scf:    3     -639.346951     -639.153262     -639.153970  0.114871 -5.215965  0.245113
   scf:    4     -639.152013     -639.155183     -639.155817  0.010055 -5.194354  0.204479
   scf:    5     -639.155921     -639.155559     -639.156189  0.000680 -5.192713  0.190636
   scf:    6     -639.158566     -639.157875     -639.158450  0.007022 -5.170607  0.016927
   scf:    7     -639.157778     -639.157910     -639.158467  0.001677 -5.169345  0.041748
   scf:    8     -639.158058     -639.157998     -639.158547  0.000604 -5.168479  0.019398
   scf:    9     -639.158067     -639.158045     -639.158581  0.000671 -5.167779  0.002649
   scf:   10     -639.158047     -639.158046     -639.158581  0.000017 -5.167786  0.002496
   scf:   11     -639.158055     -639.158051     -639.158583  0.000147 -5.167949  0.000643
   scf:   12     -639.158051     -639.158051     -639.158583  0.000006 -5.167946  0.000630

SCF Convergence by DM+H criterion
max |DM_out - DM_in|         :     0.0000060033
max |H_out - H_in|      (eV) :     0.0006301335
SCF cycle converged after 12 iterations

Using DM_out to compute the final energy and forces
No. of atoms with KB's overlaping orbs in proc 0. Max # of overlaps:       4      52

siesta: E_KS(eV) =             -639.1581

siesta: Atomic forces (eV/Ang):
----------------------------------------
   Tot   -0.000477    0.000134   -0.004097
----------------------------------------
   Max    3.100557
   Res    1.430796    sqrt( Sum f_i^2 / 3N )
----------------------------------------
   Max    3.100557    constrained

Stress tensor Voigt[x,y,z,yz,xz,xy] (kbar):        4.66        0.98        1.37        1.50        1.39        1.50
(Free)E + p*V (eV/cell)     -641.0860
Target enthalpy (eV/cell)     -639.1586

siesta: Stress tensor (static) (eV/Ang**3):
         0.002908    0.000934    0.000868
         0.000934    0.000610    0.000937
         0.000868    0.000937    0.000855

siesta: Pressure (static):         -2.33476230  kBar

siesta: Stress tensor (total) (eV/Ang**3):
         0.002908    0.000934    0.000868
         0.000934    0.000610    0.000937
         0.000868    0.000937    0.000855

siesta: Pressure (total):         -2.33476230  kBar

                     ====================================
                        Begin CG opt. move =     29
                     ====================================
k-point displ. along   3 input, could be:     0.00    0.50
 Kpoints in:          480 . Kpoints trimmed:          458

siesta: k-grid: Number of k-points = 458
siesta: k-points from Monkhorst-Pack grid
siesta: k-cutoff (effective) =    20.921 Ang
siesta: k-point supercell and displacements
siesta: k-grid:    15     0     0      0.000
siesta: k-grid:     0    15     0      0.000
siesta: k-grid:     0     0     4      0.000

outcell: Unit cell vectors (Ang):
       11.154199    0.017400   -0.353441
        0.017695   11.371578    0.182118
       -0.437380    0.221604   10.449082

outcell: Cell vector modules (Ang)   :   11.159811   11.373050   10.460579
outcell: Cell angles (23,13,12) (deg):     87.8731     94.2090     89.8506
outcell: Cell volume (Ang**3)        :   1323.1563
<dSpData1D:S at geom step 29
  <sparsity:sparsity for geom step 29
    nrows_g=52 nrows=52 sparsity=1.0000 nnzs=2704, refcount: 7>
  <dData1D:(new from dSpData1D) n=2704, refcount: 1>
refcount: 1>
new_DM -- step:    30
Re-using DM from previous geometries...
Number of DMs in history: 1
 DM extrapolation coefficients: 
1   1.00000
New DM after history re-use:
<dSpData2D:SpM extrapolated using coords
  <sparsity:sparsity for geom step 29
    nrows_g=52 nrows=52 sparsity=1.0000 nnzs=2704, refcount: 9>
  <dData2D:(temp array for extrapolation) n=2704 m=1, refcount: 1>
refcount: 1>
Note: For starting DM, Qtot, Tr[D*S] =         16.00000000         16.24467346
No. of atoms with KB's overlaping orbs in proc 0. Max # of overlaps:       4      52

InitMesh: MESH = 120 x 120 x 120 = 1728000
InitMesh: Mesh cutoff (required, used) =   300.000   308.121 Ry
New grid distribution [1]: sub = 2

        iscf     Eharris(eV)        E_KS(eV)     FreeEng(eV)     dDmax    Ef(eV) dHmax(eV)
   scf:    1     -638.346521     -639.166952     -639.168758  0.128111 -5.600039  1.399352
   scf:    2     -633.025884     -637.270226     -637.270468  0.109750 -5.237716  4.743938
   scf:    3     -639.588277     -639.240675     -639.242082  0.092040 -5.535765  0.404397
   scf:    4     -639.249323     -639.246728     -639.248043  0.008217 -5.495796  0.210880
   scf:    5     -639.250505     -639.249040     -639.250260  0.004423 -5.456066  0.105154
   scf:    6     -639.251097     -639.250539     -639.251747  0.005994 -5.440652  0.041625
   scf:    7     -639.250130     -639.250669     -639.251817  0.002184 -5.436716  0.056614
   scf:    8     -639.250892     -639.250814     -639.251938  0.000880 -5.435212  0.052476
   scf:    9     -639.251154     -639.251073     -639.252163  0.001591 -5.433335  0.005006
   scf:   10     -639.251077     -639.251075     -639.252165  0.000072 -5.433370  0.004432
   scf:   11     -639.251083     -639.251079     -639.252167  0.000053 -5.433766  0.003661
   scf:   12     -639.251085     -639.251082     -639.252170  0.000081 -5.434117  0.002639
   scf:   13     -639.251092     -639.251088     -639.252172  0.000131 -5.433894  0.000722
   scf:   14     -639.251087     -639.251088     -639.252172  0.000004 -5.433915  0.000647

SCF Convergence by DM+H criterion
max |DM_out - DM_in|         :     0.0000035009
max |H_out - H_in|      (eV) :     0.0006474917
SCF cycle converged after 14 iterations

Using DM_out to compute the final energy and forces
No. of atoms with KB's overlaping orbs in proc 0. Max # of overlaps:       4      52

siesta: E_KS(eV) =             -639.2511

siesta: Atomic forces (eV/Ang):
----------------------------------------
   Tot   -0.000273    0.001309   -0.001532
----------------------------------------
   Max    3.768220
   Res    1.751283    sqrt( Sum f_i^2 / 3N )
----------------------------------------
   Max    3.768220    constrained

Stress tensor Voigt[x,y,z,yz,xz,xy] (kbar):        0.19       -6.16        0.59        2.24       -0.42       -1.09
(Free)E + p*V (eV/cell)     -637.7715
Target enthalpy (eV/cell)     -639.2522

siesta: Stress tensor (static) (eV/Ang**3):
         0.000117   -0.000679   -0.000262
        -0.000679   -0.003844    0.001400
        -0.000262    0.001400    0.000369

siesta: Pressure (static):          1.79290768  kBar

siesta: Stress tensor (total) (eV/Ang**3):
         0.000117   -0.000679   -0.000262
        -0.000679   -0.003844    0.001400
        -0.000262    0.001400    0.000369

siesta: Pressure (total):          1.79290768  kBar

                     ====================================
                        Begin CG opt. move =     30
                     ====================================
k-point displ. along   3 input, could be:     0.00    0.50
 Kpoints in:          480 . Kpoints trimmed:          458

siesta: k-grid: Number of k-points = 458
siesta: k-points from Monkhorst-Pack grid
siesta: k-cutoff (effective) =    20.872 Ang
siesta: k-point supercell and displacements
siesta: k-grid:    15     0     0      0.000
siesta: k-grid:     0    15     0      0.000
siesta: k-grid:     0     0     4      0.000

outcell: Unit cell vectors (Ang):
       11.167579    0.022540   -0.350731
        0.022923   11.383165    0.185024
       -0.434027    0.225141   10.424350

outcell: Cell vector modules (Ang)   :   11.173108   11.384691   10.435811
outcell: Cell angles (23,13,12) (deg):     87.8382     94.1796     89.7983
outcell: Cell volume (Ang**3)        :   1322.9613
<dSpData1D:S at geom step 30
  <sparsity:sparsity for geom step 30
    nrows_g=52 nrows=52 sparsity=1.0000 nnzs=2704, refcount: 7>
  <dData1D:(new from dSpData1D) n=2704, refcount: 1>
refcount: 1>
new_DM -- step:    31
Re-using DM from previous geometries...
Number of DMs in history: 1
 DM extrapolation coefficients: 
1   1.00000
New DM after history re-use:
<dSpData2D:SpM extrapolated using coords
  <sparsity:sparsity for geom step 30
    nrows_g=52 nrows=52 sparsity=1.0000 nnzs=2704, refcount: 9>
  <dData2D:(temp array for extrapolation) n=2704 m=1, refcount: 1>
refcount: 1>
Note: For starting DM, Qtot, Tr[D*S] =         16.00000000         15.88108135
No. of atoms with KB's overlaping orbs in proc 0. Max # of overlaps:       4      52

InitMesh: MESH = 120 x 120 x 120 = 1728000
InitMesh: Mesh cutoff (required, used) =   300.000   307.509 Ry
New grid distribution [1]: sub = 2

        iscf     Eharris(eV)        E_KS(eV)     FreeEng(eV)     dDmax    Ef(eV) dHmax(eV)
   scf:    1     -639.558138     -639.272561     -639.273180  0.055145 -5.240753  0.676348
   scf:    2     -637.256726     -638.644218     -638.645210  0.079309 -5.353020  2.905449
   scf:    3     -639.395111     -639.292822     -639.293533  0.069039 -5.266021  0.159409
   scf:    4     -639.293947     -639.293776     -639.294544  0.004859 -5.285365  0.109995
   scf:    5     -639.294547     -639.294200     -639.294995  0.001649 -5.297142  0.055543
   scf:    6     -639.294585     -639.294484     -639.295304  0.002695 -5.309405  0.022228
   scf:    7     -639.294327     -639.294485     -639.295315  0.001037 -5.310178  0.030359
   scf:    8     -639.294436     -639.294508     -639.295377  0.001099 -5.312601  0.012444
   scf:    9     -639.294526     -639.294523     -639.295388  0.000449 -5.312434  0.001780
   scf:   10     -639.294522     -639.294522     -639.295389  0.000021 -5.312427  0.001656
   scf:   11     -639.294515     -639.294519     -639.295390  0.000078 -5.312230  0.000695

SCF Convergence by DM+H criterion
max |DM_out - DM_in|         :     0.0000781644
max |H_out - H_in|      (eV) :     0.0006954991
SCF cycle converged after 11 iterations

Using DM_out to compute the final energy and forces
No. of atoms with KB's overlaping orbs in proc 0. Max # of overlaps:       4      52

siesta: E_KS(eV) =             -639.2945

siesta: Atomic forces (eV/Ang):
----------------------------------------
   Tot   -0.001024    0.002284   -0.001606
----------------------------------------
   Max    1.980416
   Res    1.213824    sqrt( Sum f_i^2 / 3N )
----------------------------------------
   Max    1.980416    constrained

Stress tensor Voigt[x,y,z,yz,xz,xy] (kbar):        2.41       -2.73        0.91        1.92        0.41        0.25
(Free)E + p*V (eV/cell)     -639.4597
Target enthalpy (eV/cell)     -639.2954

siesta: Stress tensor (static) (eV/Ang**3):
         0.001507    0.000157    0.000256
         0.000157   -0.001705    0.001199
         0.000256    0.001199    0.000571

siesta: Pressure (static):         -0.19899137  kBar

siesta: Stress tensor (total) (eV/Ang**3):
         0.001507    0.000157    0.000256
         0.000157   -0.001705    0.001199
         0.000256    0.001199    0.000571

siesta: Pressure (total):         -0.19899137  kBar

cgvc: Finished line minimization    6.  Mean atomic displacement =    0.1753

                     ====================================
                        Begin CG opt. move =     31
                     ====================================
k-point displ. along   3 input, could be:     0.00    0.50
 Kpoints in:          480 . Kpoints trimmed:          458

siesta: k-grid: Number of k-points = 458
siesta: k-points from Monkhorst-Pack grid
siesta: k-cutoff (effective) =    20.898 Ang
siesta: k-point supercell and displacements
siesta: k-grid:    15     0     0      0.000
siesta: k-grid:     0    15     0      0.000
siesta: k-grid:     0     0     4      0.000

outcell: Unit cell vectors (Ang):
       11.113181    0.012180   -0.360517
        0.012387   11.412007    0.150924
       -0.446136    0.183647   10.437639

outcell: Cell vector modules (Ang)   :   11.119034   11.413011   10.448784
outcell: Cell angles (23,13,12) (deg):     88.2386     94.3038     89.8997
outcell: Cell volume (Ang**3)        :   1321.5933
<dSpData1D:S at geom step 31
  <sparsity:sparsity for geom step 31
    nrows_g=52 nrows=52 sparsity=1.0000 nnzs=2704, refcount: 7>
  <dData1D:(new from dSpData1D) n=2704, refcount: 1>
refcount: 1>
new_DM -- step:    32
Re-using DM from previous geometries...
Number of DMs in history: 1
 DM extrapolation coefficients: 
1   1.00000
New DM after history re-use:
<dSpData2D:SpM extrapolated using coords
  <sparsity:sparsity for geom step 31
    nrows_g=52 nrows=52 sparsity=1.0000 nnzs=2704, refcount: 9>
  <dData2D:(temp array for extrapolation) n=2704 m=1, refcount: 1>
refcount: 1>
Note: For starting DM, Qtot, Tr[D*S] =         16.00000000         16.10699595
No. of atoms with KB's overlaping orbs in proc 0. Max # of overlaps:       4      52

InitMesh: MESH = 120 x 120 x 120 = 1728000
InitMesh: Mesh cutoff (required, used) =   300.000   305.831 Ry
New grid distribution [1]: sub = 2

        iscf     Eharris(eV)        E_KS(eV)     FreeEng(eV)     dDmax    Ef(eV) dHmax(eV)
   scf:    1     -622.280621     -633.648729     -633.648745  0.313242 -5.324814  7.919616
   scf:    2     -258.381806     -517.879825     -517.879825  0.969682 -4.072897 39.648321
   scf:    3     -666.573514     -638.117919     -638.118112  0.852208 -5.255899  2.914577
   scf:    4     -638.460110     -638.299077     -638.299307  0.024450 -5.265360  2.387488
   scf:    5     -638.840886     -638.706245     -638.706842  0.111044 -5.270285  0.552263
   scf:    6     -638.628365     -638.698640     -638.699474  0.044001 -5.263902  0.726751
   scf:    7     -638.747216     -638.734736     -638.736185  0.037322 -5.223614  0.248204
   scf:    8     -638.736923     -638.737243     -638.739078  0.005599 -5.205270  0.118472
   scf:    9     -638.736164     -638.738106     -638.739609  0.006603 -5.212841  0.082080
   scf:   10     -638.734454     -638.736534     -638.738080  0.004283 -5.212751  0.172769
   scf:   11     -638.737480     -638.738753     -638.740652  0.011553 -5.216597  0.038864
   scf:   12     -638.738938     -638.738920     -638.740813  0.002480 -5.216105  0.006783
   scf:   13     -638.738902     -638.738911     -638.740815  0.000092 -5.216183  0.005149
   scf:   14     -638.738867     -638.738889     -638.740820  0.000250 -5.216352  0.003866
   scf:   15     -638.738891     -638.738890     -638.740823  0.000116 -5.216442  0.003707
   scf:   16     -638.738895     -638.738893     -638.740824  0.000102 -5.216543  0.003707
   scf:   17     -638.738896     -638.738894     -638.740824  0.000090 -5.216740  0.002515
   scf:   18     -638.738894     -638.738894     -638.740825  0.000033 -5.216907  0.002080
   scf:   19     -638.738889     -638.738892     -638.740825  0.000045 -5.217109  0.002091
   scf:   20     -638.738863     -638.738877     -638.740825  0.000094 -5.217469  0.000386

SCF Convergence by DM+H criterion
max |DM_out - DM_in|         :     0.0000937298
max |H_out - H_in|      (eV) :     0.0003860817
SCF cycle converged after 20 iterations

Using DM_out to compute the final energy and forces
No. of atoms with KB's overlaping orbs in proc 0. Max # of overlaps:       4      52

siesta: E_KS(eV) =             -638.7389

siesta: Atomic forces (eV/Ang):
----------------------------------------
   Tot   -0.001264   -0.002250    0.000332
----------------------------------------
   Max    7.960286
   Res    4.345790    sqrt( Sum f_i^2 / 3N )
----------------------------------------
   Max    7.960286    constrained

Stress tensor Voigt[x,y,z,yz,xz,xy] (kbar):       -9.39        0.17       -2.76       -3.77       -3.57       -6.91
(Free)E + p*V (eV/cell)     -635.4483
Target enthalpy (eV/cell)     -638.7408

siesta: Stress tensor (static) (eV/Ang**3):
        -0.005861   -0.004314   -0.002226
        -0.004314    0.000108   -0.002351
        -0.002226   -0.002351   -0.001721

siesta: Pressure (static):          3.99160428  kBar

siesta: Stress tensor (total) (eV/Ang**3):
        -0.005861   -0.004314   -0.002226
        -0.004314    0.000108   -0.002351
        -0.002226   -0.002351   -0.001721

siesta: Pressure (total):          3.99160428  kBar

                     ====================================
                        Begin CG opt. move =     32
                     ====================================
k-point displ. along   3 input, could be:     0.00    0.50
 Kpoints in:          480 . Kpoints trimmed:          458

siesta: k-grid: Number of k-points = 458
siesta: k-points from Monkhorst-Pack grid
siesta: k-cutoff (effective) =    20.878 Ang
siesta: k-point supercell and displacements
siesta: k-grid:    15     0     0      0.000
siesta: k-grid:     0    15     0      0.000
siesta: k-grid:     0     0     4      0.000

outcell: Unit cell vectors (Ang):
       11.153550    0.019869   -0.353255
        0.020206   11.390603    0.176230
       -0.437150    0.214440   10.427777

outcell: Cell vector modules (Ang)   :   11.159161   11.391984   10.439139
outcell: Cell angles (23,13,12) (deg):     87.9416     94.2116     89.8245
outcell: Cell volume (Ang**3)        :   1322.6161
<dSpData1D:S at geom step 32
  <sparsity:sparsity for geom step 32
    nrows_g=52 nrows=52 sparsity=1.0000 nnzs=2704, refcount: 7>
  <dData1D:(new from dSpData1D) n=2704, refcount: 1>
refcount: 1>
new_DM -- step:    33
Re-using DM from previous geometries...
Number of DMs in history: 1
 DM extrapolation coefficients: 
1   1.00000
New DM after history re-use:
<dSpData2D:SpM extrapolated using coords
  <sparsity:sparsity for geom step 32
    nrows_g=52 nrows=52 sparsity=1.0000 nnzs=2704, refcount: 9>
  <dData2D:(temp array for extrapolation) n=2704 m=1, refcount: 1>
refcount: 1>
Note: For starting DM, Qtot, Tr[D*S] =         16.00000000         15.83417868
No. of atoms with KB's overlaping orbs in proc 0. Max # of overlaps:       4      52

InitMesh: MESH = 120 x 120 x 120 = 1728000
InitMesh: Mesh cutoff (required, used) =   300.000   307.072 Ry
New grid distribution [1]: sub = 2

        iscf     Eharris(eV)        E_KS(eV)     FreeEng(eV)     dDmax    Ef(eV) dHmax(eV)
   scf:    1     -628.121573     -635.600214     -635.601176  0.224894 -5.142751  6.948112
   scf:    2     -272.632420     -522.038380     -522.038380  0.983647 -4.459029 41.101450
   scf:    3     -658.147124     -639.333166     -639.333662  0.889526 -5.187433  0.878540
   scf:    4     -639.376015     -639.355927     -639.356487  0.007479 -5.194963  0.767190
   scf:    5     -639.409114     -639.394109     -639.394866  0.021102 -5.226032  0.313054
   scf:    6     -639.399730     -639.400720     -639.401506  0.013209 -5.258917  0.288627
   scf:    7     -639.328970     -639.381695     -639.382649  0.022773 -5.298177  0.617586
   scf:    8     -639.402032     -639.406264     -639.406970  0.023045 -5.282772  0.087328
   scf:    9     -639.405288     -639.406584     -639.407338  0.004734 -5.288429  0.087531
   scf:   10     -639.407178     -639.406938     -639.407696  0.001522 -5.289857  0.035363
   scf:   11     -639.407033     -639.407017     -639.407768  0.001039 -5.289197  0.003200
   scf:   12     -639.407019     -639.407018     -639.407769  0.000055 -5.289348  0.003018
   scf:   13     -639.407022     -639.407020     -639.407771  0.000127 -5.289705  0.002485
   scf:   14     -639.407020     -639.407020     -639.407772  0.000034 -5.289659  0.001749
   scf:   15     -639.407018     -639.407019     -639.407773  0.000108 -5.289420  0.001368
   scf:   16     -639.407019     -639.407019     -639.407773  0.000053 -5.289437  0.000592

SCF Convergence by DM+H criterion
max |DM_out - DM_in|         :     0.0000534326
max |H_out - H_in|      (eV) :     0.0005923462
SCF cycle converged after 16 iterations

Using DM_out to compute the final energy and forces
No. of atoms with KB's overlaping orbs in proc 0. Max # of overlaps:       4      52

siesta: E_KS(eV) =             -639.4070

siesta: Atomic forces (eV/Ang):
----------------------------------------
   Tot   -0.000874    0.001365   -0.002490
----------------------------------------
   Max    1.059711
   Res    0.562864    sqrt( Sum f_i^2 / 3N )
----------------------------------------
   Max    1.059711    constrained

Stress tensor Voigt[x,y,z,yz,xz,xy] (kbar):        0.04       -0.93        0.05        0.54       -0.30       -1.02
(Free)E + p*V (eV/cell)     -639.1766
Target enthalpy (eV/cell)     -639.4078

siesta: Stress tensor (static) (eV/Ang**3):
         0.000026   -0.000638   -0.000188
        -0.000638   -0.000580    0.000337
        -0.000188    0.000336    0.000030

siesta: Pressure (static):          0.27999060  kBar

siesta: Stress tensor (total) (eV/Ang**3):
         0.000026   -0.000638   -0.000188
        -0.000638   -0.000580    0.000337
        -0.000188    0.000336    0.000030

siesta: Pressure (total):          0.27999060  kBar

cgvc: Finished line minimization    7.  Mean atomic displacement =    0.0452

                     ====================================
                        Begin CG opt. move =     33
                     ====================================
k-point displ. along   3 input, could be:     0.00    0.50
 Kpoints in:          480 . Kpoints trimmed:          458

siesta: k-grid: Number of k-points = 458
siesta: k-points from Monkhorst-Pack grid
siesta: k-cutoff (effective) =    20.877 Ang
siesta: k-point supercell and displacements
siesta: k-grid:    15     0     0      0.000
siesta: k-grid:     0    15     0      0.000
siesta: k-grid:     0     0     4      0.000

outcell: Unit cell vectors (Ang):
       11.152856    0.029237   -0.350528
        0.029733   11.399488    0.170983
       -0.433775    0.208055   10.427306

outcell: Cell vector modules (Ang)   :   11.158402   11.400809   10.438399
outcell: Cell angles (23,13,12) (deg):     88.0056     94.1785     89.7275
outcell: Cell volume (Ang**3)        :   1323.5514
<dSpData1D:S at geom step 33
  <sparsity:sparsity for geom step 33
    nrows_g=52 nrows=52 sparsity=1.0000 nnzs=2704, refcount: 7>
  <dData1D:(new from dSpData1D) n=2704, refcount: 1>
refcount: 1>
new_DM -- step:    34
Re-using DM from previous geometries...
Number of DMs in history: 1
 DM extrapolation coefficients: 
1   1.00000
New DM after history re-use:
<dSpData2D:SpM extrapolated using coords
  <sparsity:sparsity for geom step 33
    nrows_g=52 nrows=52 sparsity=1.0000 nnzs=2704, refcount: 9>
  <dData2D:(temp array for extrapolation) n=2704 m=1, refcount: 1>
refcount: 1>
Note: For starting DM, Qtot, Tr[D*S] =         16.00000000         15.97875547
No. of atoms with KB's overlaping orbs in proc 0. Max # of overlaps:       4      52

InitMesh: MESH = 120 x 120 x 120 = 1728000
InitMesh: Mesh cutoff (required, used) =   300.000   306.579 Ry
New grid distribution [1]: sub = 2

        iscf     Eharris(eV)        E_KS(eV)     FreeEng(eV)     dDmax    Ef(eV) dHmax(eV)
   scf:    1     -639.523944     -639.461346     -639.461656  0.044158 -5.170704  0.438906
   scf:    2     -638.198806     -639.068781     -639.070698  0.102790 -5.207184  2.201957
   scf:    3     -639.535628     -639.475146     -639.475595  0.089454 -5.176886  0.039302
   scf:    4     -639.475305     -639.475266     -639.475741  0.000699 -5.177456  0.030137
   scf:    5     -639.474912     -639.475309     -639.475836  0.002584 -5.177231  0.052606
   scf:    6     -639.475481     -639.475520     -639.476072  0.002763 -5.177956  0.012319
   scf:    7     -639.475425     -639.475496     -639.476057  0.000942 -5.178477  0.014421
   scf:    8     -639.475529     -639.475515     -639.476075  0.000317 -5.178473  0.009707
   scf:    9     -639.475499     -639.475512     -639.476090  0.000729 -5.179384  0.001037
   scf:   10     -639.475511     -639.475511     -639.476090  0.000005 -5.179378  0.000978

SCF Convergence by DM+H criterion
max |DM_out - DM_in|         :     0.0000048465
max |H_out - H_in|      (eV) :     0.0009776678
SCF cycle converged after 10 iterations

Using DM_out to compute the final energy and forces
No. of atoms with KB's overlaping orbs in proc 0. Max # of overlaps:       4      52

siesta: E_KS(eV) =             -639.4755

siesta: Atomic forces (eV/Ang):
----------------------------------------
   Tot   -0.000942    0.000072   -0.001358
----------------------------------------
   Max    0.774093
   Res    0.479145    sqrt( Sum f_i^2 / 3N )
----------------------------------------
   Max    0.774093    constrained

Stress tensor Voigt[x,y,z,yz,xz,xy] (kbar):        0.84        0.37       -0.78        0.42        0.19       -0.24
(Free)E + p*V (eV/cell)     -639.5925
Target enthalpy (eV/cell)     -639.4761

siesta: Stress tensor (static) (eV/Ang**3):
         0.000523   -0.000149    0.000120
        -0.000149    0.000229    0.000260
         0.000120    0.000260   -0.000488

siesta: Pressure (static):         -0.14092515  kBar

siesta: Stress tensor (total) (eV/Ang**3):
         0.000523   -0.000149    0.000120
        -0.000149    0.000229    0.000260
         0.000120    0.000260   -0.000488

siesta: Pressure (total):         -0.14092515  kBar

                     ====================================
                        Begin CG opt. move =     34
                     ====================================
k-point displ. along   3 input, could be:     0.00    0.50
 Kpoints in:          480 . Kpoints trimmed:          458

siesta: k-grid: Number of k-points = 458
siesta: k-points from Monkhorst-Pack grid
siesta: k-cutoff (effective) =    20.874 Ang
siesta: k-point supercell and displacements
siesta: k-grid:    15     0     0      0.000
siesta: k-grid:     0    15     0      0.000
siesta: k-grid:     0     0     4      0.000

outcell: Unit cell vectors (Ang):
       11.151746    0.044226   -0.346164
        0.044977   11.413704    0.162587
       -0.428375    0.197839   10.426553

outcell: Cell vector modules (Ang)   :   11.157205   11.414951   10.437224
outcell: Cell angles (23,13,12) (deg):     88.1077     94.1255     89.5726
outcell: Cell volume (Ang**3)        :   1325.0419
<dSpData1D:S at geom step 34
  <sparsity:sparsity for geom step 34
    nrows_g=52 nrows=52 sparsity=1.0000 nnzs=2704, refcount: 7>
  <dData1D:(new from dSpData1D) n=2704, refcount: 1>
refcount: 1>
new_DM -- step:    35
Re-using DM from previous geometries...
Number of DMs in history: 1
 DM extrapolation coefficients: 
1   1.00000
New DM after history re-use:
<dSpData2D:SpM extrapolated using coords
  <sparsity:sparsity for geom step 34
    nrows_g=52 nrows=52 sparsity=1.0000 nnzs=2704, refcount: 9>
  <dData2D:(temp array for extrapolation) n=2704 m=1, refcount: 1>
refcount: 1>
Note: For starting DM, Qtot, Tr[D*S] =         16.00000000         15.94957649
No. of atoms with KB's overlaping orbs in proc 0. Max # of overlaps:       4      52

InitMesh: MESH = 120 x 120 x 120 = 1728000
InitMesh: Mesh cutoff (required, used) =   300.000   305.796 Ry
New grid distribution [1]: sub = 2

        iscf     Eharris(eV)        E_KS(eV)     FreeEng(eV)     dDmax    Ef(eV) dHmax(eV)
   scf:    1     -639.584092     -639.450765     -639.450929  0.061448 -4.989665  0.578424
   scf:    2     -637.664368     -638.900622     -638.903418  0.102994 -5.024031  2.706321
   scf:    3     -639.569151     -639.474743     -639.475036  0.088318 -4.995399  0.060188
   scf:    4     -639.475248     -639.475030     -639.475343  0.000933 -4.995644  0.048903
   scf:    5     -639.476042     -639.475636     -639.475993  0.001712 -4.995587  0.036863
   scf:    6     -639.475876     -639.475797     -639.476202  0.001371 -4.996876  0.010870
   scf:    7     -639.475742     -639.475782     -639.476209  0.001023 -4.999194  0.014378
   scf:    8     -639.475794     -639.475790     -639.476219  0.000242 -4.999368  0.008161
   scf:    9     -639.475799     -639.475797     -639.476225  0.000374 -4.999223  0.001516
   scf:   10     -639.475797     -639.475797     -639.476225  0.000009 -4.999220  0.001399
   scf:   11     -639.475789     -639.475793     -639.476226  0.000074 -4.999067  0.000405

SCF Convergence by DM+H criterion
max |DM_out - DM_in|         :     0.0000738499
max |H_out - H_in|      (eV) :     0.0004045082
SCF cycle converged after 11 iterations

Using DM_out to compute the final energy and forces
No. of atoms with KB's overlaping orbs in proc 0. Max # of overlaps:       4      52

siesta: E_KS(eV) =             -639.4758

siesta: Atomic forces (eV/Ang):
----------------------------------------
   Tot   -0.000066    0.001181   -0.004507
----------------------------------------
   Max    2.022589
   Res    1.146231    sqrt( Sum f_i^2 / 3N )
----------------------------------------
   Max    2.022589    constrained

Stress tensor Voigt[x,y,z,yz,xz,xy] (kbar):        1.96        2.63       -2.28        0.30        0.84        1.16
(Free)E + p*V (eV/cell)     -640.1114
Target enthalpy (eV/cell)     -639.4762

siesta: Stress tensor (static) (eV/Ang**3):
         0.001221    0.000726    0.000524
         0.000726    0.001643    0.000185
         0.000524    0.000185   -0.001425

siesta: Pressure (static):         -0.76808109  kBar

siesta: Stress tensor (total) (eV/Ang**3):
         0.001221    0.000726    0.000524
         0.000726    0.001643    0.000185
         0.000524    0.000185   -0.001425

siesta: Pressure (total):         -0.76808109  kBar

                     ====================================
                        Begin CG opt. move =     35
                     ====================================
k-point displ. along   3 input, could be:     0.00    0.50
 Kpoints in:          480 . Kpoints trimmed:          458

siesta: k-grid: Number of k-points = 458
siesta: k-points from Monkhorst-Pack grid
siesta: k-cutoff (effective) =    20.876 Ang
siesta: k-point supercell and displacements
siesta: k-grid:    15     0     0      0.000
siesta: k-grid:     0    15     0      0.000
siesta: k-grid:     0     0     4      0.000

outcell: Unit cell vectors (Ang):
       11.152305    0.036678   -0.348361
        0.037301   11.406546    0.166815
       -0.431094    0.202983   10.426932

outcell: Cell vector modules (Ang)   :   11.157805   11.407826   10.437814
outcell: Cell angles (23,13,12) (deg):     88.0563     94.1522     89.6506
outcell: Cell volume (Ang**3)        :   1324.2923
<dSpData1D:S at geom step 35
  <sparsity:sparsity for geom step 35
    nrows_g=52 nrows=52 sparsity=1.0000 nnzs=2704, refcount: 7>
  <dData1D:(new from dSpData1D) n=2704, refcount: 1>
refcount: 1>
new_DM -- step:    36
Re-using DM from previous geometries...
Number of DMs in history: 1
 DM extrapolation coefficients: 
1   1.00000
New DM after history re-use:
<dSpData2D:SpM extrapolated using coords
  <sparsity:sparsity for geom step 35
    nrows_g=52 nrows=52 sparsity=1.0000 nnzs=2704, refcount: 9>
  <dData2D:(temp array for extrapolation) n=2704 m=1, refcount: 1>
refcount: 1>
Note: For starting DM, Qtot, Tr[D*S] =         16.00000000         16.01898620
No. of atoms with KB's overlaping orbs in proc 0. Max # of overlaps:       4      52

InitMesh: MESH = 120 x 120 x 120 = 1728000
InitMesh: Mesh cutoff (required, used) =   300.000   306.190 Ry
New grid distribution [1]: sub = 2

        iscf     Eharris(eV)        E_KS(eV)     FreeEng(eV)     dDmax    Ef(eV) dHmax(eV)
   scf:    1     -639.417907     -639.484687     -639.485457  0.034157 -5.100900  0.344950
   scf:    2     -638.864405     -639.293889     -639.294017  0.071540 -5.065312  1.511434
   scf:    3     -639.530660     -639.492708     -639.493281  0.058662 -5.094067  0.069957
   scf:    4     -639.490800     -639.492486     -639.493053  0.005485 -5.093073  0.078285
   scf:    5     -639.492092     -639.492295     -639.492864  0.000551 -5.093105  0.086769
   scf:    6     -639.493230     -639.493235     -639.493750  0.005306 -5.090601  0.013436
   scf:    7     -639.493204     -639.493252     -639.493758  0.001060 -5.089981  0.012865
   scf:    8     -639.493258     -639.493256     -639.493762  0.000127 -5.090084  0.012177
   scf:    9     -639.493301     -639.493284     -639.493780  0.000686 -5.089763  0.001446
   scf:   10     -639.493286     -639.493285     -639.493780  0.000048 -5.089753  0.000620

SCF Convergence by DM+H criterion
max |DM_out - DM_in|         :     0.0000476990
max |H_out - H_in|      (eV) :     0.0006199696
SCF cycle converged after 10 iterations

Using DM_out to compute the final energy and forces
No. of atoms with KB's overlaping orbs in proc 0. Max # of overlaps:       4      52

siesta: E_KS(eV) =             -639.4933

siesta: Atomic forces (eV/Ang):
----------------------------------------
   Tot   -0.000314    0.000593   -0.001666
----------------------------------------
   Max    1.225596
   Res    0.753586    sqrt( Sum f_i^2 / 3N )
----------------------------------------
   Max    1.225596    constrained

Stress tensor Voigt[x,y,z,yz,xz,xy] (kbar):        1.42        1.47       -1.51        0.34        0.54        0.44
(Free)E + p*V (eV/cell)     -639.8756
Target enthalpy (eV/cell)     -639.4938

siesta: Stress tensor (static) (eV/Ang**3):
         0.000885    0.000275    0.000337
         0.000276    0.000920    0.000214
         0.000337    0.000214   -0.000939

siesta: Pressure (static):         -0.46188379  kBar

siesta: Stress tensor (total) (eV/Ang**3):
         0.000885    0.000275    0.000337
         0.000276    0.000920    0.000214
         0.000337    0.000214   -0.000939

siesta: Pressure (total):         -0.46188379  kBar

cgvc: Finished line minimization    8.  Mean atomic displacement =    0.0811

                     ====================================
                        Begin CG opt. move =     36
                     ====================================
k-point displ. along   3 input, could be:     0.00    0.50
 Kpoints in:          480 . Kpoints trimmed:          458

siesta: k-grid: Number of k-points = 458
siesta: k-points from Monkhorst-Pack grid
siesta: k-cutoff (effective) =    20.905 Ang
siesta: k-point supercell and displacements
siesta: k-grid:    15     0     0      0.000
siesta: k-grid:     0    15     0      0.000
siesta: k-grid:     0     0     4      0.000

outcell: Unit cell vectors (Ang):
       11.139583    0.046124   -0.349024
        0.046908   11.406550    0.156586
       -0.431914    0.190537   10.441716

outcell: Cell vector modules (Ang)   :   11.145145   11.407721   10.452382
outcell: Cell angles (23,13,12) (deg):     88.1794     94.1582     89.5521
outcell: Cell volume (Ang**3)        :   1324.6877
<dSpData1D:S at geom step 36
  <sparsity:sparsity for geom step 36
    nrows_g=52 nrows=52 sparsity=1.0000 nnzs=2704, refcount: 7>
  <dData1D:(new from dSpData1D) n=2704, refcount: 1>
refcount: 1>
new_DM -- step:    37
Re-using DM from previous geometries...
Number of DMs in history: 1
 DM extrapolation coefficients: 
1   1.00000
New DM after history re-use:
<dSpData2D:SpM extrapolated using coords
  <sparsity:sparsity for geom step 36
    nrows_g=52 nrows=52 sparsity=1.0000 nnzs=2704, refcount: 9>
  <dData2D:(temp array for extrapolation) n=2704 m=1, refcount: 1>
refcount: 1>
Note: For starting DM, Qtot, Tr[D*S] =         16.00000000         16.05723073
No. of atoms with KB's overlaping orbs in proc 0. Max # of overlaps:       4      52

InitMesh: MESH = 120 x 120 x 120 = 1728000
InitMesh: Mesh cutoff (required, used) =   300.000   306.161 Ry
New grid distribution [1]: sub = 2

        iscf     Eharris(eV)        E_KS(eV)     FreeEng(eV)     dDmax    Ef(eV) dHmax(eV)
   scf:    1     -639.511652     -639.580711     -639.581478  0.052613 -5.148982  0.449746
   scf:    2     -637.992777     -639.079982     -639.080412  0.146968 -5.005452  1.844989
   scf:    3     -639.669102     -639.592103     -639.592901  0.126746 -5.122503  0.199844
   scf:    4     -639.594513     -639.593833     -639.594708  0.003661 -5.103906  0.093807
   scf:    5     -639.593895     -639.594012     -639.594938  0.003864 -5.090629  0.052162
   scf:    6     -639.594226     -639.594292     -639.595274  0.002199 -5.084942  0.013754
   scf:    7     -639.594204     -639.594301     -639.595279  0.001735 -5.084335  0.027642
   scf:    8     -639.594355     -639.594338     -639.595325  0.000622 -5.083727  0.011246
   scf:    9     -639.594318     -639.594332     -639.595340  0.000310 -5.082884  0.001778
   scf:   10     -639.594331     -639.594332     -639.595340  0.000040 -5.082891  0.001600
   scf:   11     -639.594317     -639.594324     -639.595341  0.000101 -5.083097  0.000511
   scf:   12     -639.594324     -639.594324     -639.595341  0.000005 -5.083095  0.000417

SCF Convergence by DM+H criterion
max |DM_out - DM_in|         :     0.0000048420
max |H_out - H_in|      (eV) :     0.0004173562
SCF cycle converged after 12 iterations

Using DM_out to compute the final energy and forces
No. of atoms with KB's overlaping orbs in proc 0. Max # of overlaps:       4      52

siesta: E_KS(eV) =             -639.5943

siesta: Atomic forces (eV/Ang):
----------------------------------------
   Tot    0.000274    0.002418   -0.004722
----------------------------------------
   Max    1.357211
   Res    0.584949    sqrt( Sum f_i^2 / 3N )
----------------------------------------
   Max    1.357211    constrained

Stress tensor Voigt[x,y,z,yz,xz,xy] (kbar):        0.72        0.37       -2.35        0.62        0.21        0.30
(Free)E + p*V (eV/cell)     -639.2486
Target enthalpy (eV/cell)     -639.5953

siesta: Stress tensor (static) (eV/Ang**3):
         0.000450    0.000185    0.000133
         0.000185    0.000229    0.000388
         0.000133    0.000388   -0.001464

siesta: Pressure (static):          0.41935451  kBar

siesta: Stress tensor (total) (eV/Ang**3):
         0.000450    0.000185    0.000133
         0.000185    0.000229    0.000388
         0.000133    0.000388   -0.001464

siesta: Pressure (total):          0.41935451  kBar

                     ====================================
                        Begin CG opt. move =     37
                     ====================================
k-point displ. along   3 input, could be:     0.00    0.50
 Kpoints in:          480 . Kpoints trimmed:          458

siesta: k-grid: Number of k-points = 458
siesta: k-points from Monkhorst-Pack grid
siesta: k-cutoff (effective) =    20.951 Ang
siesta: k-point supercell and displacements
siesta: k-grid:    15     0     0      0.000
siesta: k-grid:     0    15     0      0.000
siesta: k-grid:     0     0     4      0.000

outcell: Unit cell vectors (Ang):
       11.119229    0.061237   -0.350084
        0.062277   11.406556    0.140220
       -0.433225    0.170623   10.465370

outcell: Cell vector modules (Ang)   :   11.124907   11.407588   10.475723
outcell: Cell angles (23,13,12) (deg):     88.3760     94.1680     89.3942
outcell: Cell volume (Ang**3)        :   1325.3016
<dSpData1D:S at geom step 37
  <sparsity:sparsity for geom step 37
    nrows_g=52 nrows=52 sparsity=1.0000 nnzs=2704, refcount: 7>
  <dData1D:(new from dSpData1D) n=2704, refcount: 1>
refcount: 1>
new_DM -- step:    38
Re-using DM from previous geometries...
Number of DMs in history: 1
 DM extrapolation coefficients: 
1   1.00000
New DM after history re-use:
<dSpData2D:SpM extrapolated using coords
  <sparsity:sparsity for geom step 37
    nrows_g=52 nrows=52 sparsity=1.0000 nnzs=2704, refcount: 9>
  <dData2D:(temp array for extrapolation) n=2704 m=1, refcount: 1>
refcount: 1>
Note: For starting DM, Qtot, Tr[D*S] =         16.00000000         16.02042169
No. of atoms with KB's overlaping orbs in proc 0. Max # of overlaps:       4      52

InitMesh: MESH = 120 x 120 x 120 = 1728000
InitMesh: Mesh cutoff (required, used) =   300.000   306.123 Ry
New grid distribution [1]: sub = 2

        iscf     Eharris(eV)        E_KS(eV)     FreeEng(eV)     dDmax    Ef(eV) dHmax(eV)
   scf:    1     -639.628657     -639.593347     -639.599962  0.084954 -5.201845  1.032127
   scf:    2     -633.962862     -637.855910     -637.856039  0.143516 -4.961470  4.900548
   scf:    3     -640.028413     -639.658024     -639.662566  0.116182 -5.157919  0.247451
   scf:    4     -639.511462     -639.616368     -639.624682  0.029410 -5.141156  0.769403
   scf:    5     -639.680783     -639.660638     -639.667149  0.019658 -5.126970  0.183257
   scf:    6     -639.662994     -639.663227     -639.669439  0.009180 -5.115611  0.048734
   scf:    7     -639.662962     -639.663236     -639.669676  0.001854 -5.115736  0.028657
   scf:    8     -639.663218     -639.663257     -639.669759  0.001094 -5.114021  0.009679
   scf:    9     -639.663202     -639.663257     -639.669724  0.001493 -5.113944  0.023401
   scf:   10     -639.663051     -639.663184     -639.669811  0.001177 -5.113266  0.002621
   scf:   11     -639.663168     -639.663176     -639.669811  0.000043 -5.113278  0.002419
   scf:   12     -639.663101     -639.663139     -639.669813  0.000143 -5.113548  0.001020
   scf:   13     -639.663139     -639.663139     -639.669813  0.000011 -5.113602  0.000805

SCF Convergence by DM+H criterion
max |DM_out - DM_in|         :     0.0000114834
max |H_out - H_in|      (eV) :     0.0008054360
SCF cycle converged after 13 iterations

Using DM_out to compute the final energy and forces
No. of atoms with KB's overlaping orbs in proc 0. Max # of overlaps:       4      52

siesta: E_KS(eV) =             -639.6631

siesta: Atomic forces (eV/Ang):
----------------------------------------
   Tot   -0.000352    0.001667   -0.002389
----------------------------------------
   Max    0.917028
   Res    0.466413    sqrt( Sum f_i^2 / 3N )
----------------------------------------
   Max    0.917028    constrained

Stress tensor Voigt[x,y,z,yz,xz,xy] (kbar):        0.10       -0.72       -2.49        0.75       -0.26        0.06
(Free)E + p*V (eV/cell)     -638.8108
Target enthalpy (eV/cell)     -639.6698

siesta: Stress tensor (static) (eV/Ang**3):
         0.000061    0.000038   -0.000162
         0.000038   -0.000451    0.000467
        -0.000161    0.000467   -0.001555

siesta: Pressure (static):          1.03847923  kBar

siesta: Stress tensor (total) (eV/Ang**3):
         0.000061    0.000038   -0.000162
         0.000038   -0.000451    0.000467
        -0.000161    0.000467   -0.001555

siesta: Pressure (total):          1.03847923  kBar

                     ====================================
                        Begin CG opt. move =     38
                     ====================================
k-point displ. along   3 input, could be:     0.00    0.50
 Kpoints in:          480 . Kpoints trimmed:          458

siesta: k-grid: Number of k-points = 458
siesta: k-points from Monkhorst-Pack grid
siesta: k-cutoff (effective) =    21.026 Ang
siesta: k-point supercell and displacements
siesta: k-grid:    15     0     0      0.000
siesta: k-grid:     0    15     0      0.000
siesta: k-grid:     0     0     4      0.000

outcell: Unit cell vectors (Ang):
       11.086661    0.085418   -0.351779
        0.086869   11.406567    0.114035
       -0.435324    0.138760   10.503217

outcell: Cell vector modules (Ang)   :   11.092570   11.407468   10.513150
outcell: Cell angles (23,13,12) (deg):     88.6896     94.1844     89.1409
outcell: Cell volume (Ang**3)        :   1326.2360
<dSpData1D:S at geom step 38
  <sparsity:sparsity for geom step 38
    nrows_g=52 nrows=52 sparsity=1.0000 nnzs=2704, refcount: 7>
  <dData1D:(new from dSpData1D) n=2704, refcount: 1>
refcount: 1>
new_DM -- step:    39
Re-using DM from previous geometries...
Number of DMs in history: 1
 DM extrapolation coefficients: 
1   1.00000
New DM after history re-use:
<dSpData2D:SpM extrapolated using coords
  <sparsity:sparsity for geom step 38
    nrows_g=52 nrows=52 sparsity=1.0000 nnzs=2704, refcount: 9>
  <dData2D:(temp array for extrapolation) n=2704 m=1, refcount: 1>
refcount: 1>
Note: For starting DM, Qtot, Tr[D*S] =         16.00000000         15.84870077
No. of atoms with KB's overlaping orbs in proc 0. Max # of overlaps:       4      52

InitMesh: MESH = 120 x 120 x 120 = 1728000
InitMesh: Mesh cutoff (required, used) =   300.000   306.080 Ry
New grid distribution [1]: sub = 2

        iscf     Eharris(eV)        E_KS(eV)     FreeEng(eV)     dDmax    Ef(eV) dHmax(eV)
   scf:    1     -635.435146     -637.985690     -638.014552  0.483590 -5.318582  3.527727
   scf:    2     -566.572601     -616.723551     -616.723551  0.729326 -5.306693 16.145271
   scf:    3     -646.905491     -639.191815     -639.195802  0.314330 -5.278566  1.904153
   scf:    4     -639.510662     -639.365613     -639.374013  0.026335 -5.284195  1.306668
   scf:    5     -638.974909     -639.193392     -639.198726  0.038560 -5.271272  1.990909
   scf:    6     -639.644434     -639.536640     -639.571975  0.075267 -5.265765  0.853529
   scf:    7     -639.379335     -639.482201     -639.504508  0.043150 -5.267210  1.072767
   scf:    8     -638.918020     -639.435984     -639.500940  0.145738 -5.263861  0.822175
   scf:    9     -639.632082     -639.552124     -639.609073  0.042658 -5.264341  0.391870
   scf:   10     -639.586368     -639.595597     -639.636664  0.047854 -5.264313  0.183330
   scf:   11     -639.597773     -639.597639     -639.640739  0.006385 -5.264301  0.073195
   scf:   12     -639.597137     -639.597471     -639.641217  0.003547 -5.266312  0.039611
   scf:   13     -639.597202     -639.597347     -639.641332  0.000624 -5.267217  0.029249
   scf:   14     -639.598111     -639.597742     -639.641282  0.001365 -5.269444  0.031313
   scf:   15     -639.596555     -639.597200     -639.641444  0.001734 -5.270986  0.005783
   scf:   16     -639.596936     -639.597069     -639.641450  0.000340 -5.271223  0.005382
   scf:   17     -639.596815     -639.596943     -639.641456  0.000412 -5.272706  0.001149
   scf:   18     -639.596937     -639.596940     -639.641456  0.000088 -5.272740  0.001099
   scf:   19     -639.596986     -639.596963     -639.641456  0.000206 -5.272791  0.001017
   scf:   20     -639.596967     -639.596965     -639.641456  0.000032 -5.272881  0.000670

SCF Convergence by DM+H criterion
max |DM_out - DM_in|         :     0.0000321367
max |H_out - H_in|      (eV) :     0.0006695926
SCF cycle converged after 20 iterations

Using DM_out to compute the final energy and forces
No. of atoms with KB's overlaping orbs in proc 0. Max # of overlaps:       4      52

siesta: E_KS(eV) =             -639.5970

siesta: Atomic forces (eV/Ang):
----------------------------------------
   Tot   -0.000299   -0.001541   -0.001025
----------------------------------------
   Max    1.112306
   Res    0.629684    sqrt( Sum f_i^2 / 3N )
----------------------------------------
   Max    1.112306    constrained

Stress tensor Voigt[x,y,z,yz,xz,xy] (kbar):       -0.02       -0.30        0.24       -0.01       -0.00       -0.08
(Free)E + p*V (eV/cell)     -639.6188
Target enthalpy (eV/cell)     -639.6415

siesta: Stress tensor (static) (eV/Ang**3):
        -0.000014   -0.000053   -0.000003
        -0.000053   -0.000189   -0.000005
        -0.000003   -0.000006    0.000151

siesta: Pressure (static):          0.02733329  kBar

siesta: Stress tensor (total) (eV/Ang**3):
        -0.000014   -0.000053   -0.000003
        -0.000053   -0.000189   -0.000005
        -0.000003   -0.000006    0.000151

siesta: Pressure (total):          0.02733329  kBar

                     ====================================
                        Begin CG opt. move =     39
                     ====================================
k-point displ. along   3 input, could be:     0.00    0.50
 Kpoints in:          480 . Kpoints trimmed:          458

siesta: k-grid: Number of k-points = 458
siesta: k-points from Monkhorst-Pack grid
siesta: k-cutoff (effective) =    20.976 Ang
siesta: k-point supercell and displacements
siesta: k-grid:    15     0     0      0.000
siesta: k-grid:     0    15     0      0.000
siesta: k-grid:     0     0     4      0.000

outcell: Unit cell vectors (Ang):
       11.108733    0.069030   -0.350630
        0.070203   11.406560    0.131782
       -0.433902    0.160354   10.477567

outcell: Cell vector modules (Ang)   :   11.114480   11.407537   10.487774
outcell: Cell angles (23,13,12) (deg):     88.4772     94.1732     89.3126
outcell: Cell volume (Ang**3)        :   1325.6092
<dSpData1D:S at geom step 39
  <sparsity:sparsity for geom step 39
    nrows_g=52 nrows=52 sparsity=1.0000 nnzs=2704, refcount: 7>
  <dData1D:(new from dSpData1D) n=2704, refcount: 1>
refcount: 1>
new_DM -- step:    40
Re-using DM from previous geometries...
Number of DMs in history: 1
 DM extrapolation coefficients: 
1   1.00000
New DM after history re-use:
<dSpData2D:SpM extrapolated using coords
  <sparsity:sparsity for geom step 39
    nrows_g=52 nrows=52 sparsity=1.0000 nnzs=2704, refcount: 9>
  <dData2D:(temp array for extrapolation) n=2704 m=1, refcount: 1>
refcount: 1>
No. of atoms with KB's overlaping orbs in proc 0. Max # of overlaps:       4      52

InitMesh: MESH = 120 x 120 x 120 = 1728000
InitMesh: Mesh cutoff (required, used) =   300.000   306.106 Ry
New grid distribution [1]: sub = 2

        iscf     Eharris(eV)        E_KS(eV)     FreeEng(eV)     dDmax    Ef(eV) dHmax(eV)
   scf:    1     -639.014783     -639.486238     -639.487411  0.176204 -5.188292  1.548864
   scf:    2     -611.887681     -630.714743     -630.717461  0.459092 -5.053023 10.961643
   scf:    3     -640.159425     -639.649044     -639.652639  0.438312 -5.181224  0.339590
   scf:    4     -639.663152     -639.660765     -639.666292  0.011177 -5.175669  0.175192
   scf:    5     -639.657912     -639.661354     -639.670266  0.014537 -5.165955  0.226135
   scf:    6     -639.653320     -639.661641     -639.672542  0.010232 -5.161410  0.191468
   scf:    7     -639.653434     -639.658302     -639.675321  0.011682 -5.151854  0.131936
   scf:    8     -639.662588     -639.660872     -639.676306  0.003921 -5.154456  0.015486
   scf:    9     -639.652573     -639.657018     -639.675921  0.006667 -5.151354  0.054221
   scf:   10     -639.660140     -639.658612     -639.676213  0.002362 -5.152390  0.039102
   scf:   11     -639.660615     -639.659733     -639.676437  0.002897 -5.153678  0.007532
   scf:   12     -639.658751     -639.659250     -639.676445  0.001024 -5.153196  0.005147
   scf:   13     -639.659285     -639.659268     -639.676447  0.000094 -5.153234  0.004322
   scf:   14     -639.659426     -639.659347     -639.676450  0.000139 -5.153313  0.002917
   scf:   15     -639.659285     -639.659316     -639.676450  0.000095 -5.153229  0.000471

SCF Convergence by DM+H criterion
max |DM_out - DM_in|         :     0.0000952771
max |H_out - H_in|      (eV) :     0.0004706850
SCF cycle converged after 15 iterations

Using DM_out to compute the final energy and forces
No. of atoms with KB's overlaping orbs in proc 0. Max # of overlaps:       4      52

siesta: E_KS(eV) =             -639.6593

siesta: Atomic forces (eV/Ang):
----------------------------------------
   Tot    0.000174    0.001239   -0.001776
----------------------------------------
   Max    0.832560
   Res    0.462326    sqrt( Sum f_i^2 / 3N )
----------------------------------------
   Max    0.832560    constrained

Stress tensor Voigt[x,y,z,yz,xz,xy] (kbar):       -0.04       -0.87       -2.02        0.61       -0.37       -0.02
(Free)E + p*V (eV/cell)     -638.8695
Target enthalpy (eV/cell)     -639.6765

siesta: Stress tensor (static) (eV/Ang**3):
        -0.000028   -0.000016   -0.000233
        -0.000015   -0.000540    0.000379
        -0.000233    0.000380   -0.001258

siesta: Pressure (static):          0.97531709  kBar

siesta: Stress tensor (total) (eV/Ang**3):
        -0.000028   -0.000016   -0.000233
        -0.000015   -0.000540    0.000379
        -0.000233    0.000380   -0.001258

siesta: Pressure (total):          0.97531709  kBar

cgvc: Finished line minimization    9.  Mean atomic displacement =    0.1933

                     ====================================
                        Begin CG opt. move =     40
                     ====================================
k-point displ. along   3 input, could be:     0.00    0.50
 Kpoints in:          480 . Kpoints trimmed:          458

siesta: k-grid: Number of k-points = 458
siesta: k-points from Monkhorst-Pack grid
siesta: k-cutoff (effective) =    21.189 Ang
siesta: k-point supercell and displacements
siesta: k-grid:    15     0     0      0.000
siesta: k-grid:     0    15     0      0.000
siesta: k-grid:     0     0     4      0.000

outcell: Unit cell vectors (Ang):
       11.086363    0.087513   -0.339832
        0.088999   11.434904    0.092731
       -0.420540    0.112836   10.585519

outcell: Cell vector modules (Ang)   :   11.091915   11.435627   10.594470
outcell: Cell angles (23,13,12) (deg):     88.9432     94.0256     89.1165
outcell: Cell volume (Ang**3)        :   1340.1026
<dSpData1D:S at geom step 40
  <sparsity:sparsity for geom step 40
    nrows_g=52 nrows=52 sparsity=1.0000 nnzs=2704, refcount: 7>
  <dData1D:(new from dSpData1D) n=2704, refcount: 1>
refcount: 1>
new_DM -- step:    41
Re-using DM from previous geometries...
Number of DMs in history: 1
 DM extrapolation coefficients: 
1   1.00000
New DM after history re-use:
<dSpData2D:SpM extrapolated using coords
  <sparsity:sparsity for geom step 40
    nrows_g=52 nrows=52 sparsity=1.0000 nnzs=2704, refcount: 9>
  <dData2D:(temp array for extrapolation) n=2704 m=1, refcount: 1>
refcount: 1>
Note: For starting DM, Qtot, Tr[D*S] =         16.00000000         15.63370947
No. of atoms with KB's overlaping orbs in proc 0. Max # of overlaps:       4      52

InitMesh: MESH = 120 x 120 x 120 = 1728000
InitMesh: Mesh cutoff (required, used) =   300.000   304.519 Ry
New grid distribution [1]: sub = 2

        iscf     Eharris(eV)        E_KS(eV)     FreeEng(eV)     dDmax    Ef(eV) dHmax(eV)
   scf:    1     -624.172626     -633.885802     -633.904704  0.247422 -5.072947  8.490236
   scf:    2     -182.640261     -493.604235     -493.604235  0.905682 -3.907595 46.575598
   scf:    3     -667.523272     -638.929161     -638.954446  0.759474 -5.066800  1.802429
   scf:    4     -639.182000     -639.083303     -639.117594  0.020428 -5.087362  0.774237
   scf:    5     -639.133499     -639.149817     -639.200971  0.060115 -5.116636  0.360433
   scf:    6     -639.105244     -639.148381     -639.190511  0.030255 -5.116115  0.501307
   scf:    7     -639.050818     -639.142511     -639.189732  0.083650 -5.176437  0.430026
   scf:    8     -639.163235     -639.176374     -639.216700  0.062014 -5.183809  0.249525
   scf:    9     -639.178060     -639.177498     -639.219005  0.004846 -5.188259  0.177577
   scf:   10     -639.178291     -639.178312     -639.221716  0.004782 -5.189386  0.100514
   scf:   11     -639.170879     -639.175610     -639.222494  0.009400 -5.196595  0.043685
   scf:   12     -639.177915     -639.176889     -639.222763  0.002916 -5.197520  0.010968
   scf:   13     -639.177186     -639.177042     -639.222792  0.001154 -5.200009  0.008273
   scf:   14     -639.177218     -639.177132     -639.222802  0.000702 -5.200325  0.008079
   scf:   15     -639.177179     -639.177159     -639.222810  0.000878 -5.199328  0.003968
   scf:   16     -639.177188     -639.177174     -639.222815  0.000367 -5.199419  0.001976
   scf:   17     -639.177152     -639.177163     -639.222816  0.000134 -5.199439  0.001716
   scf:   18     -639.177144     -639.177154     -639.222816  0.000164 -5.199481  0.001022
   scf:   19     -639.177169     -639.177162     -639.222816  0.000085 -5.199565  0.000814

SCF Convergence by DM+H criterion
max |DM_out - DM_in|         :     0.0000853955
max |H_out - H_in|      (eV) :     0.0008137379
SCF cycle converged after 19 iterations

Using DM_out to compute the final energy and forces
No. of atoms with KB's overlaping orbs in proc 0. Max # of overlaps:       4      52

siesta: E_KS(eV) =             -639.1772

siesta: Atomic forces (eV/Ang):
----------------------------------------
   Tot    0.000042    0.000568    0.001238
----------------------------------------
   Max    4.262412
   Res    2.151328    sqrt( Sum f_i^2 / 3N )
----------------------------------------
   Max    4.262412    constrained

Stress tensor Voigt[x,y,z,yz,xz,xy] (kbar):        0.11        5.03        4.43       -4.07       -0.91        1.14
(Free)E + p*V (eV/cell)     -641.8913
Target enthalpy (eV/cell)     -639.2228

siesta: Stress tensor (static) (eV/Ang**3):
         0.000068    0.000714   -0.000569
         0.000714    0.003141   -0.002542
        -0.000569   -0.002542    0.002765

siesta: Pressure (static):         -3.19029650  kBar

siesta: Stress tensor (total) (eV/Ang**3):
         0.000068    0.000714   -0.000569
         0.000714    0.003141   -0.002542
        -0.000569   -0.002542    0.002765

siesta: Pressure (total):         -3.19029650  kBar

                     ====================================
                        Begin CG opt. move =     41
                     ====================================
k-point displ. along   3 input, could be:     0.00    0.50
 Kpoints in:          480 . Kpoints trimmed:          458

siesta: k-grid: Number of k-points = 458
siesta: k-points from Monkhorst-Pack grid
siesta: k-cutoff (effective) =    21.010 Ang
siesta: k-point supercell and displacements
siesta: k-grid:    15     0     0      0.000
siesta: k-grid:     0    15     0      0.000
siesta: k-grid:     0     0     4      0.000

outcell: Unit cell vectors (Ang):
       11.105100    0.072032   -0.348876
        0.073255   11.411163    0.125439
       -0.431732    0.152637   10.495099

outcell: Cell vector modules (Ang)   :   11.110812   11.412088   10.505085
outcell: Cell angles (23,13,12) (deg):     88.5533     94.1491     89.2807
outcell: Cell volume (Ang**3)        :   1327.9665
<dSpData1D:S at geom step 41
  <sparsity:sparsity for geom step 41
    nrows_g=52 nrows=52 sparsity=1.0000 nnzs=2704, refcount: 7>
  <dData1D:(new from dSpData1D) n=2704, refcount: 1>
refcount: 1>
new_DM -- step:    42
Re-using DM from previous geometries...
Number of DMs in history: 1
 DM extrapolation coefficients: 
1   1.00000
New DM after history re-use:
<dSpData2D:SpM extrapolated using coords
  <sparsity:sparsity for geom step 41
    nrows_g=52 nrows=52 sparsity=1.0000 nnzs=2704, refcount: 9>
  <dData2D:(temp array for extrapolation) n=2704 m=1, refcount: 1>
refcount: 1>
Note: For starting DM, Qtot, Tr[D*S] =         16.00000000         16.21121084
No. of atoms with KB's overlaping orbs in proc 0. Max # of overlaps:       4      52

InitMesh: MESH = 120 x 120 x 120 = 1728000
InitMesh: Mesh cutoff (required, used) =   300.000   305.845 Ry
New grid distribution [1]: sub = 2

        iscf     Eharris(eV)        E_KS(eV)     FreeEng(eV)     dDmax    Ef(eV) dHmax(eV)
   scf:    1     -633.662251     -638.046764     -638.051861  0.200277 -5.185570  4.667298
   scf:    2     -499.692048     -595.142917     -595.142931  0.546489 -4.511172 24.650046
   scf:    3     -646.394197     -639.631314     -639.641904  0.466888 -5.225548  0.508313
   scf:    4     -639.669982     -639.653016     -639.665084  0.013075 -5.218343  0.328202
   scf:    5     -639.670168     -639.666819     -639.681956  0.020034 -5.204554  0.187303
   scf:    6     -639.667525     -639.667687     -639.685753  0.006593 -5.191691  0.144474
   scf:    7     -639.645170     -639.660009     -639.685512  0.025672 -5.157004  0.161581
   scf:    8     -639.667767     -639.664810     -639.689025  0.006993 -5.157257  0.027436
   scf:    9     -639.663729     -639.664354     -639.688635  0.001568 -5.156747  0.065275
   scf:   10     -639.667899     -639.666310     -639.689474  0.004715 -5.156381  0.021381
   scf:   11     -639.667528     -639.666951     -639.689555  0.001897 -5.156704  0.005046
   scf:   12     -639.666953     -639.666952     -639.689557  0.000046 -5.156709  0.004503
   scf:   13     -639.666573     -639.666764     -639.689566  0.000556 -5.156248  0.002045
   scf:   14     -639.666795     -639.666780     -639.689566  0.000070 -5.156353  0.001603
   scf:   15     -639.666799     -639.666790     -639.689567  0.000104 -5.156857  0.000950
   scf:   16     -639.666796     -639.666793     -639.689567  0.000026 -5.156888  0.000890

SCF Convergence by DM+H criterion
max |DM_out - DM_in|         :     0.0000260405
max |H_out - H_in|      (eV) :     0.0008898993
SCF cycle converged after 16 iterations

Using DM_out to compute the final energy and forces
No. of atoms with KB's overlaping orbs in proc 0. Max # of overlaps:       4      52

siesta: E_KS(eV) =             -639.6668

siesta: Atomic forces (eV/Ang):
----------------------------------------
   Tot   -0.000375   -0.002554    0.000627
----------------------------------------
   Max    0.544081
   Res    0.252912    sqrt( Sum f_i^2 / 3N )
----------------------------------------
   Max    0.544081    constrained

Stress tensor Voigt[x,y,z,yz,xz,xy] (kbar):       -0.11        0.67       -0.95       -0.33       -0.59        0.24
(Free)E + p*V (eV/cell)     -639.5811
Target enthalpy (eV/cell)     -639.6896

siesta: Stress tensor (static) (eV/Ang**3):
        -0.000071    0.000148   -0.000370
         0.000148    0.000418   -0.000204
        -0.000370   -0.000204   -0.000592

siesta: Pressure (static):          0.13091147  kBar

siesta: Stress tensor (total) (eV/Ang**3):
        -0.000071    0.000148   -0.000370
         0.000148    0.000418   -0.000204
        -0.000370   -0.000204   -0.000592

siesta: Pressure (total):          0.13091147  kBar

cgvc: Finished line minimization   10.  Mean atomic displacement =    0.0314

                     ====================================
                        Begin CG opt. move =     42
                     ====================================
k-point displ. along   3 input, could be:     0.00    0.50
 Kpoints in:          480 . Kpoints trimmed:          458

siesta: k-grid: Number of k-points = 458
siesta: k-points from Monkhorst-Pack grid
siesta: k-cutoff (effective) =    21.067 Ang
siesta: k-point supercell and displacements
siesta: k-grid:    15     0     0      0.000
siesta: k-grid:     0    15     0      0.000
siesta: k-grid:     0     0     4      0.000

outcell: Unit cell vectors (Ang):
       11.103304    0.071852   -0.340485
        0.073072   11.407219    0.123851
       -0.421347    0.150704   10.523775

outcell: Cell vector modules (Ang)   :   11.108755   11.408125   10.533284
outcell: Cell angles (23,13,12) (deg):     88.5734     94.0434     89.2817
outcell: Cell volume (Ang**3)        :   1331.0118
<dSpData1D:S at geom step 42
  <sparsity:sparsity for geom step 42
    nrows_g=52 nrows=52 sparsity=1.0000 nnzs=2704, refcount: 7>
  <dData1D:(new from dSpData1D) n=2704, refcount: 1>
refcount: 1>
new_DM -- step:    43
Re-using DM from previous geometries...
Number of DMs in history: 1
 DM extrapolation coefficients: 
1   1.00000
New DM after history re-use:
<dSpData2D:SpM extrapolated using coords
  <sparsity:sparsity for geom step 42
    nrows_g=52 nrows=52 sparsity=1.0000 nnzs=2704, refcount: 9>
  <dData2D:(temp array for extrapolation) n=2704 m=1, refcount: 1>
refcount: 1>
No. of atoms with KB's overlaping orbs in proc 0. Max # of overlaps:       4      52

InitMesh: MESH = 120 x 120 x 120 = 1728000
InitMesh: Mesh cutoff (required, used) =   300.000   306.051 Ry
New grid distribution [1]: sub = 2

        iscf     Eharris(eV)        E_KS(eV)     FreeEng(eV)     dDmax    Ef(eV) dHmax(eV)
   scf:    1     -639.745567     -639.648448     -639.671091  0.065716 -5.226597  0.451559
   scf:    2     -637.796324     -639.091768     -639.099466  0.200334 -5.200873  1.539360
   scf:    3     -639.768914     -639.675859     -639.698688  0.161539 -5.220274  0.135447
   scf:    4     -639.676782     -639.676534     -639.699425  0.004322 -5.219584  0.076068
   scf:    5     -639.677493     -639.677183     -639.700070  0.003153 -5.216118  0.043142
   scf:    6     -639.676776     -639.677113     -639.700142  0.002384 -5.212923  0.039145
   scf:    7     -639.677202     -639.677300     -639.700287  0.003553 -5.213167  0.014790
   scf:    8     -639.677287     -639.677316     -639.700324  0.001597 -5.214329  0.002791
   scf:    9     -639.677320     -639.677319     -639.700327  0.000340 -5.214393  0.002084
   scf:   10     -639.677303     -639.677311     -639.700328  0.000106 -5.214445  0.001050
   scf:   11     -639.677312     -639.677312     -639.700328  0.000051 -5.214466  0.000832

SCF Convergence by DM+H criterion
max |DM_out - DM_in|         :     0.0000506711
max |H_out - H_in|      (eV) :     0.0008319200
SCF cycle converged after 11 iterations

Using DM_out to compute the final energy and forces
No. of atoms with KB's overlaping orbs in proc 0. Max # of overlaps:       4      52

siesta: E_KS(eV) =             -639.6773

siesta: Atomic forces (eV/Ang):
----------------------------------------
   Tot    0.000130   -0.001675    0.001336
----------------------------------------
   Max    0.873470
   Res    0.377907    sqrt( Sum f_i^2 / 3N )
----------------------------------------
   Max    0.873470    constrained

Stress tensor Voigt[x,y,z,yz,xz,xy] (kbar):       -0.34        0.36       -0.02       -0.65       -0.62       -0.06
(Free)E + p*V (eV/cell)     -639.7015
Target enthalpy (eV/cell)     -639.7003

siesta: Stress tensor (static) (eV/Ang**3):
        -0.000210   -0.000040   -0.000385
        -0.000040    0.000225   -0.000403
        -0.000385   -0.000403   -0.000012

siesta: Pressure (static):         -0.00145489  kBar

siesta: Stress tensor (total) (eV/Ang**3):
        -0.000210   -0.000040   -0.000385
        -0.000040    0.000225   -0.000403
        -0.000385   -0.000403   -0.000012

siesta: Pressure (total):         -0.00145489  kBar

                     ====================================
                        Begin CG opt. move =     43
                     ====================================
k-point displ. along   3 input, could be:     0.00    0.50
 Kpoints in:          480 . Kpoints trimmed:          458

siesta: k-grid: Number of k-points = 458
siesta: k-points from Monkhorst-Pack grid
siesta: k-cutoff (effective) =    21.157 Ang
siesta: k-point supercell and displacements
siesta: k-grid:    15     0     0      0.000
siesta: k-grid:     0    15     0      0.000
siesta: k-grid:     0     0     4      0.000

outcell: Unit cell vectors (Ang):
       11.100429    0.071564   -0.327059
        0.072779   11.400909    0.121310
       -0.404732    0.147612   10.569655

outcell: Cell vector modules (Ang)   :   11.105477   11.401786   10.578431
outcell: Cell angles (23,13,12) (deg):     88.6053     93.8749     89.2832
outcell: Cell volume (Ang**3)        :   1335.8725
<dSpData1D:S at geom step 43
  <sparsity:sparsity for geom step 43
    nrows_g=52 nrows=52 sparsity=1.0000 nnzs=2704, refcount: 7>
  <dData1D:(new from dSpData1D) n=2704, refcount: 1>
refcount: 1>
new_DM -- step:    44
Re-using DM from previous geometries...
Number of DMs in history: 1
 DM extrapolation coefficients: 
1   1.00000
New DM after history re-use:
<dSpData2D:SpM extrapolated using coords
  <sparsity:sparsity for geom step 43
    nrows_g=52 nrows=52 sparsity=1.0000 nnzs=2704, refcount: 9>
  <dData2D:(temp array for extrapolation) n=2704 m=1, refcount: 1>
refcount: 1>
No. of atoms with KB's overlaping orbs in proc 0. Max # of overlaps:       4      52

InitMesh: MESH = 120 x 120 x 120 = 1728000
InitMesh: Mesh cutoff (required, used) =   300.000   306.382 Ry
New grid distribution [1]: sub = 2

        iscf     Eharris(eV)        E_KS(eV)     FreeEng(eV)     dDmax    Ef(eV) dHmax(eV)
   scf:    1     -639.770831     -639.620733     -639.641727  0.077923 -5.330382  0.758141
   scf:    2     -637.457399     -638.988724     -638.992428  0.150090 -5.257545  3.130327
   scf:    3     -639.822849     -639.672118     -639.691398  0.110880 -5.315411  0.161316
   scf:    4     -639.672649     -639.672402     -639.691873  0.000889 -5.315439  0.145876
   scf:    5     -639.669544     -639.672083     -639.693818  0.005366 -5.310347  0.085627
   scf:    6     -639.673599     -639.673052     -639.694244  0.002287 -5.307914  0.018269
   scf:    7     -639.672714     -639.672892     -639.694299  0.000693 -5.307033  0.017020
   scf:    8     -639.672728     -639.672815     -639.694326  0.000410 -5.308094  0.011142
   scf:    9     -639.672622     -639.672724     -639.694339  0.000505 -5.308772  0.003409
   scf:   10     -639.672790     -639.672757     -639.694340  0.000108 -5.308826  0.002144
   scf:   11     -639.672768     -639.672763     -639.694341  0.000156 -5.308850  0.001983
   scf:   12     -639.672767     -639.672765     -639.694341  0.000122 -5.308851  0.001478
   scf:   13     -639.672758     -639.672762     -639.694341  0.000035 -5.308840  0.000398

SCF Convergence by DM+H criterion
max |DM_out - DM_in|         :     0.0000346688
max |H_out - H_in|      (eV) :     0.0003983272
SCF cycle converged after 13 iterations

Using DM_out to compute the final energy and forces
No. of atoms with KB's overlaping orbs in proc 0. Max # of overlaps:       4      52

siesta: E_KS(eV) =             -639.6728

siesta: Atomic forces (eV/Ang):
----------------------------------------
   Tot    0.000285    0.000845    0.000611
----------------------------------------
   Max    1.997351
   Res    0.802482    sqrt( Sum f_i^2 / 3N )
----------------------------------------
   Max    1.997351    constrained

Stress tensor Voigt[x,y,z,yz,xz,xy] (kbar):       -0.68       -0.23        1.49       -1.11       -0.51       -0.60
(Free)E + p*V (eV/cell)     -639.8569
Target enthalpy (eV/cell)     -639.6943

siesta: Stress tensor (static) (eV/Ang**3):
        -0.000422   -0.000376   -0.000317
        -0.000376   -0.000144   -0.000694
        -0.000317   -0.000695    0.000931

siesta: Pressure (static):         -0.19490683  kBar

siesta: Stress tensor (total) (eV/Ang**3):
        -0.000422   -0.000376   -0.000317
        -0.000376   -0.000144   -0.000694
        -0.000317   -0.000695    0.000931

siesta: Pressure (total):         -0.19490683  kBar

                     ====================================
                        Begin CG opt. move =     44
                     ====================================
k-point displ. along   3 input, could be:     0.00    0.50
 Kpoints in:          480 . Kpoints trimmed:          458

siesta: k-grid: Number of k-points = 458
siesta: k-points from Monkhorst-Pack grid
siesta: k-cutoff (effective) =    21.092 Ang
siesta: k-point supercell and displacements
siesta: k-grid:    15     0     0      0.000
siesta: k-grid:     0    15     0      0.000
siesta: k-grid:     0     0     4      0.000

outcell: Unit cell vectors (Ang):
       11.102487    0.071770   -0.336669
        0.072989   11.405425    0.123129
       -0.416625    0.149825   10.536815

outcell: Cell vector modules (Ang)   :   11.107822   11.406324   10.546113
outcell: Cell angles (23,13,12) (deg):     88.5825     93.9954     89.2821
outcell: Cell volume (Ang**3)        :   1332.3948
<dSpData1D:S at geom step 44
  <sparsity:sparsity for geom step 44
    nrows_g=52 nrows=52 sparsity=1.0000 nnzs=2704, refcount: 7>
  <dData1D:(new from dSpData1D) n=2704, refcount: 1>
refcount: 1>
new_DM -- step:    45
Re-using DM from previous geometries...
Number of DMs in history: 1
 DM extrapolation coefficients: 
1   1.00000
New DM after history re-use:
<dSpData2D:SpM extrapolated using coords
  <sparsity:sparsity for geom step 44
    nrows_g=52 nrows=52 sparsity=1.0000 nnzs=2704, refcount: 9>
  <dData2D:(temp array for extrapolation) n=2704 m=1, refcount: 1>
refcount: 1>
No. of atoms with KB's overlaping orbs in proc 0. Max # of overlaps:       4      52

InitMesh: MESH = 120 x 120 x 120 = 1728000
InitMesh: Mesh cutoff (required, used) =   300.000   306.145 Ry
New grid distribution [1]: sub = 2

        iscf     Eharris(eV)        E_KS(eV)     FreeEng(eV)     dDmax    Ef(eV) dHmax(eV)
   scf:    1     -639.433755     -639.657285     -639.677205  0.056924 -5.226370  0.510694
   scf:    2     -638.211137     -639.220510     -639.233417  0.136499 -5.265842  2.214632
   scf:    3     -639.753183     -639.679213     -639.700496  0.113248 -5.234752  0.092676
   scf:    4     -639.679276     -639.679260     -639.700784  0.000621 -5.235559  0.081232
   scf:    5     -639.677981     -639.678943     -639.701501  0.004500 -5.238699  0.028104
   scf:    6     -639.678826     -639.678993     -639.701716  0.004368 -5.241558  0.010118
   scf:    7     -639.678994     -639.678993     -639.701716  0.000009 -5.241559  0.010165
   scf:    8     -639.678845     -639.678935     -639.701751  0.001470 -5.240764  0.003271
   scf:    9     -639.678992     -639.678964     -639.701752  0.000428 -5.240695  0.002495
   scf:   10     -639.678921     -639.678943     -639.701753  0.000152 -5.240728  0.001220
   scf:   11     -639.678932     -639.678937     -639.701753  0.000082 -5.240747  0.001151
   scf:   12     -639.678940     -639.678939     -639.701753  0.000043 -5.240760  0.000293

SCF Convergence by DM+H criterion
max |DM_out - DM_in|         :     0.0000434991
max |H_out - H_in|      (eV) :     0.0002926187
SCF cycle converged after 12 iterations

Using DM_out to compute the final energy and forces
No. of atoms with KB's overlaping orbs in proc 0. Max # of overlaps:       4      52

siesta: E_KS(eV) =             -639.6789

siesta: Atomic forces (eV/Ang):
----------------------------------------
   Tot    0.000789   -0.000138    0.002254
----------------------------------------
   Max    1.203224
   Res    0.489282    sqrt( Sum f_i^2 / 3N )
----------------------------------------
   Max    1.203224    constrained

Stress tensor Voigt[x,y,z,yz,xz,xy] (kbar):       -0.44        0.20        0.41       -0.78       -0.60       -0.21
(Free)E + p*V (eV/cell)     -639.7506
Target enthalpy (eV/cell)     -639.7018

siesta: Stress tensor (static) (eV/Ang**3):
        -0.000272   -0.000132   -0.000376
        -0.000132    0.000126   -0.000489
        -0.000376   -0.000489    0.000257

siesta: Pressure (static):         -0.05869339  kBar

siesta: Stress tensor (total) (eV/Ang**3):
        -0.000272   -0.000132   -0.000376
        -0.000132    0.000126   -0.000489
        -0.000376   -0.000489    0.000257

siesta: Pressure (total):         -0.05869339  kBar

cgvc: Finished line minimization   11.  Mean atomic displacement =    0.0457

                     ====================================
                        Begin CG opt. move =     45
                     ====================================
k-point displ. along   3 input, could be:     0.00    0.50
 Kpoints in:          480 . Kpoints trimmed:          458

siesta: k-grid: Number of k-points = 458
siesta: k-points from Monkhorst-Pack grid
siesta: k-cutoff (effective) =    21.156 Ang
siesta: k-point supercell and displacements
siesta: k-grid:    15     0     0      0.000
siesta: k-grid:     0    15     0      0.000
siesta: k-grid:     0     0     4      0.000

outcell: Unit cell vectors (Ang):
       11.103114    0.072945   -0.322128
        0.074184   11.399111    0.126400
       -0.398631    0.153806   10.569513

outcell: Cell vector modules (Ang)   :   11.108026   11.400053   10.578146
outcell: Cell angles (23,13,12) (deg):     88.5461     93.8157     89.2695
outcell: Cell volume (Ang**3)        :   1335.9930
<dSpData1D:S at geom step 45
  <sparsity:sparsity for geom step 45
    nrows_g=52 nrows=52 sparsity=1.0000 nnzs=2704, refcount: 7>
  <dData1D:(new from dSpData1D) n=2704, refcount: 1>
refcount: 1>
new_DM -- step:    46
Re-using DM from previous geometries...
Number of DMs in history: 1
 DM extrapolation coefficients: 
1   1.00000
New DM after history re-use:
<dSpData2D:SpM extrapolated using coords
  <sparsity:sparsity for geom step 45
    nrows_g=52 nrows=52 sparsity=1.0000 nnzs=2704, refcount: 9>
  <dData2D:(temp array for extrapolation) n=2704 m=1, refcount: 1>
refcount: 1>
No. of atoms with KB's overlaping orbs in proc 0. Max # of overlaps:       4      52

InitMesh: MESH = 120 x 120 x 120 = 1728000
InitMesh: Mesh cutoff (required, used) =   300.000   306.494 Ry
New grid distribution [1]: sub = 2

        iscf     Eharris(eV)        E_KS(eV)     FreeEng(eV)     dDmax    Ef(eV) dHmax(eV)
   scf:    1     -639.748965     -639.677410     -639.690002  0.070149 -5.259117  0.759659
   scf:    2     -634.127394     -637.936952     -637.949367  0.302199 -5.243129  5.194776
   scf:    3     -639.873228     -639.714991     -639.731780  0.265883 -5.257772  0.080034
   scf:    4     -639.715606     -639.715337     -639.732518  0.002471 -5.256731  0.069168
   scf:    5     -639.711561     -639.714468     -639.733778  0.013703 -5.248960  0.080978
   scf:    6     -639.716072     -639.715620     -639.734223  0.004505 -5.248492  0.021153
   scf:    7     -639.714855     -639.715268     -639.734289  0.001503 -5.248236  0.009332
   scf:    8     -639.715005     -639.715145     -639.734310  0.000996 -5.248556  0.008318
   scf:    9     -639.714433     -639.714809     -639.734285  0.001468 -5.248999  0.017318
   scf:   10     -639.715211     -639.715026     -639.734318  0.001392 -5.249264  0.001809
   scf:   11     -639.715048     -639.715037     -639.734319  0.000102 -5.249466  0.001606
   scf:   12     -639.715055     -639.715046     -639.734319  0.000029 -5.249500  0.000947

SCF Convergence by DM+H criterion
max |DM_out - DM_in|         :     0.0000293112
max |H_out - H_in|      (eV) :     0.0009465123
SCF cycle converged after 12 iterations

Using DM_out to compute the final energy and forces
No. of atoms with KB's overlaping orbs in proc 0. Max # of overlaps:       4      52

siesta: E_KS(eV) =             -639.7150

siesta: Atomic forces (eV/Ang):
----------------------------------------
   Tot    0.000314   -0.000898    0.003595
----------------------------------------
   Max    1.320512
   Res    0.542673    sqrt( Sum f_i^2 / 3N )
----------------------------------------
   Max    1.320512    constrained

Stress tensor Voigt[x,y,z,yz,xz,xy] (kbar):       -0.13        0.28        0.62       -0.55       -0.38        0.04
(Free)E + p*V (eV/cell)     -639.9488
Target enthalpy (eV/cell)     -639.7343

siesta: Stress tensor (static) (eV/Ang**3):
        -0.000080    0.000023   -0.000238
         0.000023    0.000175   -0.000344
        -0.000237   -0.000344    0.000387

siesta: Pressure (static):         -0.25718575  kBar

siesta: Stress tensor (total) (eV/Ang**3):
        -0.000080    0.000023   -0.000238
         0.000023    0.000175   -0.000344
        -0.000237   -0.000344    0.000387

siesta: Pressure (total):         -0.25718575  kBar

                     ====================================
                        Begin CG opt. move =     46
                     ====================================
k-point displ. along   3 input, could be:     0.00    0.50
 Kpoints in:          480 . Kpoints trimmed:          458

siesta: k-grid: Number of k-points = 458
siesta: k-points from Monkhorst-Pack grid
siesta: k-cutoff (effective) =    21.259 Ang
siesta: k-point supercell and displacements
siesta: k-grid:    15     0     0      0.000
siesta: k-grid:     0    15     0      0.000
siesta: k-grid:     0     0     4      0.000

outcell: Unit cell vectors (Ang):
       11.104119    0.074825   -0.298863
        0.076096   11.389008    0.131635
       -0.369841    0.160176   10.621831

outcell: Cell vector modules (Ang)   :   11.108392   11.390023   10.629474
outcell: Cell angles (23,13,12) (deg):     88.4881     93.5296     89.2492
outcell: Cell volume (Ang**3)        :   1341.7280
<dSpData1D:S at geom step 46
  <sparsity:sparsity for geom step 46
    nrows_g=52 nrows=52 sparsity=1.0000 nnzs=2704, refcount: 7>
  <dData1D:(new from dSpData1D) n=2704, refcount: 1>
refcount: 1>
new_DM -- step:    47
Re-using DM from previous geometries...
Number of DMs in history: 1
 DM extrapolation coefficients: 
1   1.00000
New DM after history re-use:
<dSpData2D:SpM extrapolated using coords
  <sparsity:sparsity for geom step 46
    nrows_g=52 nrows=52 sparsity=1.0000 nnzs=2704, refcount: 9>
  <dData2D:(temp array for extrapolation) n=2704 m=1, refcount: 1>
refcount: 1>
Note: For starting DM, Qtot, Tr[D*S] =         16.00000000         15.97205349
No. of atoms with KB's overlaping orbs in proc 0. Max # of overlaps:       4      51

InitMesh: MESH = 120 x 120 x 120 = 1728000
InitMesh: Mesh cutoff (required, used) =   300.000   307.052 Ry
New grid distribution [1]: sub = 2

        iscf     Eharris(eV)        E_KS(eV)     FreeEng(eV)     dDmax    Ef(eV) dHmax(eV)
   scf:    1     -639.848308     -639.702020     -639.710860  0.069255 -5.283528  0.934853
   scf:    2     -632.857514     -637.558601     -637.569555  0.286245 -5.216453  6.038720
   scf:    3     -640.015318     -639.757211     -639.768893  0.253978 -5.280000  0.103458
   scf:    4     -639.758747     -639.758032     -639.770104  0.002743 -5.278466  0.081515
   scf:    5     -639.754198     -639.757725     -639.771934  0.016066 -5.269282  0.078742
   scf:    6     -639.759416     -639.759137     -639.772608  0.006851 -5.269494  0.029313
   scf:    7     -639.758647     -639.758912     -639.772712  0.001325 -5.268889  0.026801
   scf:    8     -639.758330     -639.758653     -639.772780  0.001891 -5.269832  0.007763
   scf:    9     -639.758641     -639.758648     -639.772786  0.000253 -5.269838  0.006040
   scf:   10     -639.758422     -639.758538     -639.772799  0.000686 -5.270432  0.003365
   scf:   11     -639.758520     -639.758529     -639.772800  0.000134 -5.270468  0.002871
   scf:   12     -639.758491     -639.758510     -639.772801  0.000081 -5.270682  0.001571
   scf:   13     -639.758518     -639.758514     -639.772801  0.000017 -5.270725  0.001437
   scf:   14     -639.758577     -639.758545     -639.772801  0.000111 -5.270758  0.000586
   scf:   15     -639.758541     -639.758543     -639.772801  0.000012 -5.270717  0.000274

SCF Convergence by DM+H criterion
max |DM_out - DM_in|         :     0.0000118803
max |H_out - H_in|      (eV) :     0.0002740669
SCF cycle converged after 15 iterations

Using DM_out to compute the final energy and forces
No. of atoms with KB's overlaping orbs in proc 0. Max # of overlaps:       4      51

siesta: E_KS(eV) =             -639.7585

siesta: Atomic forces (eV/Ang):
----------------------------------------
   Tot    0.000639    0.000891    0.001217
----------------------------------------
   Max    1.608573
   Res    0.819281    sqrt( Sum f_i^2 / 3N )
----------------------------------------
   Max    1.608573    constrained

Stress tensor Voigt[x,y,z,yz,xz,xy] (kbar):        0.38        0.39        1.23       -0.02        0.24        0.39
(Free)E + p*V (eV/cell)     -640.3322
Target enthalpy (eV/cell)     -639.7728

siesta: Stress tensor (static) (eV/Ang**3):
         0.000239    0.000245    0.000149
         0.000245    0.000243   -0.000010
         0.000149   -0.000011    0.000769

siesta: Pressure (static):         -0.66793996  kBar

siesta: Stress tensor (total) (eV/Ang**3):
         0.000239    0.000245    0.000149
         0.000245    0.000243   -0.000010
         0.000149   -0.000011    0.000769

siesta: Pressure (total):         -0.66793996  kBar

                     ====================================
                        Begin CG opt. move =     47
                     ====================================
k-point displ. along   3 input, could be:     0.00    0.50
 Kpoints in:          480 . Kpoints trimmed:          458

siesta: k-grid: Number of k-points = 458
siesta: k-points from Monkhorst-Pack grid
siesta: k-cutoff (effective) =    21.424 Ang
siesta: k-point supercell and displacements
siesta: k-grid:    15     0     0      0.000
siesta: k-grid:     0    15     0      0.000
siesta: k-grid:     0     0     4      0.000

outcell: Unit cell vectors (Ang):
       11.105725    0.077834   -0.261639
        0.079156   11.372844    0.140011
       -0.323776    0.170368   10.705538

outcell: Cell vector modules (Ang)   :   11.109080   11.373981   10.711788
outcell: Cell angles (23,13,12) (deg):     88.3958     93.0750     89.2166
outcell: Cell volume (Ang**3)        :   1350.8476
<dSpData1D:S at geom step 47
  <sparsity:sparsity for geom step 47
    nrows_g=52 nrows=52 sparsity=1.0000 nnzs=2704, refcount: 7>
  <dData1D:(new from dSpData1D) n=2704, refcount: 1>
refcount: 1>
new_DM -- step:    48
Re-using DM from previous geometries...
Number of DMs in history: 1
 DM extrapolation coefficients: 
1   1.00000
New DM after history re-use:
<dSpData2D:SpM extrapolated using coords
  <sparsity:sparsity for geom step 47
    nrows_g=52 nrows=52 sparsity=1.0000 nnzs=2704, refcount: 9>
  <dData2D:(temp array for extrapolation) n=2704 m=1, refcount: 1>
refcount: 1>
Note: For starting DM, Qtot, Tr[D*S] =         16.00000000         15.93107368
No. of atoms with KB's overlaping orbs in proc 0. Max # of overlaps:       4      51

InitMesh: MESH = 120 x 120 x 120 = 1728000
InitMesh: Mesh cutoff (required, used) =   300.000   307.950 Ry
New grid distribution [1]: sub = 2

        iscf     Eharris(eV)        E_KS(eV)     FreeEng(eV)     dDmax    Ef(eV) dHmax(eV)
   scf:    1     -639.764977     -639.607503     -639.615576  0.061003 -5.333877  1.315312
   scf:    2     -623.989954     -634.744635     -634.747495  0.198155 -5.101662  8.206513
   scf:    3     -640.561714     -639.747840     -639.757494  0.172035 -5.327309  0.247165
   scf:    4     -639.751556     -639.750434     -639.760233  0.003114 -5.327041  0.093199
   scf:    5     -639.750203     -639.751712     -639.762735  0.011077 -5.320356  0.114784
   scf:    6     -639.751819     -639.752552     -639.763124  0.004629 -5.319760  0.066845
   scf:    7     -639.751994     -639.752403     -639.763305  0.002581 -5.319156  0.062041
   scf:    8     -639.752632     -639.752617     -639.763596  0.002145 -5.320693  0.014847
   scf:    9     -639.752749     -639.752686     -639.763607  0.000590 -5.321963  0.009989
   scf:   10     -639.752705     -639.752699     -639.763615  0.000327 -5.322560  0.001540
   scf:   11     -639.752700     -639.752699     -639.763616  0.000065 -5.322559  0.001517
   scf:   12     -639.752698     -639.752699     -639.763616  0.000208 -5.322535  0.001256
   scf:   13     -639.752699     -639.752699     -639.763617  0.000028 -5.322515  0.001030
   scf:   14     -639.752705     -639.752702     -639.763617  0.000022 -5.322480  0.000698

SCF Convergence by DM+H criterion
max |DM_out - DM_in|         :     0.0000217738
max |H_out - H_in|      (eV) :     0.0006984742
SCF cycle converged after 14 iterations

Using DM_out to compute the final energy and forces
No. of atoms with KB's overlaping orbs in proc 0. Max # of overlaps:       4      51

siesta: E_KS(eV) =             -639.7527

siesta: Atomic forces (eV/Ang):
----------------------------------------
   Tot    0.000125   -0.000569    0.000225
----------------------------------------
   Max    2.832191
   Res    1.446979    sqrt( Sum f_i^2 / 3N )
----------------------------------------
   Max    2.832191    constrained

Stress tensor Voigt[x,y,z,yz,xz,xy] (kbar):        1.22        0.65        2.67        1.07        1.70        0.86
(Free)E + p*V (eV/cell)     -641.0387
Target enthalpy (eV/cell)     -639.7636

siesta: Stress tensor (static) (eV/Ang**3):
         0.000760    0.000537    0.001058
         0.000537    0.000408    0.000669
         0.001058    0.000669    0.001664

siesta: Pressure (static):         -1.51233251  kBar

siesta: Stress tensor (total) (eV/Ang**3):
         0.000760    0.000537    0.001058
         0.000537    0.000408    0.000669
         0.001058    0.000669    0.001664

siesta: Pressure (total):         -1.51233251  kBar

                     ====================================
                        Begin CG opt. move =     48
                     ====================================
k-point displ. along   3 input, could be:     0.00    0.50
 Kpoints in:          480 . Kpoints trimmed:          458

siesta: k-grid: Number of k-points = 458
siesta: k-points from Monkhorst-Pack grid
siesta: k-cutoff (effective) =    21.333 Ang
siesta: k-point supercell and displacements
siesta: k-grid:    15     0     0      0.000
siesta: k-grid:     0    15     0      0.000
siesta: k-grid:     0     0     4      0.000

outcell: Unit cell vectors (Ang):
       11.104839    0.076174   -0.282181
        0.077468   11.381764    0.135389
       -0.349196    0.164744   10.659345

outcell: Cell vector modules (Ang)   :   11.108685   11.382833   10.666336
outcell: Cell angles (23,13,12) (deg):     88.4467     93.3254     89.2346
outcell: Cell volume (Ang**3)        :   1345.8236
<dSpData1D:S at geom step 48
  <sparsity:sparsity for geom step 48
    nrows_g=52 nrows=52 sparsity=1.0000 nnzs=2704, refcount: 7>
  <dData1D:(new from dSpData1D) n=2704, refcount: 1>
refcount: 1>
new_DM -- step:    49
Re-using DM from previous geometries...
Number of DMs in history: 1
 DM extrapolation coefficients: 
1   1.00000
New DM after history re-use:
<dSpData2D:SpM extrapolated using coords
  <sparsity:sparsity for geom step 48
    nrows_g=52 nrows=52 sparsity=1.0000 nnzs=2704, refcount: 9>
  <dData2D:(temp array for extrapolation) n=2704 m=1, refcount: 1>
refcount: 1>
Note: For starting DM, Qtot, Tr[D*S] =         16.00000000         16.02786487
No. of atoms with KB's overlaping orbs in proc 0. Max # of overlaps:       4      51

InitMesh: MESH = 120 x 120 x 120 = 1728000
InitMesh: Mesh cutoff (required, used) =   300.000   307.454 Ry
New grid distribution [1]: sub = 2

        iscf     Eharris(eV)        E_KS(eV)     FreeEng(eV)     dDmax    Ef(eV) dHmax(eV)
   scf:    1     -639.455772     -639.728792     -639.740966  0.035308 -5.290784  0.697568
   scf:    2     -634.546759     -638.102565     -638.106365  0.104790 -5.244554  4.799757
   scf:    3     -639.989108     -639.769333     -639.780852  0.090843 -5.292253  0.055405
   scf:    4     -639.769588     -639.769466     -639.781039  0.000558 -5.292446  0.049575
   scf:    5     -639.769531     -639.769714     -639.781599  0.004427 -5.293689  0.020107
   scf:    6     -639.769965     -639.769885     -639.781666  0.001354 -5.292415  0.018406
   scf:    7     -639.769650     -639.769779     -639.781692  0.000521 -5.292376  0.007604
   scf:    8     -639.769623     -639.769705     -639.781695  0.000652 -5.291789  0.008871
   scf:    9     -639.769717     -639.769713     -639.781700  0.000324 -5.291375  0.000882
   scf:   10     -639.769707     -639.769710     -639.781700  0.000026 -5.291385  0.000726

SCF Convergence by DM+H criterion
max |DM_out - DM_in|         :     0.0000263963
max |H_out - H_in|      (eV) :     0.0007263147
SCF cycle converged after 10 iterations

Using DM_out to compute the final energy and forces
No. of atoms with KB's overlaping orbs in proc 0. Max # of overlaps:       4      51

siesta: E_KS(eV) =             -639.7697

siesta: Atomic forces (eV/Ang):
----------------------------------------
   Tot   -0.000255   -0.000208    0.000137
----------------------------------------
   Max    2.147032
   Res    1.087399    sqrt( Sum f_i^2 / 3N )
----------------------------------------
   Max    2.147032    constrained

Stress tensor Voigt[x,y,z,yz,xz,xy] (kbar):        0.76        0.49        1.83        0.45        0.84        0.62
(Free)E + p*V (eV/cell)     -640.6412
Target enthalpy (eV/cell)     -639.7817

siesta: Stress tensor (static) (eV/Ang**3):
         0.000473    0.000386    0.000524
         0.000385    0.000303    0.000280
         0.000524    0.000280    0.001140

siesta: Pressure (static):         -1.02321105  kBar

siesta: Stress tensor (total) (eV/Ang**3):
         0.000473    0.000386    0.000524
         0.000385    0.000303    0.000280
         0.000524    0.000280    0.001140

siesta: Pressure (total):         -1.02321105  kBar

cgvc: Finished line minimization   12.  Mean atomic displacement =    0.1563

                     ====================================
                        Begin CG opt. move =     49
                     ====================================
k-point displ. along   3 input, could be:     0.00    0.50
 Kpoints in:          480 . Kpoints trimmed:          458

siesta: k-grid: Number of k-points = 458
siesta: k-points from Monkhorst-Pack grid
siesta: k-cutoff (effective) =    21.530 Ang
siesta: k-point supercell and displacements
siesta: k-grid:    15     0     0      0.000
siesta: k-grid:     0    15     0      0.000
siesta: k-grid:     0     0     4      0.000

outcell: Unit cell vectors (Ang):
       11.103933    0.077652   -0.236989
        0.078971   11.358747    0.144502
       -0.293272    0.175832   10.759494

outcell: Cell vector modules (Ang)   :   11.106733   11.359940   10.764926
outcell: Cell angles (23,13,12) (deg):     88.3464     92.7770     89.2168
outcell: Cell volume (Ang**3)        :   1355.9161
<dSpData1D:S at geom step 49
  <sparsity:sparsity for geom step 49
    nrows_g=52 nrows=52 sparsity=1.0000 nnzs=2704, refcount: 7>
  <dData1D:(new from dSpData1D) n=2704, refcount: 1>
refcount: 1>
new_DM -- step:    50
Re-using DM from previous geometries...
Number of DMs in history: 1
 DM extrapolation coefficients: 
1   1.00000
New DM after history re-use:
<dSpData2D:SpM extrapolated using coords
  <sparsity:sparsity for geom step 49
    nrows_g=52 nrows=52 sparsity=1.0000 nnzs=2704, refcount: 9>
  <dData2D:(temp array for extrapolation) n=2704 m=1, refcount: 1>
refcount: 1>
Note: For starting DM, Qtot, Tr[D*S] =         16.00000000         15.91842322
No. of atoms with KB's overlaping orbs in proc 0. Max # of overlaps:       4      51

InitMesh: MESH = 120 x 120 x 120 = 1728000
InitMesh: Mesh cutoff (required, used) =   300.000   308.726 Ry
New grid distribution [1]: sub = 2

        iscf     Eharris(eV)        E_KS(eV)     FreeEng(eV)     dDmax    Ef(eV) dHmax(eV)
   scf:    1     -640.261181     -639.815505     -639.823349  0.066010 -5.337407  0.434439
   scf:    2     -637.624564     -639.128778     -639.154808  0.110185 -5.295487  2.317467
   scf:    3     -639.933681     -639.836715     -639.846560  0.097637 -5.330202  0.083116
   scf:    4     -639.832786     -639.836511     -639.847383  0.009909 -5.317725  0.119451
   scf:    5     -639.839848     -639.839037     -639.849166  0.004024 -5.317582  0.029831
   scf:    6     -639.839075     -639.839093     -639.849262  0.001490 -5.317765  0.032596
   scf:    7     -639.839767     -639.839506     -639.849295  0.003305 -5.320303  0.016884
   scf:    8     -639.839480     -639.839499     -639.849333  0.000710 -5.320245  0.010897
   scf:    9     -639.839496     -639.839507     -639.849355  0.001244 -5.320526  0.001749
   scf:   10     -639.839514     -639.839510     -639.849355  0.000050 -5.320532  0.001366
   scf:   11     -639.839515     -639.839513     -639.849356  0.000085 -5.320496  0.000699

SCF Convergence by DM+H criterion
max |DM_out - DM_in|         :     0.0000846672
max |H_out - H_in|      (eV) :     0.0006992077
SCF cycle converged after 11 iterations

Using DM_out to compute the final energy and forces
No. of atoms with KB's overlaping orbs in proc 0. Max # of overlaps:       4      51

siesta: E_KS(eV) =             -639.8395

siesta: Atomic forces (eV/Ang):
----------------------------------------
   Tot    0.000876   -0.000251    0.001373
----------------------------------------
   Max    2.496402
   Res    1.250313    sqrt( Sum f_i^2 / 3N )
----------------------------------------
   Max    2.496402    constrained

Stress tensor Voigt[x,y,z,yz,xz,xy] (kbar):        1.50        1.61        2.80        0.94        1.85        1.24
(Free)E + p*V (eV/cell)     -641.5169
Target enthalpy (eV/cell)     -639.8494

siesta: Stress tensor (static) (eV/Ang**3):
         0.000938    0.000771    0.001156
         0.000771    0.001003    0.000587
         0.001156    0.000586    0.001748

siesta: Pressure (static):         -1.97043378  kBar

siesta: Stress tensor (total) (eV/Ang**3):
         0.000938    0.000771    0.001156
         0.000771    0.001003    0.000587
         0.001156    0.000586    0.001748

siesta: Pressure (total):         -1.97043378  kBar

                     ====================================
                        Begin CG opt. move =     50
                     ====================================
k-point displ. along   3 input, could be:     0.00    0.50
 Kpoints in:          480 . Kpoints trimmed:          458

siesta: k-grid: Number of k-points = 458
siesta: k-points from Monkhorst-Pack grid
siesta: k-cutoff (effective) =    21.728 Ang
siesta: k-point supercell and displacements
siesta: k-grid:    15     0     0      0.000
siesta: k-grid:     0    15     0      0.000
siesta: k-grid:     0     0     4      0.000

outcell: Unit cell vectors (Ang):
       11.103028    0.079130   -0.191798
        0.080474   11.335730    0.153614
       -0.237348    0.186920   10.859643

outcell: Cell vector modules (Ang)   :   11.104966   11.337056   10.863845
outcell: Cell angles (23,13,12) (deg):     88.2469     92.2343     89.1985
outcell: Cell volume (Ang**3)        :   1365.8949
<dSpData1D:S at geom step 50
  <sparsity:sparsity for geom step 50
    nrows_g=52 nrows=52 sparsity=1.0000 nnzs=2704, refcount: 7>
  <dData1D:(new from dSpData1D) n=2704, refcount: 1>
refcount: 1>
new_DM -- step:    51
Re-using DM from previous geometries...
Number of DMs in history: 1
 DM extrapolation coefficients: 
1   1.00000
New DM after history re-use:
<dSpData2D:SpM extrapolated using coords
  <sparsity:sparsity for geom step 50
    nrows_g=52 nrows=52 sparsity=1.0000 nnzs=2704, refcount: 9>
  <dData2D:(temp array for extrapolation) n=2704 m=1, refcount: 1>
refcount: 1>
Note: For starting DM, Qtot, Tr[D*S] =         16.00000000         15.87087868
No. of atoms with KB's overlaping orbs in proc 0. Max # of overlaps:       4      51

InitMesh: MESH = 120 x 120 x 120 = 1728000
InitMesh: Mesh cutoff (required, used) =   300.000   310.007 Ry
New grid distribution [1]: sub = 2

        iscf     Eharris(eV)        E_KS(eV)     FreeEng(eV)     dDmax    Ef(eV) dHmax(eV)
   scf:    1     -640.106958     -639.696130     -639.721811  0.109658 -5.337737  0.990032
   scf:    2     -633.040428     -637.621305     -637.623650  0.213905 -5.263427  5.942891
   scf:    3     -640.050127     -639.756651     -639.778247  0.171364 -5.335360  0.123450
   scf:    4     -639.757973     -639.757420     -639.778830  0.002005 -5.336476  0.071833
   scf:    5     -639.768954     -639.763809     -639.780931  0.013592 -5.345663  0.027319
   scf:    6     -639.763796     -639.763832     -639.781030  0.001931 -5.346671  0.024847
   scf:    7     -639.763364     -639.763638     -639.781053  0.000968 -5.346568  0.027808
   scf:    8     -639.762966     -639.763341     -639.781090  0.001522 -5.348252  0.016635
   scf:    9     -639.763461     -639.763414     -639.781101  0.000681 -5.348279  0.009735
   scf:   10     -639.763398     -639.763408     -639.781106  0.000184 -5.348576  0.002106
   scf:   11     -639.763368     -639.763388     -639.781106  0.000056 -5.348551  0.001643
   scf:   12     -639.763408     -639.763398     -639.781106  0.000065 -5.348518  0.001547
   scf:   13     -639.763443     -639.763421     -639.781107  0.000087 -5.348517  0.001293
   scf:   14     -639.763467     -639.763444     -639.781107  0.000101 -5.348503  0.000573
   scf:   15     -639.763443     -639.763443     -639.781107  0.000005 -5.348480  0.000512

SCF Convergence by DM+H criterion
max |DM_out - DM_in|         :     0.0000048385
max |H_out - H_in|      (eV) :     0.0005115755
SCF cycle converged after 15 iterations

Using DM_out to compute the final energy and forces
No. of atoms with KB's overlaping orbs in proc 0. Max # of overlaps:       4      51

siesta: E_KS(eV) =             -639.7634

siesta: Atomic forces (eV/Ang):
----------------------------------------
   Tot    0.000067   -0.000609    0.001526
----------------------------------------
   Max    2.888651
   Res    1.617039    sqrt( Sum f_i^2 / 3N )
----------------------------------------
   Max    2.888651    constrained

Stress tensor Voigt[x,y,z,yz,xz,xy] (kbar):        2.63        3.17        4.55        1.37        3.04        2.09
(Free)E + p*V (eV/cell)     -642.7253
Target enthalpy (eV/cell)     -639.7811

siesta: Stress tensor (static) (eV/Ang**3):
         0.001645    0.001303    0.001898
         0.001303    0.001981    0.000857
         0.001898    0.000857    0.002841

siesta: Pressure (static):         -3.45346099  kBar

siesta: Stress tensor (total) (eV/Ang**3):
         0.001645    0.001303    0.001898
         0.001303    0.001981    0.000857
         0.001898    0.000857    0.002841

siesta: Pressure (total):         -3.45346099  kBar

                     ====================================
                        Begin CG opt. move =     51
                     ====================================
k-point displ. along   3 input, could be:     0.00    0.50
 Kpoints in:          480 . Kpoints trimmed:          458

siesta: k-grid: Number of k-points = 458
siesta: k-points from Monkhorst-Pack grid
siesta: k-cutoff (effective) =    21.561 Ang
siesta: k-point supercell and displacements
siesta: k-grid:    15     0     0      0.000
siesta: k-grid:     0    15     0      0.000
siesta: k-grid:     0     0     4      0.000

outcell: Unit cell vectors (Ang):
       11.103792    0.077883   -0.229921
        0.079206   11.355147    0.145927
       -0.284525    0.177567   10.775159

outcell: Cell vector modules (Ang)   :   11.106445   11.356360   10.780377
outcell: Cell angles (23,13,12) (deg):     88.3308     92.6917     89.2140
outcell: Cell volume (Ang**3)        :   1357.4844
<dSpData1D:S at geom step 51
  <sparsity:sparsity for geom step 51
    nrows_g=52 nrows=52 sparsity=1.0000 nnzs=2704, refcount: 7>
  <dData1D:(new from dSpData1D) n=2704, refcount: 1>
refcount: 1>
new_DM -- step:    52
Re-using DM from previous geometries...
Number of DMs in history: 1
 DM extrapolation coefficients: 
1   1.00000
New DM after history re-use:
<dSpData2D:SpM extrapolated using coords
  <sparsity:sparsity for geom step 51
    nrows_g=52 nrows=52 sparsity=1.0000 nnzs=2704, refcount: 9>
  <dData2D:(temp array for extrapolation) n=2704 m=1, refcount: 1>
refcount: 1>
Note: For starting DM, Qtot, Tr[D*S] =         16.00000000         16.06803405
No. of atoms with KB's overlaping orbs in proc 0. Max # of overlaps:       4      51

InitMesh: MESH = 120 x 120 x 120 = 1728000
InitMesh: Mesh cutoff (required, used) =   300.000   308.926 Ry
New grid distribution [1]: sub = 2

        iscf     Eharris(eV)        E_KS(eV)     FreeEng(eV)     dDmax    Ef(eV) dHmax(eV)
   scf:    1     -639.595598     -639.825023     -639.831638  0.073236 -5.359362  0.477795
   scf:    2     -638.089857     -639.282664     -639.290832  0.099849 -5.299380  3.005864
   scf:    3     -639.915649     -639.840080     -639.847382  0.085869 -5.349997  0.105960
   scf:    4     -639.839904     -639.840151     -639.848227  0.002473 -5.342715  0.095151
   scf:    5     -639.838472     -639.839555     -639.848915  0.005764 -5.331384  0.052302
   scf:    6     -639.838196     -639.838973     -639.849103  0.002375 -5.326605  0.026493
   scf:    7     -639.838162     -639.838608     -639.849138  0.001835 -5.323479  0.013543
   scf:    8     -639.838680     -639.838651     -639.849138  0.000460 -5.323936  0.019211
   scf:    9     -639.838745     -639.838712     -639.849171  0.000638 -5.324897  0.002043
   scf:   10     -639.838740     -639.838726     -639.849171  0.000037 -5.325001  0.001677
   scf:   11     -639.838695     -639.838711     -639.849172  0.000099 -5.325203  0.000708

SCF Convergence by DM+H criterion
max |DM_out - DM_in|         :     0.0000994310
max |H_out - H_in|      (eV) :     0.0007081037
SCF cycle converged after 11 iterations

Using DM_out to compute the final energy and forces
No. of atoms with KB's overlaping orbs in proc 0. Max # of overlaps:       4      51

siesta: E_KS(eV) =             -639.8387

siesta: Atomic forces (eV/Ang):
----------------------------------------
   Tot    0.000420   -0.000965    0.001384
----------------------------------------
   Max    2.538918
   Res    1.294831    sqrt( Sum f_i^2 / 3N )
----------------------------------------
   Max    2.538918    constrained

Stress tensor Voigt[x,y,z,yz,xz,xy] (kbar):        1.66        1.84        3.03        1.01        2.03        1.36
(Free)E + p*V (eV/cell)     -641.6928
Target enthalpy (eV/cell)     -639.8492

siesta: Stress tensor (static) (eV/Ang**3):
         0.001037    0.000850    0.001269
         0.000850    0.001146    0.000631
         0.001269    0.000631    0.001891

siesta: Pressure (static):         -2.17592471  kBar

siesta: Stress tensor (total) (eV/Ang**3):
         0.001037    0.000850    0.001269
         0.000850    0.001146    0.000631
         0.001269    0.000631    0.001891

siesta: Pressure (total):         -2.17592471  kBar

cgvc: Finished line minimization   13.  Mean atomic displacement =    0.1807

                     ====================================
                        Begin CG opt. move =     52
                     ====================================
k-point displ. along   3 input, could be:     0.00    0.50
 Kpoints in:          480 . Kpoints trimmed:          458

siesta: k-grid: Number of k-points = 458
siesta: k-points from Monkhorst-Pack grid
siesta: k-cutoff (effective) =    21.679 Ang
siesta: k-point supercell and displacements
siesta: k-grid:    15     0     0      0.000
siesta: k-grid:     0    15     0      0.000
siesta: k-grid:     0     0     4      0.000

outcell: Unit cell vectors (Ang):
       11.086754    0.066054   -0.206151
        0.067176   11.314796    0.144700
       -0.255111    0.176073   10.835198

outcell: Cell vector modules (Ang)   :   11.088867   11.315920   10.839631
outcell: Cell angles (23,13,12) (deg):     88.3448     92.4081     89.3323
outcell: Cell volume (Ang**3)        :   1358.2839
<dSpData1D:S at geom step 52
  <sparsity:sparsity for geom step 52
    nrows_g=52 nrows=52 sparsity=1.0000 nnzs=2704, refcount: 7>
  <dData1D:(new from dSpData1D) n=2704, refcount: 1>
refcount: 1>
new_DM -- step:    53
Re-using DM from previous geometries...
Number of DMs in history: 1
 DM extrapolation coefficients: 
1   1.00000
New DM after history re-use:
<dSpData2D:SpM extrapolated using coords
  <sparsity:sparsity for geom step 52
    nrows_g=52 nrows=52 sparsity=1.0000 nnzs=2704, refcount: 9>
  <dData2D:(temp array for extrapolation) n=2704 m=1, refcount: 1>
refcount: 1>
Note: For starting DM, Qtot, Tr[D*S] =         16.00000000         16.07810389
No. of atoms with KB's overlaping orbs in proc 0. Max # of overlaps:       4      51

InitMesh: MESH = 120 x 120 x 120 = 1728000
InitMesh: Mesh cutoff (required, used) =   300.000   311.114 Ry
New grid distribution [1]: sub = 2

        iscf     Eharris(eV)        E_KS(eV)     FreeEng(eV)     dDmax    Ef(eV) dHmax(eV)
   scf:    1     -637.101978     -639.120659     -639.131104  0.128075 -5.401307  3.777732
   scf:    2     -549.403385     -610.932298     -610.932298  0.570152 -4.769171 21.722244
   scf:    3     -643.739086     -639.965388     -639.984515  0.564292 -5.412595  0.581101
   scf:    4     -639.988786     -639.978029     -639.996488  0.010475 -5.407726  0.390753
   scf:    5     -640.005710     -639.997033     -640.013505  0.023577 -5.389445  0.195164
   scf:    6     -640.007468     -640.003840     -640.016514  0.013727 -5.356508  0.119438
   scf:    7     -640.004483     -640.004537     -640.017269  0.002718 -5.353108  0.078737
   scf:    8     -640.003716     -640.004374     -640.017685  0.003094 -5.354130  0.023920
   scf:    9     -640.004538     -640.004467     -640.017719  0.000441 -5.354001  0.010774
   scf:   10     -640.004151     -640.004317     -640.017750  0.000883 -5.354483  0.005373
   scf:   11     -640.004347     -640.004333     -640.017751  0.000110 -5.354521  0.003231
   scf:   12     -640.004449     -640.004392     -640.017757  0.000411 -5.354819  0.000793
   scf:   13     -640.004395     -640.004393     -640.017757  0.000018 -5.354817  0.000671

SCF Convergence by DM+H criterion
max |DM_out - DM_in|         :     0.0000177941
max |H_out - H_in|      (eV) :     0.0006713665
SCF cycle converged after 13 iterations

Using DM_out to compute the final energy and forces
No. of atoms with KB's overlaping orbs in proc 0. Max # of overlaps:       4      51

siesta: E_KS(eV) =             -640.0044

siesta: Atomic forces (eV/Ang):
----------------------------------------
   Tot   -0.000754   -0.000581   -0.000778
----------------------------------------
   Max    1.495555
   Res    0.981255    sqrt( Sum f_i^2 / 3N )
----------------------------------------
   Max    1.495555    constrained

Stress tensor Voigt[x,y,z,yz,xz,xy] (kbar):        0.35        1.13       -0.73       -1.24       -0.96        0.53
(Free)E + p*V (eV/cell)     -640.2305
Target enthalpy (eV/cell)     -640.0178

siesta: Stress tensor (static) (eV/Ang**3):
         0.000220    0.000333   -0.000600
         0.000333    0.000705   -0.000776
        -0.000600   -0.000776   -0.000456

siesta: Pressure (static):         -0.25092319  kBar

siesta: Stress tensor (total) (eV/Ang**3):
         0.000220    0.000333   -0.000600
         0.000333    0.000705   -0.000776
        -0.000600   -0.000776   -0.000456

siesta: Pressure (total):         -0.25092319  kBar

                     ====================================
                        Begin CG opt. move =     53
                     ====================================
k-point displ. along   3 input, could be:     0.00    0.50
 Kpoints in:          480 . Kpoints trimmed:          458

siesta: k-grid: Number of k-points = 458
siesta: k-points from Monkhorst-Pack grid
siesta: k-cutoff (effective) =    21.663 Ang
siesta: k-point supercell and displacements
siesta: k-grid:    15     0     0      0.000
siesta: k-grid:     0    15     0      0.000
siesta: k-grid:     0     0     4      0.000

outcell: Unit cell vectors (Ang):
       11.089159    0.067724   -0.209507
        0.068874   11.320492    0.144873
       -0.259263    0.176284   10.826722

outcell: Cell vector modules (Ang)   :   11.091345   11.321629   10.831260
outcell: Cell angles (23,13,12) (deg):     88.3428     92.4481     89.3155
outcell: Cell volume (Ang**3)        :   1358.1760
<dSpData1D:S at geom step 53
  <sparsity:sparsity for geom step 53
    nrows_g=52 nrows=52 sparsity=1.0000 nnzs=2704, refcount: 7>
  <dData1D:(new from dSpData1D) n=2704, refcount: 1>
refcount: 1>
new_DM -- step:    54
Re-using DM from previous geometries...
Number of DMs in history: 1
 DM extrapolation coefficients: 
1   1.00000
New DM after history re-use:
<dSpData2D:SpM extrapolated using coords
  <sparsity:sparsity for geom step 53
    nrows_g=52 nrows=52 sparsity=1.0000 nnzs=2704, refcount: 9>
  <dData2D:(temp array for extrapolation) n=2704 m=1, refcount: 1>
refcount: 1>
No. of atoms with KB's overlaping orbs in proc 0. Max # of overlaps:       4      51

InitMesh: MESH = 120 x 120 x 120 = 1728000
InitMesh: Mesh cutoff (required, used) =   300.000   310.803 Ry
New grid distribution [1]: sub = 2

        iscf     Eharris(eV)        E_KS(eV)     FreeEng(eV)     dDmax    Ef(eV) dHmax(eV)
   scf:    1     -640.006016     -639.991608     -640.002912  0.016969 -5.344684  0.542469
   scf:    2     -637.991023     -639.370763     -639.376723  0.083617 -5.318461  3.264610
   scf:    3     -640.108113     -640.011564     -640.022361  0.071079 -5.344443  0.075042
   scf:    4     -640.011398     -640.011675     -640.022863  0.003668 -5.345785  0.040768
   scf:    5     -640.011111     -640.011608     -640.022923  0.002042 -5.346552  0.047810
   scf:    6     -640.010904     -640.011352     -640.023158  0.002041 -5.348689  0.011956
   scf:    7     -640.010964     -640.011172     -640.023166  0.000906 -5.350602  0.012416
   scf:    8     -640.011190     -640.011182     -640.023173  0.000152 -5.350584  0.007115
   scf:    9     -640.011166     -640.011176     -640.023178  0.000312 -5.350862  0.000597
   scf:   10     -640.011174     -640.011175     -640.023178  0.000008 -5.350865  0.000550

SCF Convergence by DM+H criterion
max |DM_out - DM_in|         :     0.0000075914
max |H_out - H_in|      (eV) :     0.0005504267
SCF cycle converged after 10 iterations

Using DM_out to compute the final energy and forces
No. of atoms with KB's overlaping orbs in proc 0. Max # of overlaps:       4      51

siesta: E_KS(eV) =             -640.0112

siesta: Atomic forces (eV/Ang):
----------------------------------------
   Tot   -0.000580    0.000295   -0.002408
----------------------------------------
   Max    1.443577
   Res    0.831016    sqrt( Sum f_i^2 / 3N )
----------------------------------------
   Max    1.443577    constrained

Stress tensor Voigt[x,y,z,yz,xz,xy] (kbar):        0.52        1.19       -0.16       -0.88       -0.47        0.60
(Free)E + p*V (eV/cell)     -640.4586
Target enthalpy (eV/cell)     -640.0232

siesta: Stress tensor (static) (eV/Ang**3):
         0.000322    0.000376   -0.000296
         0.000375    0.000742   -0.000551
        -0.000296   -0.000550   -0.000103

siesta: Pressure (static):         -0.51358828  kBar

siesta: Stress tensor (total) (eV/Ang**3):
         0.000322    0.000376   -0.000296
         0.000375    0.000742   -0.000551
        -0.000296   -0.000550   -0.000103

siesta: Pressure (total):         -0.51358828  kBar

cgvc: Finished line minimization   14.  Mean atomic displacement =    0.1552

                     ====================================
                        Begin CG opt. move =     54
                     ====================================
k-point displ. along   3 input, could be:     0.00    0.50
 Kpoints in:          480 . Kpoints trimmed:          458

siesta: k-grid: Number of k-points = 458
siesta: k-points from Monkhorst-Pack grid
siesta: k-cutoff (effective) =    21.751 Ang
siesta: k-point supercell and displacements
siesta: k-grid:    15     0     0      0.000
siesta: k-grid:     0    15     0      0.000
siesta: k-grid:     0     0     4      0.000

outcell: Unit cell vectors (Ang):
       11.070285    0.051346   -0.186470
        0.052218   11.275951    0.156079
       -0.230755    0.189919   10.871524

outcell: Cell vector modules (Ang)   :   11.071975   11.277152   10.875631
outcell: Cell angles (23,13,12) (deg):     88.2122     92.1760     89.4824
outcell: Cell volume (Ang**3)        :   1356.2244
<dSpData1D:S at geom step 54
  <sparsity:sparsity for geom step 54
    nrows_g=52 nrows=52 sparsity=1.0000 nnzs=2704, refcount: 7>
  <dData1D:(new from dSpData1D) n=2704, refcount: 1>
refcount: 1>
new_DM -- step:    55
Re-using DM from previous geometries...
Number of DMs in history: 1
 DM extrapolation coefficients: 
1   1.00000
New DM after history re-use:
<dSpData2D:SpM extrapolated using coords
  <sparsity:sparsity for geom step 54
    nrows_g=52 nrows=52 sparsity=1.0000 nnzs=2704, refcount: 9>
  <dData2D:(temp array for extrapolation) n=2704 m=1, refcount: 1>
refcount: 1>
Note: For starting DM, Qtot, Tr[D*S] =         16.00000000         16.16839319
No. of atoms with KB's overlaping orbs in proc 0. Max # of overlaps:       4      51

InitMesh: MESH = 120 x 120 x 120 = 1728000
InitMesh: Mesh cutoff (required, used) =   300.000   313.281 Ry
New grid distribution [1]: sub = 2

        iscf     Eharris(eV)        E_KS(eV)     FreeEng(eV)     dDmax    Ef(eV) dHmax(eV)
   scf:    1     -636.194003     -638.969396     -638.987568  0.185531 -5.483927  4.311187
   scf:    2     -534.272885     -605.958235     -605.958235  0.614109 -4.555667 23.013845
   scf:    3     -643.417410     -639.960500     -639.978474  0.624097 -5.410339  0.492260
   scf:    4     -639.989424     -639.976189     -639.994106  0.005181 -5.402188  0.471160
   scf:    5     -640.002742     -639.998580     -640.016140  0.024809 -5.377307  0.237466
   scf:    6     -640.005836     -640.004404     -640.018185  0.012992 -5.337356  0.182382
   scf:    7     -640.006686     -640.005993     -640.019733  0.003932 -5.334595  0.052902
   scf:    8     -640.005294     -640.005730     -640.020121  0.005023 -5.333294  0.032387
   scf:    9     -640.005385     -640.005586     -640.020190  0.001351 -5.333574  0.009485
   scf:   10     -640.005335     -640.005467     -640.020206  0.001374 -5.333962  0.004519
   scf:   11     -640.005447     -640.005457     -640.020208  0.000096 -5.333927  0.003236
   scf:   12     -640.005489     -640.005473     -640.020212  0.000181 -5.333552  0.002256
   scf:   13     -640.005493     -640.005483     -640.020213  0.000086 -5.333505  0.001837
   scf:   14     -640.005503     -640.005493     -640.020213  0.000150 -5.333910  0.001065
   scf:   15     -640.005436     -640.005465     -640.020214  0.000362 -5.334208  0.000366
   scf:   16     -640.005462     -640.005463     -640.020214  0.000004 -5.334228  0.000293

SCF Convergence by DM+H criterion
max |DM_out - DM_in|         :     0.0000044625
max |H_out - H_in|      (eV) :     0.0002926787
SCF cycle converged after 16 iterations

Using DM_out to compute the final energy and forces
No. of atoms with KB's overlaping orbs in proc 0. Max # of overlaps:       4      51

siesta: E_KS(eV) =             -640.0055

siesta: Atomic forces (eV/Ang):
----------------------------------------
   Tot   -0.000983   -0.000580   -0.001756
----------------------------------------
   Max    3.698268
   Res    1.527514    sqrt( Sum f_i^2 / 3N )
----------------------------------------
   Max    3.698268    constrained

Stress tensor Voigt[x,y,z,yz,xz,xy] (kbar):       -0.81       -1.32       -7.09        3.02       -1.44        0.12
(Free)E + p*V (eV/cell)     -637.4180
Target enthalpy (eV/cell)     -640.0202

siesta: Stress tensor (static) (eV/Ang**3):
        -0.000507    0.000078   -0.000900
         0.000078   -0.000821    0.001885
        -0.000900    0.001885   -0.004428

siesta: Pressure (static):          3.07418206  kBar

siesta: Stress tensor (total) (eV/Ang**3):
        -0.000507    0.000078   -0.000900
         0.000078   -0.000821    0.001885
        -0.000900    0.001885   -0.004428

siesta: Pressure (total):          3.07418206  kBar

                     ====================================
                        Begin CG opt. move =     55
                     ====================================
k-point displ. along   3 input, could be:     0.00    0.50
 Kpoints in:          480 . Kpoints trimmed:          458

siesta: k-grid: Number of k-points = 458
siesta: k-points from Monkhorst-Pack grid
siesta: k-cutoff (effective) =    21.703 Ang
siesta: k-point supercell and displacements
siesta: k-grid:    15     0     0      0.000
siesta: k-grid:     0    15     0      0.000
siesta: k-grid:     0     0     4      0.000

outcell: Unit cell vectors (Ang):
       11.080527    0.060233   -0.198971
        0.061256   11.300120    0.149998
       -0.246224    0.182520   10.847213

outcell: Cell vector modules (Ang)   :   11.082477   11.301282   10.851542
outcell: Cell angles (23,13,12) (deg):     88.2830     92.3235     89.3918
outcell: Cell volume (Ang**3)        :   1357.2920
<dSpData1D:S at geom step 55
  <sparsity:sparsity for geom step 55
    nrows_g=52 nrows=52 sparsity=1.0000 nnzs=2704, refcount: 7>
  <dData1D:(new from dSpData1D) n=2704, refcount: 1>
refcount: 1>
new_DM -- step:    56
Re-using DM from previous geometries...
Number of DMs in history: 1
 DM extrapolation coefficients: 
1   1.00000
New DM after history re-use:
<dSpData2D:SpM extrapolated using coords
  <sparsity:sparsity for geom step 55
    nrows_g=52 nrows=52 sparsity=1.0000 nnzs=2704, refcount: 9>
  <dData2D:(temp array for extrapolation) n=2704 m=1, refcount: 1>
refcount: 1>
Note: For starting DM, Qtot, Tr[D*S] =         16.00000000         15.88561157
No. of atoms with KB's overlaping orbs in proc 0. Max # of overlaps:       4      51

InitMesh: MESH = 120 x 120 x 120 = 1728000
InitMesh: Mesh cutoff (required, used) =   300.000   311.932 Ry
New grid distribution [1]: sub = 2

        iscf     Eharris(eV)        E_KS(eV)     FreeEng(eV)     dDmax    Ef(eV) dHmax(eV)
   scf:    1     -639.011013     -639.586161     -639.592979  0.128052 -5.274689  2.789062
   scf:    2     -603.147142     -628.454052     -628.455924  0.370580 -5.246820 14.907542
   scf:    3     -642.610615     -640.057102     -640.066410  0.276068 -5.312644  0.601950
   scf:    4     -640.055360     -640.072759     -640.082052  0.022620 -5.308969  0.297360
   scf:    5     -640.077458     -640.079270     -640.089033  0.011243 -5.317734  0.166347
   scf:    6     -640.080297     -640.080100     -640.090927  0.004876 -5.329527  0.142934
   scf:    7     -640.077415     -640.078985     -640.091368  0.003951 -5.344083  0.098284
   scf:    8     -640.080149     -640.079708     -640.092092  0.002311 -5.348453  0.038029
   scf:    9     -640.080133     -640.079956     -640.092206  0.001514 -5.348741  0.009355
   scf:   10     -640.080059     -640.080012     -640.092218  0.000651 -5.349152  0.002125
   scf:   11     -640.080009     -640.080010     -640.092218  0.000022 -5.349190  0.001819
   scf:   12     -640.079973     -640.079992     -640.092219  0.000130 -5.349586  0.000999
   scf:   13     -640.079986     -640.079989     -640.092219  0.000016 -5.349586  0.000847

SCF Convergence by DM+H criterion
max |DM_out - DM_in|         :     0.0000159800
max |H_out - H_in|      (eV) :     0.0008470370
SCF cycle converged after 13 iterations

Using DM_out to compute the final energy and forces
No. of atoms with KB's overlaping orbs in proc 0. Max # of overlaps:       4      51

siesta: E_KS(eV) =             -640.0800

siesta: Atomic forces (eV/Ang):
----------------------------------------
   Tot   -0.001033   -0.000491   -0.002083
----------------------------------------
   Max    0.832089
   Res    0.450722    sqrt( Sum f_i^2 / 3N )
----------------------------------------
   Max    0.832089    constrained

Stress tensor Voigt[x,y,z,yz,xz,xy] (kbar):       -0.06       -0.03       -3.07        0.73       -0.84        0.28
(Free)E + p*V (eV/cell)     -639.1990
Target enthalpy (eV/cell)     -640.0922

siesta: Stress tensor (static) (eV/Ang**3):
        -0.000039    0.000178   -0.000526
         0.000178   -0.000019    0.000455
        -0.000526    0.000455   -0.001916

siesta: Pressure (static):          1.05431783  kBar

siesta: Stress tensor (total) (eV/Ang**3):
        -0.000039    0.000178   -0.000526
         0.000178   -0.000019    0.000455
        -0.000526    0.000455   -0.001916

siesta: Pressure (total):          1.05431783  kBar

cgvc: Finished line minimization   15.  Mean atomic displacement =    0.0710

                     ====================================
                        Begin CG opt. move =     56
                     ====================================
k-point displ. along   3 input, could be:     0.00    0.50
 Kpoints in:          480 . Kpoints trimmed:          458

siesta: k-grid: Number of k-points = 458
siesta: k-points from Monkhorst-Pack grid
siesta: k-cutoff (effective) =    21.854 Ang
siesta: k-point supercell and displacements
siesta: k-grid:    15     0     0      0.000
siesta: k-grid:     0    15     0      0.000
siesta: k-grid:     0     0     4      0.000

outcell: Unit cell vectors (Ang):
       11.078202    0.052159   -0.179687
        0.053045   11.292578    0.138776
       -0.222361    0.168865   10.923385

outcell: Cell vector modules (Ang)   :   11.079782   11.293555   10.926953
outcell: Cell angles (23,13,12) (deg):     88.4161     92.0910     89.4726
outcell: Cell volume (Ang**3)        :   1365.7871
<dSpData1D:S at geom step 56
  <sparsity:sparsity for geom step 56
    nrows_g=52 nrows=52 sparsity=1.0000 nnzs=2704, refcount: 7>
  <dData1D:(new from dSpData1D) n=2704, refcount: 1>
refcount: 1>
new_DM -- step:    57
Re-using DM from previous geometries...
Number of DMs in history: 1
 DM extrapolation coefficients: 
1   1.00000
New DM after history re-use:
<dSpData2D:SpM extrapolated using coords
  <sparsity:sparsity for geom step 56
    nrows_g=52 nrows=52 sparsity=1.0000 nnzs=2704, refcount: 9>
  <dData2D:(temp array for extrapolation) n=2704 m=1, refcount: 1>
refcount: 1>
Note: For starting DM, Qtot, Tr[D*S] =         16.00000000         15.98083614
No. of atoms with KB's overlaping orbs in proc 0. Max # of overlaps:       4      51

InitMesh: MESH = 120 x 120 x 120 = 1728000
InitMesh: Mesh cutoff (required, used) =   300.000   312.306 Ry
New grid distribution [1]: sub = 2

        iscf     Eharris(eV)        E_KS(eV)     FreeEng(eV)     dDmax    Ef(eV) dHmax(eV)
   scf:    1     -639.950107     -639.988159     -640.008595  0.053064 -5.483402  1.492699
   scf:    2     -626.535427     -635.836621     -635.838101  0.189256 -5.268026  8.705089
   scf:    3     -640.954480     -640.132201     -640.149556  0.154953 -5.472034  0.310240
   scf:    4     -640.122122     -640.133561     -640.151501  0.010956 -5.474711  0.274421
   scf:    5     -640.134111     -640.138153     -640.154561  0.008469 -5.468979  0.162700
   scf:    6     -640.140043     -640.139914     -640.156172  0.003957 -5.468883  0.035406
   scf:    7     -640.141334     -640.140751     -640.156240  0.002650 -5.466341  0.035667
   scf:    8     -640.141095     -640.140967     -640.156362  0.000965 -5.466671  0.006477
   scf:    9     -640.140987     -640.140977     -640.156365  0.000170 -5.466705  0.004674
   scf:   10     -640.140936     -640.140957     -640.156368  0.000331 -5.466904  0.000675
   scf:   11     -640.140953     -640.140955     -640.156368  0.000045 -5.466892  0.000705

SCF Convergence by DM+H criterion
max |DM_out - DM_in|         :     0.0000445680
max |H_out - H_in|      (eV) :     0.0007049675
SCF cycle converged after 11 iterations

Using DM_out to compute the final energy and forces
No. of atoms with KB's overlaping orbs in proc 0. Max # of overlaps:       4      51

siesta: E_KS(eV) =             -640.1410

siesta: Atomic forces (eV/Ang):
----------------------------------------
   Tot    0.000355    0.000462    0.000755
----------------------------------------
   Max    1.335531
   Res    0.724558    sqrt( Sum f_i^2 / 3N )
----------------------------------------
   Max    1.335531    constrained

Stress tensor Voigt[x,y,z,yz,xz,xy] (kbar):        0.30       -0.59       -1.15        1.43        0.65       -0.02
(Free)E + p*V (eV/cell)     -639.7468
Target enthalpy (eV/cell)     -640.1564

siesta: Stress tensor (static) (eV/Ang**3):
         0.000188   -0.000012    0.000406
        -0.000013   -0.000369    0.000896
         0.000406    0.000896   -0.000718

siesta: Pressure (static):          0.48040801  kBar

siesta: Stress tensor (total) (eV/Ang**3):
         0.000188   -0.000012    0.000406
        -0.000013   -0.000369    0.000896
         0.000406    0.000896   -0.000718

siesta: Pressure (total):          0.48040801  kBar

                     ====================================
                        Begin CG opt. move =     57
                     ====================================
k-point displ. along   3 input, could be:     0.00    0.50
 Kpoints in:          480 . Kpoints trimmed:          458

siesta: k-grid: Number of k-points = 458
siesta: k-points from Monkhorst-Pack grid
siesta: k-cutoff (effective) =    22.096 Ang
siesta: k-point supercell and displacements
siesta: k-grid:    15     0     0      0.000
siesta: k-grid:     0    15     0      0.000
siesta: k-grid:     0     0     4      0.000

outcell: Unit cell vectors (Ang):
       11.074482    0.039240   -0.148833
        0.039907   11.280510    0.120820
       -0.184180    0.147016   11.045259

outcell: Cell vector modules (Ang)   :   11.075551   11.281227   11.047773
outcell: Cell angles (23,13,12) (deg):     88.6274     91.7224     89.6026
outcell: Cell volume (Ang**3)        :   1379.3129
<dSpData1D:S at geom step 57
  <sparsity:sparsity for geom step 57
    nrows_g=52 nrows=52 sparsity=1.0000 nnzs=2704, refcount: 7>
  <dData1D:(new from dSpData1D) n=2704, refcount: 1>
refcount: 1>
new_DM -- step:    58
Re-using DM from previous geometries...
Number of DMs in history: 1
 DM extrapolation coefficients: 
1   1.00000
New DM after history re-use:
<dSpData2D:SpM extrapolated using coords
  <sparsity:sparsity for geom step 57
    nrows_g=52 nrows=52 sparsity=1.0000 nnzs=2704, refcount: 9>
  <dData2D:(temp array for extrapolation) n=2704 m=1, refcount: 1>
refcount: 1>
Note: For starting DM, Qtot, Tr[D*S] =         16.00000000         15.95054678
No. of atoms with KB's overlaping orbs in proc 0. Max # of overlaps:       4      51

InitMesh: MESH = 120 x 120 x 120 = 1728000
InitMesh: Mesh cutoff (required, used) =   300.000   312.915 Ry
New grid distribution [1]: sub = 2

        iscf     Eharris(eV)        E_KS(eV)     FreeEng(eV)     dDmax    Ef(eV) dHmax(eV)
   scf:    1     -639.141653     -639.629683     -639.659815  0.095167 -5.659265  2.606281
   scf:    2     -605.268399     -629.151918     -629.153372  0.285280 -5.154030 14.506045
   scf:    3     -642.870378     -640.004924     -640.034028  0.207240 -5.645252  1.064632
   scf:    4     -640.012813     -640.059466     -640.089276  0.031400 -5.654724  0.504226
   scf:    5     -640.046030     -640.068027     -640.094730  0.014110 -5.648993  0.398212
   scf:    6     -640.084223     -640.078398     -640.103441  0.008942 -5.649603  0.106922
   scf:    7     -640.086067     -640.082737     -640.104445  0.007604 -5.645859  0.074899
   scf:    8     -640.082689     -640.082763     -640.104790  0.001288 -5.646077  0.044928
   scf:    9     -640.082602     -640.082742     -640.104921  0.001483 -5.646378  0.010560
   scf:   10     -640.081636     -640.082204     -640.104934  0.001204 -5.646461  0.011836
   scf:   11     -640.082095     -640.082154     -640.104942  0.000269 -5.646530  0.002674
   scf:   12     -640.082151     -640.082153     -640.104943  0.000046 -5.646527  0.001481
   scf:   13     -640.082298     -640.082226     -640.104944  0.000323 -5.646498  0.000846
   scf:   14     -640.082248     -640.082237     -640.104944  0.000037 -5.646462  0.000689

SCF Convergence by DM+H criterion
max |DM_out - DM_in|         :     0.0000367809
max |H_out - H_in|      (eV) :     0.0006888149
SCF cycle converged after 14 iterations

Using DM_out to compute the final energy and forces
No. of atoms with KB's overlaping orbs in proc 0. Max # of overlaps:       4      51

siesta: E_KS(eV) =             -640.0822

siesta: Atomic forces (eV/Ang):
----------------------------------------
   Tot   -0.000958   -0.002178    0.001326
----------------------------------------
   Max    4.330199
   Res    1.931852    sqrt( Sum f_i^2 / 3N )
----------------------------------------
   Max    4.330199    constrained

Stress tensor Voigt[x,y,z,yz,xz,xy] (kbar):        0.92       -1.45        1.59        2.60        2.72       -0.27
(Free)E + p*V (eV/cell)     -640.4066
Target enthalpy (eV/cell)     -640.1049

siesta: Stress tensor (static) (eV/Ang**3):
         0.000573   -0.000168    0.001695
        -0.000168   -0.000907    0.001623
         0.001695    0.001624    0.000990

siesta: Pressure (static):         -0.35036219  kBar

siesta: Stress tensor (total) (eV/Ang**3):
         0.000573   -0.000168    0.001695
        -0.000168   -0.000907    0.001623
         0.001695    0.001624    0.000990

siesta: Pressure (total):         -0.35036219  kBar

                     ====================================
                        Begin CG opt. move =     58
                     ====================================
k-point displ. along   3 input, could be:     0.00    0.50
 Kpoints in:          480 . Kpoints trimmed:          458

siesta: k-grid: Number of k-points = 458
siesta: k-points from Monkhorst-Pack grid
siesta: k-cutoff (effective) =    21.908 Ang
siesta: k-point supercell and displacements
siesta: k-grid:    15     0     0      0.000
siesta: k-grid:     0    15     0      0.000
siesta: k-grid:     0     0     4      0.000

outcell: Unit cell vectors (Ang):
       11.077363    0.049247   -0.172733
        0.050084   11.289858    0.134729
       -0.213756    0.163941   10.950852

outcell: Cell vector modules (Ang)   :   11.078819   11.290773   10.954165
outcell: Cell angles (23,13,12) (deg):     88.4639     92.0075     89.5019
outcell: Cell volume (Ang**3)        :   1368.8426
<dSpData1D:S at geom step 58
  <sparsity:sparsity for geom step 58
    nrows_g=52 nrows=52 sparsity=1.0000 nnzs=2704, refcount: 7>
  <dData1D:(new from dSpData1D) n=2704, refcount: 1>
refcount: 1>
new_DM -- step:    59
Re-using DM from previous geometries...
Number of DMs in history: 1
 DM extrapolation coefficients: 
1   1.00000
New DM after history re-use:
<dSpData2D:SpM extrapolated using coords
  <sparsity:sparsity for geom step 58
    nrows_g=52 nrows=52 sparsity=1.0000 nnzs=2704, refcount: 9>
  <dData2D:(temp array for extrapolation) n=2704 m=1, refcount: 1>
refcount: 1>
Note: For starting DM, Qtot, Tr[D*S] =         16.00000000         16.02650951
No. of atoms with KB's overlaping orbs in proc 0. Max # of overlaps:       4      51

InitMesh: MESH = 120 x 120 x 120 = 1728000
InitMesh: Mesh cutoff (required, used) =   300.000   312.442 Ry
New grid distribution [1]: sub = 2

        iscf     Eharris(eV)        E_KS(eV)     FreeEng(eV)     dDmax    Ef(eV) dHmax(eV)
   scf:    1     -639.220201     -639.938022     -639.948080  0.055222 -5.487894  1.836364
   scf:    2     -600.152908     -627.177741     -627.177907  0.410621 -5.305787 14.167425
   scf:    3     -641.182957     -640.140745     -640.152972  0.398542 -5.500870  0.369651
   scf:    4     -640.146461     -640.144377     -640.157043  0.003428 -5.501744  0.212974
   scf:    5     -640.144400     -640.145749     -640.160046  0.006121 -5.503006  0.046973
   scf:    6     -640.140833     -640.143632     -640.160037  0.005111 -5.506490  0.099081
   scf:    7     -640.142980     -640.143679     -640.160655  0.003484 -5.507073  0.026353
   scf:    8     -640.143707     -640.143727     -640.160736  0.001051 -5.507416  0.008540
   scf:    9     -640.143714     -640.143723     -640.160738  0.000331 -5.507697  0.006423
   scf:   10     -640.144073     -640.143900     -640.160743  0.000503 -5.507873  0.000849
   scf:   11     -640.143893     -640.143896     -640.160744  0.000031 -5.507893  0.000763

SCF Convergence by DM+H criterion
max |DM_out - DM_in|         :     0.0000306610
max |H_out - H_in|      (eV) :     0.0007634184
SCF cycle converged after 11 iterations

Using DM_out to compute the final energy and forces
No. of atoms with KB's overlaping orbs in proc 0. Max # of overlaps:       4      51

siesta: E_KS(eV) =             -640.1439

siesta: Atomic forces (eV/Ang):
----------------------------------------
   Tot   -0.001103    0.000740   -0.002334
----------------------------------------
   Max    2.024568
   Res    0.987851    sqrt( Sum f_i^2 / 3N )
----------------------------------------
   Max    2.024568    constrained

Stress tensor Voigt[x,y,z,yz,xz,xy] (kbar):        0.44       -0.79       -0.49        1.70        1.16       -0.10
(Free)E + p*V (eV/cell)     -639.9199
Target enthalpy (eV/cell)     -640.1607

siesta: Stress tensor (static) (eV/Ang**3):
         0.000272   -0.000065    0.000723
        -0.000065   -0.000495    0.001059
         0.000723    0.001059   -0.000305

siesta: Pressure (static):          0.28186992  kBar

siesta: Stress tensor (total) (eV/Ang**3):
         0.000272   -0.000065    0.000723
        -0.000065   -0.000495    0.001059
         0.000723    0.001059   -0.000305

siesta: Pressure (total):          0.28186992  kBar

cgvc: Finished line minimization   16.  Mean atomic displacement =    0.0966

                     ====================================
                        Begin CG opt. move =     59
                     ====================================
k-point displ. along   3 input, could be:     0.00    0.50
 Kpoints in:          480 . Kpoints trimmed:          458

siesta: k-grid: Number of k-points = 458
siesta: k-points from Monkhorst-Pack grid
siesta: k-cutoff (effective) =    22.106 Ang
siesta: k-point supercell and displacements
siesta: k-grid:    15     0     0      0.000
siesta: k-grid:     0    15     0      0.000
siesta: k-grid:     0     0     4      0.000

outcell: Unit cell vectors (Ang):
       11.072324    0.039495   -0.153793
        0.040166   11.284142    0.112216
       -0.190317    0.136546   11.050467

outcell: Cell vector modules (Ang)   :   11.073462   11.284771   11.052949
outcell: Cell angles (23,13,12) (deg):     88.7260     91.7798     89.5997
outcell: Cell volume (Ang**3)        :   1380.1447
<dSpData1D:S at geom step 59
  <sparsity:sparsity for geom step 59
    nrows_g=52 nrows=52 sparsity=1.0000 nnzs=2704, refcount: 7>
  <dData1D:(new from dSpData1D) n=2704, refcount: 1>
refcount: 1>
new_DM -- step:    60
Re-using DM from previous geometries...
Number of DMs in history: 1
 DM extrapolation coefficients: 
1   1.00000
New DM after history re-use:
<dSpData2D:SpM extrapolated using coords
  <sparsity:sparsity for geom step 59
    nrows_g=52 nrows=52 sparsity=1.0000 nnzs=2704, refcount: 9>
  <dData2D:(temp array for extrapolation) n=2704 m=1, refcount: 1>
refcount: 1>
Note: For starting DM, Qtot, Tr[D*S] =         16.00000000         15.93378012
No. of atoms with KB's overlaping orbs in proc 0. Max # of overlaps:       4      51

InitMesh: MESH = 120 x 120 x 120 = 1728000
InitMesh: Mesh cutoff (required, used) =   300.000   312.694 Ry
New grid distribution [1]: sub = 2

        iscf     Eharris(eV)        E_KS(eV)     FreeEng(eV)     dDmax    Ef(eV) dHmax(eV)
   scf:    1     -640.421748     -640.173785     -640.208477  0.074792 -5.538188  0.830902
   scf:    2     -635.073642     -638.575841     -638.582305  0.172964 -5.554145  5.257015
   scf:    3     -640.385725     -640.217740     -640.247226  0.148660 -5.546114  0.076101
   scf:    4     -640.223294     -640.220609     -640.248455  0.003617 -5.547754  0.075467
   scf:    5     -640.231251     -640.226448     -640.249882  0.010709 -5.552218  0.036184
   scf:    6     -640.227882     -640.227320     -640.249994  0.002872 -5.553982  0.032432
   scf:    7     -640.226938     -640.227131     -640.250028  0.000504 -5.553856  0.030012
   scf:    8     -640.225802     -640.226503     -640.250137  0.002103 -5.553718  0.008470
   scf:    9     -640.226823     -640.226664     -640.250135  0.000392 -5.554019  0.004663
   scf:   10     -640.226087     -640.226377     -640.250142  0.000687 -5.554209  0.002119
   scf:   11     -640.226350     -640.226364     -640.250142  0.000032 -5.554213  0.001736
   scf:   12     -640.226373     -640.226368     -640.250142  0.000068 -5.554194  0.000513

SCF Convergence by DM+H criterion
max |DM_out - DM_in|         :     0.0000675867
max |H_out - H_in|      (eV) :     0.0005134183
SCF cycle converged after 12 iterations

Using DM_out to compute the final energy and forces
No. of atoms with KB's overlaping orbs in proc 0. Max # of overlaps:       4      51

siesta: E_KS(eV) =             -640.2264

siesta: Atomic forces (eV/Ang):
----------------------------------------
   Tot   -0.000927   -0.002003    0.000954
----------------------------------------
   Max    1.992771
   Res    0.862043    sqrt( Sum f_i^2 / 3N )
----------------------------------------
   Max    1.992771    constrained

Stress tensor Voigt[x,y,z,yz,xz,xy] (kbar):        0.90        0.54        1.56        0.74        1.28        0.51
(Free)E + p*V (eV/cell)     -641.1116
Target enthalpy (eV/cell)     -640.2501

siesta: Stress tensor (static) (eV/Ang**3):
         0.000560    0.000321    0.000801
         0.000321    0.000339    0.000462
         0.000800    0.000463    0.000974

siesta: Pressure (static):         -0.99998980  kBar

siesta: Stress tensor (total) (eV/Ang**3):
         0.000560    0.000321    0.000801
         0.000321    0.000339    0.000462
         0.000800    0.000463    0.000974

siesta: Pressure (total):         -0.99998980  kBar

                     ====================================
                        Begin CG opt. move =     60
                     ====================================
k-point displ. along   3 input, could be:     0.00    0.50
 Kpoints in:          480 . Kpoints trimmed:          458

siesta: k-grid: Number of k-points = 458
siesta: k-points from Monkhorst-Pack grid
siesta: k-cutoff (effective) =    22.423 Ang
siesta: k-point supercell and displacements
siesta: k-grid:    15     0     0      0.000
siesta: k-grid:     0    15     0      0.000
siesta: k-grid:     0     0     4      0.000

outcell: Unit cell vectors (Ang):
       11.064261    0.023891   -0.123488
        0.024297   11.274997    0.076195
       -0.152815    0.092715   11.209850

outcell: Cell vector modules (Ang)   :   11.064976   11.275280   11.211275
outcell: Cell angles (23,13,12) (deg):     89.1407     91.4194     89.7572
outcell: Cell volume (Ang**3)        :   1398.1253
<dSpData1D:S at geom step 60
  <sparsity:sparsity for geom step 60
    nrows_g=52 nrows=52 sparsity=.9993 nnzs=2702, refcount: 7>
  <dData1D:(new from dSpData1D) n=2702, refcount: 1>
refcount: 1>
new_DM -- step:    61
Re-using DM from previous geometries...
Number of DMs in history: 1
 DM extrapolation coefficients: 
1   1.00000
New DM after history re-use:
<dSpData2D:SpM extrapolated using coords
  <sparsity:sparsity for geom step 60
    nrows_g=52 nrows=52 sparsity=.9993 nnzs=2702, refcount: 9>
  <dData2D:(temp array for extrapolation) n=2702 m=1, refcount: 1>
refcount: 1>
Note: For starting DM, Qtot, Tr[D*S] =         16.00000000         15.85131509
No. of atoms with KB's overlaping orbs in proc 0. Max # of overlaps:       4      48

InitMesh: MESH = 120 x 120 x 120 = 1728000
InitMesh: Mesh cutoff (required, used) =   300.000   313.124 Ry
New grid distribution [1]: sub = 2

        iscf     Eharris(eV)        E_KS(eV)     FreeEng(eV)     dDmax    Ef(eV) dHmax(eV)
   scf:    1     -640.001362     -639.946111     -640.007820  0.178781 -5.541449  1.961862
   scf:    2     -614.758495     -632.069615     -632.069858  0.406772 -5.449264 11.966555
   scf:    3     -641.136197     -640.202953     -640.248399  0.327688 -5.560297  0.169815
   scf:    4     -640.213138     -640.208188     -640.251523  0.006230 -5.563339  0.149860
   scf:    5     -640.231584     -640.222210     -640.256485  0.024070 -5.578935  0.068936
   scf:    6     -640.222735     -640.222642     -640.256946  0.003434 -5.587284  0.029757
   scf:    7     -640.221213     -640.221950     -640.257189  0.002047 -5.587586  0.023900
   scf:    8     -640.217702     -640.219943     -640.257435  0.005560 -5.587755  0.011594
   scf:    9     -640.220507     -640.220228     -640.257443  0.000788 -5.588012  0.008635
   scf:   10     -640.220632     -640.220432     -640.257456  0.000524 -5.588976  0.002370
   scf:   11     -640.220244     -640.220338     -640.257456  0.000237 -5.588952  0.001717
   scf:   12     -640.220412     -640.220375     -640.257457  0.000134 -5.588753  0.000982
   scf:   13     -640.220373     -640.220374     -640.257457  0.000008 -5.588706  0.000973

SCF Convergence by DM+H criterion
max |DM_out - DM_in|         :     0.0000077570
max |H_out - H_in|      (eV) :     0.0009732420
SCF cycle converged after 13 iterations

Using DM_out to compute the final energy and forces
No. of atoms with KB's overlaping orbs in proc 0. Max # of overlaps:       4      48

siesta: E_KS(eV) =             -640.2204

siesta: Atomic forces (eV/Ang):
----------------------------------------
   Tot    0.000663    0.001057    0.000475
----------------------------------------
   Max    1.723276
   Res    1.233384    sqrt( Sum f_i^2 / 3N )
----------------------------------------
   Max    1.723276    constrained

Stress tensor Voigt[x,y,z,yz,xz,xy] (kbar):        1.54        2.81        5.59       -1.01        1.67        1.34
(Free)E + p*V (eV/cell)     -643.1481
Target enthalpy (eV/cell)     -640.2575

siesta: Stress tensor (static) (eV/Ang**3):
         0.000960    0.000839    0.001043
         0.000839    0.001753   -0.000631
         0.001043   -0.000631    0.003490

siesta: Pressure (static):         -3.31252818  kBar

siesta: Stress tensor (total) (eV/Ang**3):
         0.000960    0.000839    0.001043
         0.000839    0.001753   -0.000631
         0.001043   -0.000631    0.003490

siesta: Pressure (total):         -3.31252818  kBar

                     ====================================
                        Begin CG opt. move =     61
                     ====================================
k-point displ. along   3 input, could be:     0.00    0.50
 Kpoints in:          480 . Kpoints trimmed:          458

siesta: k-grid: Number of k-points = 458
siesta: k-points from Monkhorst-Pack grid
siesta: k-cutoff (effective) =    22.287 Ang
siesta: k-point supercell and displacements
siesta: k-grid:    15     0     0      0.000
siesta: k-grid:     0    15     0      0.000
siesta: k-grid:     0     0     4      0.000

outcell: Unit cell vectors (Ang):
       11.067701    0.030548   -0.136415
        0.031067   11.278898    0.091561
       -0.168813    0.111413   11.141859

outcell: Cell vector modules (Ang)   :   11.068583   11.279312   11.143695
outcell: Cell angles (23,13,12) (deg):     88.9645     91.5725     89.6898
outcell: Cell volume (Ang**3)        :   1390.4704
<dSpData1D:S at geom step 61
  <sparsity:sparsity for geom step 61
    nrows_g=52 nrows=52 sparsity=.9993 nnzs=2702, refcount: 7>
  <dData1D:(new from dSpData1D) n=2702, refcount: 1>
refcount: 1>
new_DM -- step:    62
Re-using DM from previous geometries...
Number of DMs in history: 1
 DM extrapolation coefficients: 
1   1.00000
New DM after history re-use:
<dSpData2D:SpM extrapolated using coords
  <sparsity:sparsity for geom step 61
    nrows_g=52 nrows=52 sparsity=.9993 nnzs=2702, refcount: 9>
  <dData2D:(temp array for extrapolation) n=2702 m=1, refcount: 1>
refcount: 1>
Note: For starting DM, Qtot, Tr[D*S] =         16.00000000         16.05692109
No. of atoms with KB's overlaping orbs in proc 0. Max # of overlaps:       4      51

InitMesh: MESH = 120 x 120 x 120 = 1728000
InitMesh: Mesh cutoff (required, used) =   300.000   312.937 Ry
New grid distribution [1]: sub = 2

        iscf     Eharris(eV)        E_KS(eV)     FreeEng(eV)     dDmax    Ef(eV) dHmax(eV)
   scf:    1     -639.988615     -640.224895     -640.245812  0.067576 -5.607263  0.767780
   scf:    2     -636.034625     -638.899758     -638.936580  0.136093 -5.512951  4.776073
   scf:    3     -640.430280     -640.251477     -640.276439  0.114727 -5.597400  0.123052
   scf:    4     -640.250754     -640.251181     -640.277399  0.003146 -5.594843  0.073995
   scf:    5     -640.244206     -640.248156     -640.278801  0.009379 -5.586020  0.046427
   scf:    6     -640.246675     -640.247520     -640.278969  0.003193 -5.582291  0.030147
   scf:    7     -640.244798     -640.246187     -640.278892  0.002802 -5.578367  0.017292
   scf:    8     -640.249008     -640.247639     -640.279029  0.003059 -5.579350  0.004209
   scf:    9     -640.247413     -640.247526     -640.279028  0.000286 -5.579229  0.002510
   scf:   10     -640.248025     -640.247777     -640.279032  0.000569 -5.579401  0.001214
   scf:   11     -640.247780     -640.247778     -640.279032  0.000010 -5.579431  0.000908

SCF Convergence by DM+H criterion
max |DM_out - DM_in|         :     0.0000101360
max |H_out - H_in|      (eV) :     0.0009078039
SCF cycle converged after 11 iterations

Using DM_out to compute the final energy and forces
No. of atoms with KB's overlaping orbs in proc 0. Max # of overlaps:       4      51

siesta: E_KS(eV) =             -640.2478

siesta: Atomic forces (eV/Ang):
----------------------------------------
   Tot   -0.000402   -0.000362   -0.000357
----------------------------------------
   Max    1.826977
   Res    0.999246    sqrt( Sum f_i^2 / 3N )
----------------------------------------
   Max    1.826977    constrained

Stress tensor Voigt[x,y,z,yz,xz,xy] (kbar):        1.28        1.85        3.78       -0.24        1.47        1.03
(Free)E + p*V (eV/cell)     -642.2783
Target enthalpy (eV/cell)     -640.2790

siesta: Stress tensor (static) (eV/Ang**3):
         0.000799    0.000643    0.000917
         0.000643    0.001156   -0.000153
         0.000917   -0.000153    0.002359

siesta: Pressure (static):         -2.30369617  kBar

siesta: Stress tensor (total) (eV/Ang**3):
         0.000799    0.000643    0.000917
         0.000643    0.001156   -0.000153
         0.000917   -0.000153    0.002359

siesta: Pressure (total):         -2.30369617  kBar

cgvc: Finished line minimization   17.  Mean atomic displacement =    0.1852

                     ====================================
                        Begin CG opt. move =     62
                     ====================================
k-point displ. along   3 input, could be:     0.00    0.50
 Kpoints in:          480 . Kpoints trimmed:          458

siesta: k-grid: Number of k-points = 458
siesta: k-points from Monkhorst-Pack grid
siesta: k-cutoff (effective) =    22.529 Ang
siesta: k-point supercell and displacements
siesta: k-grid:    15     0     0      0.000
siesta: k-grid:     0    15     0      0.000
siesta: k-grid:     0     0     4      0.000

outcell: Unit cell vectors (Ang):
       11.045725    0.003139   -0.119423
        0.003192   11.249462    0.055716
       -0.147785    0.067796   11.263088

outcell: Cell vector modules (Ang)   :   11.046371   11.249601   11.264262
outcell: Cell angles (23,13,12) (deg):     89.3716     91.3711     89.9705
outcell: Cell volume (Ang**3)        :   1399.2937
<dSpData1D:S at geom step 62
  <sparsity:sparsity for geom step 62
    nrows_g=52 nrows=52 sparsity=.9948 nnzs=2690, refcount: 7>
  <dData1D:(new from dSpData1D) n=2690, refcount: 1>
refcount: 1>
new_DM -- step:    63
Re-using DM from previous geometries...
Number of DMs in history: 1
 DM extrapolation coefficients: 
1   1.00000
New DM after history re-use:
<dSpData2D:SpM extrapolated using coords
  <sparsity:sparsity for geom step 62
    nrows_g=52 nrows=52 sparsity=.9948 nnzs=2690, refcount: 9>
  <dData2D:(temp array for extrapolation) n=2690 m=1, refcount: 1>
refcount: 1>
No. of atoms with KB's overlaping orbs in proc 0. Max # of overlaps:       4      48

InitMesh: MESH = 120 x 120 x 120 = 1728000
InitMesh: Mesh cutoff (required, used) =   300.000   313.877 Ry
New grid distribution [1]: sub = 2

        iscf     Eharris(eV)        E_KS(eV)     FreeEng(eV)     dDmax    Ef(eV) dHmax(eV)
   scf:    1     -637.959818     -639.579038     -639.648350  0.289054 -5.630647  3.442851
   scf:    2     -557.699831     -613.588832     -613.588832  0.712425 -5.094551 20.963677
   scf:    3     -642.386325     -640.342573     -640.394848  0.583930 -5.611462  0.485430
   scf:    4     -640.383949     -640.367245     -640.414994  0.020264 -5.605585  0.198391
   scf:    5     -640.390093     -640.381674     -640.425810  0.015473 -5.595987  0.110464
   scf:    6     -640.381802     -640.381739     -640.425868  0.000137 -5.595902  0.105709
   scf:    7     -640.384642     -640.384012     -640.428451  0.007338 -5.581856  0.024967
   scf:    8     -640.383037     -640.383545     -640.428482  0.001637 -5.581049  0.039954
   scf:    9     -640.382647     -640.383146     -640.428592  0.002267 -5.581132  0.006591
   scf:   10     -640.384400     -640.383782     -640.428602  0.001782 -5.581643  0.008402
   scf:   11     -640.383682     -640.383733     -640.428606  0.000256 -5.581733  0.002294
   scf:   12     -640.383662     -640.383697     -640.428607  0.000104 -5.581784  0.001366
   scf:   13     -640.383419     -640.383558     -640.428609  0.000405 -5.582012  0.000722
   scf:   14     -640.383551     -640.383554     -640.428609  0.000021 -5.582022  0.000557

SCF Convergence by DM+H criterion
max |DM_out - DM_in|         :     0.0000210681
max |H_out - H_in|      (eV) :     0.0005573693
SCF cycle converged after 14 iterations

Using DM_out to compute the final energy and forces
No. of atoms with KB's overlaping orbs in proc 0. Max # of overlaps:       4      48

siesta: E_KS(eV) =             -640.3836

siesta: Atomic forces (eV/Ang):
----------------------------------------
   Tot    0.000048   -0.001929    0.002081
----------------------------------------
   Max    2.049544
   Res    1.043111    sqrt( Sum f_i^2 / 3N )
----------------------------------------
   Max    2.049544    constrained

Stress tensor Voigt[x,y,z,yz,xz,xy] (kbar):        0.37        2.58        2.18       -1.86       -0.24        0.78
(Free)E + p*V (eV/cell)     -641.9237
Target enthalpy (eV/cell)     -640.4286

siesta: Stress tensor (static) (eV/Ang**3):
         0.000233    0.000485   -0.000149
         0.000485    0.001610   -0.001160
        -0.000149   -0.001160    0.001362

siesta: Pressure (static):         -1.71180579  kBar

siesta: Stress tensor (total) (eV/Ang**3):
         0.000233    0.000485   -0.000149
         0.000485    0.001610   -0.001160
        -0.000149   -0.001160    0.001362

siesta: Pressure (total):         -1.71180579  kBar

                     ====================================
                        Begin CG opt. move =     63
                     ====================================
k-point displ. along   3 input, could be:     0.00    0.50
 Kpoints in:          480 . Kpoints trimmed:          458

siesta: k-grid: Number of k-points = 458
siesta: k-points from Monkhorst-Pack grid
siesta: k-cutoff (effective) =    22.781 Ang
siesta: k-point supercell and displacements
siesta: k-grid:    15     0     0      0.000
siesta: k-grid:     0    15     0      0.000
siesta: k-grid:     0     0     4      0.000

outcell: Unit cell vectors (Ang):
       11.022783   -0.025476   -0.101682
       -0.025909   11.218730    0.018293
       -0.125831    0.022259   11.389655

outcell: Cell vector modules (Ang)   :   11.023281   11.218775   11.390372
outcell: Cell angles (23,13,12) (deg):     89.7932     91.1617     90.2656
outcell: Cell volume (Ang**3)        :   1408.3078
<dSpData1D:S at geom step 63
  <sparsity:sparsity for geom step 63
    nrows_g=52 nrows=52 sparsity=.9948 nnzs=2690, refcount: 7>
  <dData1D:(new from dSpData1D) n=2690, refcount: 1>
refcount: 1>
new_DM -- step:    64
Re-using DM from previous geometries...
Number of DMs in history: 1
 DM extrapolation coefficients: 
1   1.00000
New DM after history re-use:
<dSpData2D:SpM extrapolated using coords
  <sparsity:sparsity for geom step 63
    nrows_g=52 nrows=52 sparsity=.9948 nnzs=2690, refcount: 9>
  <dData2D:(temp array for extrapolation) n=2690 m=1, refcount: 1>
refcount: 1>
Note: For starting DM, Qtot, Tr[D*S] =         16.00000000         15.91345307
No. of atoms with KB's overlaping orbs in proc 0. Max # of overlaps:       4      48

InitMesh: MESH = 120 x 120 x 120 = 1728000
InitMesh: Mesh cutoff (required, used) =   300.000   306.883 Ry
New grid distribution [1]: sub = 2

        iscf     Eharris(eV)        E_KS(eV)     FreeEng(eV)     dDmax    Ef(eV) dHmax(eV)
   scf:    1     -636.869863     -639.048078     -639.104474  0.331169 -5.511605  3.951033
   scf:    2     -526.395133     -603.303831     -603.303831  0.828040 -5.030102 24.672545
   scf:    3     -643.804516     -640.137882     -640.200058  0.717569 -5.469050  0.417955
   scf:    4     -640.175643     -640.160486     -640.219155  0.022399 -5.464132  0.163852
   scf:    5     -640.185729     -640.177402     -640.233291  0.033844 -5.461952  0.075519
   scf:    6     -640.177506     -640.177456     -640.233520  0.000865 -5.462048  0.072856
   scf:    7     -640.175510     -640.177523     -640.236616  0.014298 -5.463864  0.025264
   scf:    8     -640.179098     -640.178392     -640.236763  0.003950 -5.465081  0.016085
   scf:    9     -640.178254     -640.178324     -640.236775  0.000477 -5.465168  0.012072
   scf:   10     -640.178357     -640.178346     -640.236796  0.000789 -5.466250  0.003782
   scf:   11     -640.178313     -640.178330     -640.236797  0.000150 -5.466451  0.003153
   scf:   12     -640.178281     -640.178305     -640.236798  0.000167 -5.466657  0.002825
   scf:   13     -640.178284     -640.178295     -640.236798  0.000083 -5.466823  0.002430
   scf:   14     -640.178271     -640.178283     -640.236800  0.000131 -5.467179  0.000859
   scf:   15     -640.178256     -640.178270     -640.236800  0.000068 -5.467214  0.000669

SCF Convergence by DM+H criterion
max |DM_out - DM_in|         :     0.0000679799
max |H_out - H_in|      (eV) :     0.0006689913
SCF cycle converged after 15 iterations

Using DM_out to compute the final energy and forces
No. of atoms with KB's overlaping orbs in proc 0. Max # of overlaps:       4      48

siesta: E_KS(eV) =             -640.1783

siesta: Atomic forces (eV/Ang):
----------------------------------------
   Tot   -0.000924   -0.000313   -0.002310
----------------------------------------
   Max    4.926768
   Res    2.289727    sqrt( Sum f_i^2 / 3N )
----------------------------------------
   Max    4.926768    constrained

Stress tensor Voigt[x,y,z,yz,xz,xy] (kbar):        0.05        3.75        1.35       -3.39       -0.83        0.45
(Free)E + p*V (eV/cell)     -641.7461
Target enthalpy (eV/cell)     -640.2368

siesta: Stress tensor (static) (eV/Ang**3):
         0.000030    0.000280   -0.000517
         0.000279    0.002342   -0.002117
        -0.000517   -0.002116    0.000843

siesta: Pressure (static):         -1.71708688  kBar

siesta: Stress tensor (total) (eV/Ang**3):
         0.000030    0.000280   -0.000517
         0.000279    0.002342   -0.002117
        -0.000517   -0.002116    0.000843

siesta: Pressure (total):         -1.71708688  kBar

                     ====================================
                        Begin CG opt. move =     64
                     ====================================
k-point displ. along   3 input, could be:     0.00    0.50
 Kpoints in:          480 . Kpoints trimmed:          458

siesta: k-grid: Number of k-points = 458
siesta: k-points from Monkhorst-Pack grid
siesta: k-cutoff (effective) =    22.536 Ang
siesta: k-point supercell and displacements
siesta: k-grid:    15     0     0      0.000
siesta: k-grid:     0    15     0      0.000
siesta: k-grid:     0     0     4      0.000

outcell: Unit cell vectors (Ang):
       11.045005    0.002240   -0.118866
        0.002279   11.248497    0.054541
       -0.147096    0.066366   11.267062

outcell: Cell vector modules (Ang)   :   11.045645   11.248630   11.268218
outcell: Cell angles (23,13,12) (deg):     89.3849     91.3645     89.9798
outcell: Cell volume (Ang**3)        :   1399.5798
<dSpData1D:S at geom step 64
  <sparsity:sparsity for geom step 64
    nrows_g=52 nrows=52 sparsity=.9948 nnzs=2690, refcount: 7>
  <dData1D:(new from dSpData1D) n=2690, refcount: 1>
refcount: 1>
new_DM -- step:    65
Re-using DM from previous geometries...
Number of DMs in history: 1
 DM extrapolation coefficients: 
1   1.00000
New DM after history re-use:
<dSpData2D:SpM extrapolated using coords
  <sparsity:sparsity for geom step 64
    nrows_g=52 nrows=52 sparsity=.9948 nnzs=2690, refcount: 9>
  <dData2D:(temp array for extrapolation) n=2690 m=1, refcount: 1>
refcount: 1>
No. of atoms with KB's overlaping orbs in proc 0. Max # of overlaps:       4      48

InitMesh: MESH = 120 x 120 x 120 = 1728000
InitMesh: Mesh cutoff (required, used) =   300.000   313.654 Ry
New grid distribution [1]: sub = 2

        iscf     Eharris(eV)        E_KS(eV)     FreeEng(eV)     dDmax    Ef(eV) dHmax(eV)
   scf:    1     -637.750031     -639.451342     -639.456902  0.311749 -5.565109  3.735964
   scf:    2     -508.633742     -597.746740     -597.749822  0.629707 -5.137750 27.617706
   scf:    3     -645.336975     -640.352217     -640.369063  0.585114 -5.576221  0.348514
   scf:    4     -640.380247     -640.367089     -640.388386  0.010271 -5.575274  0.268093
   scf:    5     -640.377856     -640.383751     -640.425052  0.049891 -5.571826  0.138614
   scf:    6     -640.386259     -640.385623     -640.425960  0.005825 -5.572941  0.048466
   scf:    7     -640.374320     -640.381134     -640.428088  0.018830 -5.572996  0.032287
   scf:    8     -640.381250     -640.381217     -640.428284  0.001272 -5.575851  0.020843
   scf:    9     -640.384064     -640.382706     -640.428531  0.003907 -5.578468  0.007044
   scf:   10     -640.382947     -640.382827     -640.428539  0.000492 -5.578577  0.007848
   scf:   11     -640.383449     -640.383144     -640.428548  0.001479 -5.579089  0.002978
   scf:   12     -640.382945     -640.383045     -640.428550  0.000292 -5.579135  0.002350
   scf:   13     -640.382897     -640.382971     -640.428552  0.000257 -5.579308  0.002102
   scf:   14     -640.383010     -640.382991     -640.428553  0.000507 -5.579583  0.001204
   scf:   15     -640.382987     -640.382989     -640.428553  0.000009 -5.579640  0.001083
   scf:   16     -640.382926     -640.382958     -640.428554  0.000136 -5.579911  0.000761
   scf:   17     -640.382951     -640.382954     -640.428554  0.000046 -5.580093  0.000312

SCF Convergence by DM+H criterion
max |DM_out - DM_in|         :     0.0000461037
max |H_out - H_in|      (eV) :     0.0003122226
SCF cycle converged after 17 iterations

Using DM_out to compute the final energy and forces
No. of atoms with KB's overlaping orbs in proc 0. Max # of overlaps:       4      48

siesta: E_KS(eV) =             -640.3830

siesta: Atomic forces (eV/Ang):
----------------------------------------
   Tot    0.000156   -0.001799    0.002372
----------------------------------------
   Max    2.095918
   Res    1.071866    sqrt( Sum f_i^2 / 3N )
----------------------------------------
   Max    2.095918    constrained

Stress tensor Voigt[x,y,z,yz,xz,xy] (kbar):        0.35        2.62        2.14       -1.91       -0.28        0.77
(Free)E + p*V (eV/cell)     -641.9174
Target enthalpy (eV/cell)     -640.4286

siesta: Stress tensor (static) (eV/Ang**3):
         0.000219    0.000480   -0.000175
         0.000480    0.001634   -0.001194
        -0.000175   -0.001195    0.001339

siesta: Pressure (static):         -1.70439640  kBar

siesta: Stress tensor (total) (eV/Ang**3):
         0.000219    0.000480   -0.000175
         0.000480    0.001634   -0.001194
        -0.000175   -0.001195    0.001339

siesta: Pressure (total):         -1.70439640  kBar

cgvc: Finished line minimization   18.  Mean atomic displacement =    0.1912

                     ====================================
                        Begin CG opt. move =     65
                     ====================================
k-point displ. along   3 input, could be:     0.00    0.50
 Kpoints in:          480 . Kpoints trimmed:          458

siesta: k-grid: Number of k-points = 458
siesta: k-points from Monkhorst-Pack grid
siesta: k-cutoff (effective) =    22.688 Ang
siesta: k-point supercell and displacements
siesta: k-grid:    15     0     0      0.000
siesta: k-grid:     0    15     0      0.000
siesta: k-grid:     0     0     4      0.000

outcell: Unit cell vectors (Ang):
       11.021532   -0.030873   -0.100621
       -0.031398   11.191641    0.045470
       -0.124517    0.055329   11.343299

outcell: Cell vector modules (Ang)   :   11.022035   11.191777   11.344117
outcell: Cell angles (23,13,12) (deg):     89.4860     91.1528     90.3233
outcell: Cell volume (Ang**3)        :   1399.0063
<dSpData1D:S at geom step 65
  <sparsity:sparsity for geom step 65
    nrows_g=52 nrows=52 sparsity=.9948 nnzs=2690, refcount: 7>
  <dData1D:(new from dSpData1D) n=2690, refcount: 1>
refcount: 1>
new_DM -- step:    66
Re-using DM from previous geometries...
Number of DMs in history: 1
 DM extrapolation coefficients: 
1   1.00000
New DM after history re-use:
<dSpData2D:SpM extrapolated using coords
  <sparsity:sparsity for geom step 65
    nrows_g=52 nrows=52 sparsity=.9948 nnzs=2690, refcount: 9>
  <dData2D:(temp array for extrapolation) n=2690 m=1, refcount: 1>
refcount: 1>
Note: For starting DM, Qtot, Tr[D*S] =         16.00000000         16.14552728
No. of atoms with KB's overlaping orbs in proc 0. Max # of overlaps:       4      48

InitMesh: MESH = 120 x 120 x 120 = 1728000
InitMesh: Mesh cutoff (required, used) =   300.000   309.409 Ry
New grid distribution [1]: sub = 2

        iscf     Eharris(eV)        E_KS(eV)     FreeEng(eV)     dDmax    Ef(eV) dHmax(eV)
   scf:    1     -638.583857     -639.974529     -640.025629  0.306007 -5.903807  1.931038
   scf:    2     -612.725914     -631.568528     -631.568528  0.586129 -5.519959 11.566595
   scf:    3     -640.874300     -640.514285     -640.576465  0.489206 -5.873769  0.526861
   scf:    4     -640.562796     -640.550514     -640.601642  0.048433 -5.858005  0.268085
   scf:    5     -640.554511     -640.552848     -640.606576  0.008016 -5.848548  0.184755
   scf:    6     -640.555895     -640.556275     -640.612392  0.012622 -5.811344  0.165470
   scf:    7     -640.553146     -640.555289     -640.613316  0.008194 -5.798792  0.064234
   scf:    8     -640.553861     -640.554686     -640.613232  0.002941 -5.799225  0.027833
   scf:    9     -640.559123     -640.557140     -640.613542  0.008990 -5.796930  0.027298
   scf:   10     -640.556094     -640.556657     -640.613645  0.002709 -5.796842  0.014683
   scf:   11     -640.556940     -640.556805     -640.613666  0.000877 -5.796055  0.003132
   scf:   12     -640.556794     -640.556800     -640.613667  0.000035 -5.796034  0.002057
   scf:   13     -640.556746     -640.556773     -640.613670  0.000389 -5.796051  0.001253
   scf:   14     -640.556765     -640.556769     -640.613670  0.000036 -5.796089  0.001160
   scf:   15     -640.556737     -640.556753     -640.613670  0.000234 -5.796359  0.000608
   scf:   16     -640.556781     -640.556767     -640.613670  0.000098 -5.796496  0.000433

SCF Convergence by DM+H criterion
max |DM_out - DM_in|         :     0.0000975491
max |H_out - H_in|      (eV) :     0.0004334151
SCF cycle converged after 16 iterations

Using DM_out to compute the final energy and forces
No. of atoms with KB's overlaping orbs in proc 0. Max # of overlaps:       4      48

siesta: E_KS(eV) =             -640.5568

siesta: Atomic forces (eV/Ang):
----------------------------------------
   Tot   -0.000766   -0.000653    0.000409
----------------------------------------
   Max    0.716883
   Res    0.335282    sqrt( Sum f_i^2 / 3N )
----------------------------------------
   Max    0.716883    constrained

Stress tensor Voigt[x,y,z,yz,xz,xy] (kbar):       -0.17       -0.10       -2.88        0.59       -0.81        0.17
(Free)E + p*V (eV/cell)     -639.6956
Target enthalpy (eV/cell)     -640.6137

siesta: Stress tensor (static) (eV/Ang**3):
        -0.000109    0.000108   -0.000506
         0.000108   -0.000064    0.000369
        -0.000506    0.000369   -0.001795

siesta: Pressure (static):          1.05136939  kBar

siesta: Stress tensor (total) (eV/Ang**3):
        -0.000109    0.000108   -0.000506
         0.000108   -0.000064    0.000369
        -0.000506    0.000369   -0.001795

siesta: Pressure (total):          1.05136939  kBar

                     ====================================
                        Begin CG opt. move =     66
                     ====================================
k-point displ. along   3 input, could be:     0.00    0.50
 Kpoints in:          480 . Kpoints trimmed:          458

siesta: k-grid: Number of k-points = 458
siesta: k-points from Monkhorst-Pack grid
siesta: k-cutoff (effective) =    22.870 Ang
siesta: k-point supercell and displacements
siesta: k-grid:    15     0     0      0.000
siesta: k-grid:     0    15     0      0.000
siesta: k-grid:     0     0     4      0.000

outcell: Unit cell vectors (Ang):
       10.993427   -0.070522   -0.078775
       -0.071720   11.123565    0.034610
       -0.097484    0.042114   11.434579

outcell: Cell vector modules (Ang)   :   10.993936   11.123850   11.435072
outcell: Cell angles (23,13,12) (deg):     89.6076     90.9003     90.7382
outcell: Cell volume (Ang**3)        :   1398.1313
<dSpData1D:S at geom step 66
  <sparsity:sparsity for geom step 66
    nrows_g=52 nrows=52 sparsity=.9882 nnzs=2672, refcount: 7>
  <dData1D:(new from dSpData1D) n=2672, refcount: 1>
refcount: 1>
new_DM -- step:    67
Re-using DM from previous geometries...
Number of DMs in history: 1
 DM extrapolation coefficients: 
1   1.00000
New DM after history re-use:
<dSpData2D:SpM extrapolated using coords
  <sparsity:sparsity for geom step 66
    nrows_g=52 nrows=52 sparsity=.9882 nnzs=2672, refcount: 9>
  <dData2D:(temp array for extrapolation) n=2672 m=1, refcount: 1>
refcount: 1>
No. of atoms with KB's overlaping orbs in proc 0. Max # of overlaps:       4      48

InitMesh: MESH = 120 x 120 x 120 = 1728000
InitMesh: Mesh cutoff (required, used) =   300.000   304.448 Ry
New grid distribution [1]: sub = 2

        iscf     Eharris(eV)        E_KS(eV)     FreeEng(eV)     dDmax    Ef(eV) dHmax(eV)
   scf:    1     -639.380150     -640.105214     -640.128173  0.418433 -5.934113  0.964031
   scf:    2     -635.422774     -639.068986     -639.068998  0.451807 -5.718323  3.406308
   scf:    3     -640.507972     -640.507742     -640.575157  0.265379 -5.905290  0.635647
   scf:    4     -640.508987     -640.508775     -640.576256  0.008691 -5.905549  0.542180
   scf:    5     -640.467920     -640.539473     -640.596765  0.107860 -5.885945  0.228844
   scf:    6     -640.555900     -640.548470     -640.608558  0.014005 -5.887687  0.179818
   scf:    7     -640.475747     -640.542731     -640.610348  0.100782 -5.876261  0.240377
   scf:    8     -640.562888     -640.554232     -640.621728  0.016013 -5.875372  0.078106
   scf:    9     -640.564258     -640.562464     -640.629460  0.030570 -5.875434  0.122457
   scf:   10     -640.564128     -640.563791     -640.630670  0.007237 -5.874581  0.020304
   scf:   11     -640.564436     -640.564359     -640.630659  0.008880 -5.873147  0.017078
   scf:   12     -640.564184     -640.564325     -640.630860  0.003691 -5.872411  0.005236
   scf:   13     -640.564184     -640.564260     -640.630867  0.001195 -5.872743  0.004136
   scf:   14     -640.564284     -640.564272     -640.630868  0.000205 -5.872916  0.003211
   scf:   15     -640.564253     -640.564263     -640.630873  0.000348 -5.872994  0.002557
   scf:   16     -640.564255     -640.564259     -640.630874  0.000115 -5.873029  0.001864
   scf:   17     -640.564265     -640.564262     -640.630874  0.000118 -5.873132  0.001459
   scf:   18     -640.564260     -640.564261     -640.630875  0.000051 -5.873243  0.001130
   scf:   19     -640.564253     -640.564257     -640.630875  0.000100 -5.873456  0.000371
   scf:   20     -640.564259     -640.564258     -640.630875  0.000017 -5.873488  0.000298

SCF Convergence by DM+H criterion
max |DM_out - DM_in|         :     0.0000169873
max |H_out - H_in|      (eV) :     0.0002979655
SCF cycle converged after 20 iterations

Using DM_out to compute the final energy and forces
No. of atoms with KB's overlaping orbs in proc 0. Max # of overlaps:       4      48

siesta: E_KS(eV) =             -640.5643

siesta: Atomic forces (eV/Ang):
----------------------------------------
   Tot    0.000740    0.000856    0.002367
----------------------------------------
   Max    2.396393
   Res    1.057802    sqrt( Sum f_i^2 / 3N )
----------------------------------------
   Max    2.396393    constrained

Stress tensor Voigt[x,y,z,yz,xz,xy] (kbar):        0.19       -0.75       -6.23        2.28       -0.90        0.59
(Free)E + p*V (eV/cell)     -638.6539
Target enthalpy (eV/cell)     -640.6309

siesta: Stress tensor (static) (eV/Ang**3):
         0.000119    0.000369   -0.000562
         0.000369   -0.000471    0.001422
        -0.000562    0.001422   -0.003890

siesta: Pressure (static):          2.26554626  kBar

siesta: Stress tensor (total) (eV/Ang**3):
         0.000119    0.000369   -0.000562
         0.000369   -0.000471    0.001422
        -0.000562    0.001422   -0.003890

siesta: Pressure (total):          2.26554626  kBar

                     ====================================
                        Begin CG opt. move =     67
                     ====================================
k-point displ. along   3 input, could be:     0.00    0.50
 Kpoints in:          480 . Kpoints trimmed:          458

siesta: k-grid: Number of k-points = 458
siesta: k-points from Monkhorst-Pack grid
siesta: k-cutoff (effective) =    23.052 Ang
siesta: k-point supercell and displacements
siesta: k-grid:    15     0     0      0.000
siesta: k-grid:     0    15     0      0.000
siesta: k-grid:     0     0     4      0.000

outcell: Unit cell vectors (Ang):
       10.965323   -0.110170   -0.056930
       -0.112042   11.055489    0.023749
       -0.070450    0.028899   11.525860

outcell: Cell vector modules (Ang)   :   10.966024   11.056082   11.526111
outcell: Cell angles (23,13,12) (deg):     89.7297     90.6491     91.1569
outcell: Cell volume (Ang**3)        :   1397.0516
<dSpData1D:S at geom step 67
  <sparsity:sparsity for geom step 67
    nrows_g=52 nrows=52 sparsity=.9882 nnzs=2672, refcount: 7>
  <dData1D:(new from dSpData1D) n=2672, refcount: 1>
refcount: 1>
new_DM -- step:    68
Re-using DM from previous geometries...
Number of DMs in history: 1
 DM extrapolation coefficients: 
1   1.00000
New DM after history re-use:
<dSpData2D:SpM extrapolated using coords
  <sparsity:sparsity for geom step 67
    nrows_g=52 nrows=52 sparsity=.9882 nnzs=2672, refcount: 9>
  <dData2D:(temp array for extrapolation) n=2672 m=1, refcount: 1>
refcount: 1>
Note: For starting DM, Qtot, Tr[D*S] =         16.00000000         15.82085866
No. of atoms with KB's overlaping orbs in proc 0. Max # of overlaps:       4      48

InitMesh: MESH = 120 x 120 x 128 = 1843200
InitMesh: Mesh cutoff (required, used) =   300.000   325.723 Ry
New grid distribution [1]: sub = 2

        iscf     Eharris(eV)        E_KS(eV)     FreeEng(eV)     dDmax    Ef(eV) dHmax(eV)
   scf:    1     -640.277367     -640.249486     -640.268368  0.321814 -5.679966  0.813626
   scf:    2     -637.189102     -639.616616     -639.617947  0.429752 -5.646541  1.760216
   scf:    3     -640.705654     -640.503392     -640.571744  0.247831 -5.688856  0.519399
   scf:    4     -640.507403     -640.505410     -640.573745  0.002107 -5.689004  0.505568
   scf:    5     -640.554580     -640.543776     -640.608588  0.065505 -5.695708  0.132767
   scf:    6     -640.544408     -640.547282     -640.614131  0.026287 -5.703666  0.090535
   scf:    7     -640.547860     -640.547758     -640.614365  0.004991 -5.703992  0.114943
   scf:    8     -640.548552     -640.548453     -640.615186  0.005232 -5.709706  0.064308
   scf:    9     -640.552279     -640.550988     -640.616645  0.015286 -5.712753  0.018964
   scf:   10     -640.551178     -640.551098     -640.616699  0.002259 -5.715262  0.009881
   scf:   11     -640.551190     -640.551149     -640.616708  0.000816 -5.715876  0.004094
   scf:   12     -640.551057     -640.551104     -640.616715  0.000475 -5.716042  0.003839
   scf:   13     -640.551074     -640.551091     -640.616720  0.000814 -5.716538  0.002550
   scf:   14     -640.551078     -640.551084     -640.616721  0.000099 -5.716654  0.002200
   scf:   15     -640.551071     -640.551078     -640.616722  0.000353 -5.716800  0.001116
   scf:   16     -640.551119     -640.551099     -640.616722  0.000261 -5.716735  0.000491
   scf:   17     -640.551098     -640.551098     -640.616722  0.000012 -5.716727  0.000441

SCF Convergence by DM+H criterion
max |DM_out - DM_in|         :     0.0000117364
max |H_out - H_in|      (eV) :     0.0004407580
SCF cycle converged after 17 iterations

Using DM_out to compute the final energy and forces
No. of atoms with KB's overlaping orbs in proc 0. Max # of overlaps:       4      48

siesta: E_KS(eV) =             -640.5511

siesta: Atomic forces (eV/Ang):
----------------------------------------
   Tot   -0.000575   -0.000150    0.000335
----------------------------------------
   Max    5.160032
   Res    1.986611    sqrt( Sum f_i^2 / 3N )
----------------------------------------
   Max    5.160032    constrained

Stress tensor Voigt[x,y,z,yz,xz,xy] (kbar):        1.35       -0.10       -3.54        1.50        1.11        0.42
(Free)E + p*V (eV/cell)     -639.9527
Target enthalpy (eV/cell)     -640.6167

siesta: Stress tensor (static) (eV/Ang**3):
         0.000845    0.000260    0.000692
         0.000260   -0.000062    0.000937
         0.000692    0.000937   -0.002209

siesta: Pressure (static):          0.76151423  kBar

siesta: Stress tensor (total) (eV/Ang**3):
         0.000845    0.000260    0.000692
         0.000260   -0.000062    0.000937
         0.000692    0.000937   -0.002209

siesta: Pressure (total):          0.76151423  kBar

                     ====================================
                        Begin CG opt. move =     68
                     ====================================
k-point displ. along   3 input, could be:     0.00    0.50
 Kpoints in:          480 . Kpoints trimmed:          458

siesta: k-grid: Number of k-points = 458
siesta: k-points from Monkhorst-Pack grid
siesta: k-cutoff (effective) =    22.879 Ang
siesta: k-point supercell and displacements
siesta: k-grid:    15     0     0      0.000
siesta: k-grid:     0    15     0      0.000
siesta: k-grid:     0     0     4      0.000

outcell: Unit cell vectors (Ang):
       10.992082   -0.072420   -0.077729
       -0.073650   11.120305    0.034090
       -0.096190    0.041481   11.438950

outcell: Cell vector modules (Ang)   :   10.992595   11.120601   11.439429
outcell: Cell angles (23,13,12) (deg):     89.6134     90.8883     90.7582
outcell: Cell volume (Ang**3)        :   1398.0843
<dSpData1D:S at geom step 68
  <sparsity:sparsity for geom step 68
    nrows_g=52 nrows=52 sparsity=.9882 nnzs=2672, refcount: 7>
  <dData1D:(new from dSpData1D) n=2672, refcount: 1>
refcount: 1>
new_DM -- step:    69
Re-using DM from previous geometries...
Number of DMs in history: 1
 DM extrapolation coefficients: 
1   1.00000
New DM after history re-use:
<dSpData2D:SpM extrapolated using coords
  <sparsity:sparsity for geom step 68
    nrows_g=52 nrows=52 sparsity=.9882 nnzs=2672, refcount: 9>
  <dData2D:(temp array for extrapolation) n=2672 m=1, refcount: 1>
refcount: 1>
Note: For starting DM, Qtot, Tr[D*S] =         16.00000000         16.01877391
No. of atoms with KB's overlaping orbs in proc 0. Max # of overlaps:       4      48

InitMesh: MESH = 120 x 120 x 120 = 1728000
InitMesh: Mesh cutoff (required, used) =   300.000   304.214 Ry
New grid distribution [1]: sub = 2

        iscf     Eharris(eV)        E_KS(eV)     FreeEng(eV)     dDmax    Ef(eV) dHmax(eV)
   scf:    1     -639.287161     -640.102704     -640.113185  0.362126 -5.929971  1.369979
   scf:    2     -629.303058     -637.119979     -637.120881  0.533714 -5.626643  6.621536
   scf:    3     -640.415857     -640.495830     -640.550440  0.428363 -5.900544  0.387418
   scf:    4     -640.574063     -640.546154     -640.610932  0.054697 -5.892083  0.240739
   scf:    5     -640.566090     -640.558791     -640.625686  0.027765 -5.885377  0.171903
   scf:    6     -640.555528     -640.560666     -640.628193  0.030473 -5.874778  0.087899
   scf:    7     -640.538389     -640.558941     -640.622428  0.055166 -5.870772  0.075733
   scf:    8     -640.565500     -640.562621     -640.627413  0.010716 -5.869870  0.051848
   scf:    9     -640.564777     -640.565151     -640.631772  0.020933 -5.868641  0.023420
   scf:   10     -640.565114     -640.565137     -640.631829  0.001124 -5.868395  0.016380
   scf:   11     -640.564954     -640.565065     -640.631885  0.002066 -5.868880  0.004323
   scf:   12     -640.565043     -640.565055     -640.631887  0.000557 -5.869186  0.004980
   scf:   13     -640.565123     -640.565090     -640.631890  0.000441 -5.869352  0.003781
   scf:   14     -640.565086     -640.565088     -640.631891  0.000176 -5.870036  0.003161
   scf:   15     -640.565073     -640.565080     -640.631891  0.000095 -5.870332  0.002540
   scf:   16     -640.565077     -640.565079     -640.631892  0.000246 -5.870934  0.001034
   scf:   17     -640.565081     -640.565080     -640.631893  0.000025 -5.870976  0.000896

SCF Convergence by DM+H criterion
max |DM_out - DM_in|         :     0.0000250098
max |H_out - H_in|      (eV) :     0.0008957689
SCF cycle converged after 17 iterations

Using DM_out to compute the final energy and forces
No. of atoms with KB's overlaping orbs in proc 0. Max # of overlaps:       4      48

siesta: E_KS(eV) =             -640.5651

siesta: Atomic forces (eV/Ang):
----------------------------------------
   Tot    0.000681    0.000926    0.002348
----------------------------------------
   Max    2.520281
   Res    1.084770    sqrt( Sum f_i^2 / 3N )
----------------------------------------
   Max    2.520281    constrained

Stress tensor Voigt[x,y,z,yz,xz,xy] (kbar):        0.23       -0.73       -6.25        2.29       -0.86        0.61
(Free)E + p*V (eV/cell)     -638.6667
Target enthalpy (eV/cell)     -640.6319

siesta: Stress tensor (static) (eV/Ang**3):
         0.000142    0.000380   -0.000539
         0.000380   -0.000457    0.001430
        -0.000539    0.001430   -0.003901

siesta: Pressure (static):          2.25203680  kBar

siesta: Stress tensor (total) (eV/Ang**3):
         0.000142    0.000380   -0.000539
         0.000380   -0.000457    0.001430
        -0.000539    0.001430   -0.003901

siesta: Pressure (total):          2.25203680  kBar

cgvc: Finished line minimization   19.  Mean atomic displacement =    0.2403

                     ====================================
                        Begin CG opt. move =     69
                     ====================================
k-point displ. along   3 input, could be:     0.00    0.50
 Kpoints in:          480 . Kpoints trimmed:          458

siesta: k-grid: Number of k-points = 458
siesta: k-points from Monkhorst-Pack grid
siesta: k-cutoff (effective) =    23.209 Ang
siesta: k-point supercell and displacements
siesta: k-grid:    15     0     0      0.000
siesta: k-grid:     0    15     0      0.000
siesta: k-grid:     0     0     4      0.000

outcell: Unit cell vectors (Ang):
       10.962167   -0.117442   -0.047766
       -0.119437   11.060488    0.000638
       -0.059110    0.000776   11.604418

outcell: Cell vector modules (Ang)   :   10.962900   11.061133   11.604568
outcell: Cell angles (23,13,12) (deg):     89.9897     90.5415     91.2325
outcell: Cell volume (Ang**3)        :   1406.8059
<dSpData1D:S at geom step 69
  <sparsity:sparsity for geom step 69
    nrows_g=52 nrows=52 sparsity=.9882 nnzs=2672, refcount: 7>
  <dData1D:(new from dSpData1D) n=2672, refcount: 1>
refcount: 1>
new_DM -- step:    70
Re-using DM from previous geometries...
Number of DMs in history: 1
 DM extrapolation coefficients: 
1   1.00000
New DM after history re-use:
<dSpData2D:SpM extrapolated using coords
  <sparsity:sparsity for geom step 69
    nrows_g=52 nrows=52 sparsity=.9882 nnzs=2672, refcount: 9>
  <dData2D:(temp array for extrapolation) n=2672 m=1, refcount: 1>
refcount: 1>
Note: For starting DM, Qtot, Tr[D*S] =         16.00000000         15.73562699
No. of atoms with KB's overlaping orbs in proc 0. Max # of overlaps:       4      48

InitMesh: MESH = 120 x 120 x 128 = 1843200
InitMesh: Mesh cutoff (required, used) =   300.000   325.436 Ry
New grid distribution [1]: sub = 2

        iscf     Eharris(eV)        E_KS(eV)     FreeEng(eV)     dDmax    Ef(eV) dHmax(eV)
   scf:    1     -632.403255     -637.662875     -637.676908  0.318159 -5.700525  7.022428
   scf:    2     -274.568524     -523.405861     -523.405861  0.952269 -4.139469 46.618070
   scf:    3     -658.814227     -640.438021     -640.491265  0.923336 -5.723650  1.279277
   scf:    4     -640.609440     -640.544164     -640.599636  0.025240 -5.732832  0.512736
   scf:    5     -640.549543     -640.623798     -640.690262  0.129316 -5.770022  0.482840
   scf:    6     -640.639618     -640.638710     -640.706103  0.024055 -5.767146  0.274455
   scf:    7     -640.653779     -640.649845     -640.715723  0.033673 -5.779789  0.263291
   scf:    8     -640.655565     -640.654612     -640.719735  0.016490 -5.792261  0.089330
   scf:    9     -640.652785     -640.654245     -640.720367  0.008303 -5.805147  0.063848
   scf:   10     -640.654759     -640.654662     -640.720659  0.003330 -5.807195  0.023124
   scf:   11     -640.654989     -640.654886     -640.720771  0.003703 -5.811156  0.010656
   scf:   12     -640.654984     -640.654941     -640.720788  0.001099 -5.811725  0.005335
   scf:   13     -640.654472     -640.654723     -640.720803  0.002254 -5.812041  0.002875
   scf:   14     -640.654824     -640.654774     -640.720808  0.000491 -5.812049  0.001932
   scf:   15     -640.654821     -640.654798     -640.720810  0.000282 -5.811781  0.001562
   scf:   16     -640.654802     -640.654800     -640.720810  0.000042 -5.811781  0.001384
   scf:   17     -640.654798     -640.654799     -640.720811  0.000100 -5.812002  0.000522
   scf:   18     -640.654802     -640.654801     -640.720811  0.000018 -5.812000  0.000468

SCF Convergence by DM+H criterion
max |DM_out - DM_in|         :     0.0000175343
max |H_out - H_in|      (eV) :     0.0004675239
SCF cycle converged after 18 iterations

Using DM_out to compute the final energy and forces
No. of atoms with KB's overlaping orbs in proc 0. Max # of overlaps:       4      48

siesta: E_KS(eV) =             -640.6548

siesta: Atomic forces (eV/Ang):
----------------------------------------
   Tot    0.001321   -0.000186    0.000933
----------------------------------------
   Max    2.007233
   Res    0.973936    sqrt( Sum f_i^2 / 3N )
----------------------------------------
   Max    2.007233    constrained

Stress tensor Voigt[x,y,z,yz,xz,xy] (kbar):        0.51        0.71        3.14       -1.34        0.84       -0.33
(Free)E + p*V (eV/cell)     -641.9981
Target enthalpy (eV/cell)     -640.7208

siesta: Stress tensor (static) (eV/Ang**3):
         0.000316   -0.000203    0.000522
        -0.000203    0.000446   -0.000838
         0.000521   -0.000838    0.001962

siesta: Pressure (static):         -1.45464151  kBar

siesta: Stress tensor (total) (eV/Ang**3):
         0.000316   -0.000203    0.000522
        -0.000203    0.000446   -0.000838
         0.000521   -0.000838    0.001962

siesta: Pressure (total):         -1.45464151  kBar

                     ====================================
                        Begin CG opt. move =     70
                     ====================================
k-point displ. along   3 input, could be:     0.00    0.50
 Kpoints in:          480 . Kpoints trimmed:          458

siesta: k-grid: Number of k-points = 458
siesta: k-points from Monkhorst-Pack grid
siesta: k-cutoff (effective) =    23.072 Ang
siesta: k-point supercell and displacements
siesta: k-grid:    15     0     0      0.000
siesta: k-grid:     0    15     0      0.000
siesta: k-grid:     0     0     4      0.000

outcell: Unit cell vectors (Ang):
       10.974588   -0.098748   -0.060208
       -0.100425   11.085325    0.014528
       -0.074506    0.017677   11.535712

outcell: Cell vector modules (Ang)   :   10.975198   11.085790   11.535967
outcell: Cell angles (23,13,12) (deg):     89.8338     90.6851     91.0350
outcell: Cell volume (Ang**3)        :   1403.2321
<dSpData1D:S at geom step 70
  <sparsity:sparsity for geom step 70
    nrows_g=52 nrows=52 sparsity=.9882 nnzs=2672, refcount: 7>
  <dData1D:(new from dSpData1D) n=2672, refcount: 1>
refcount: 1>
new_DM -- step:    71
Re-using DM from previous geometries...
Number of DMs in history: 1
 DM extrapolation coefficients: 
1   1.00000
New DM after history re-use:
<dSpData2D:SpM extrapolated using coords
  <sparsity:sparsity for geom step 70
    nrows_g=52 nrows=52 sparsity=.9882 nnzs=2672, refcount: 9>
  <dData2D:(temp array for extrapolation) n=2672 m=1, refcount: 1>
refcount: 1>
Note: For starting DM, Qtot, Tr[D*S] =         16.00000000         16.08674317
No. of atoms with KB's overlaping orbs in proc 0. Max # of overlaps:       4      48

InitMesh: MESH = 120 x 120 x 128 = 1843200
InitMesh: Mesh cutoff (required, used) =   300.000   323.949 Ry
New grid distribution [1]: sub = 2

        iscf     Eharris(eV)        E_KS(eV)     FreeEng(eV)     dDmax    Ef(eV) dHmax(eV)
   scf:    1     -639.544398     -640.388271     -640.445610  0.163974 -5.900070  2.005978
   scf:    2     -586.486742     -622.977710     -622.977748  0.783833 -5.568332 16.624186
   scf:    3     -641.509068     -640.667380     -640.733458  0.710991 -5.891949  0.515471
   scf:    4     -640.685205     -640.683093     -640.748668  0.025041 -5.885632  0.176787
   scf:    5     -640.685822     -640.685165     -640.751966  0.012601 -5.876747  0.113713
   scf:    6     -640.685457     -640.685521     -640.752846  0.008086 -5.870089  0.075936
   scf:    7     -640.686592     -640.686464     -640.753066  0.011929 -5.860268  0.017388
   scf:    8     -640.686096     -640.686403     -640.753352  0.006752 -5.859500  0.008766
   scf:    9     -640.686454     -640.686435     -640.753360  0.001247 -5.858774  0.008833
   scf:   10     -640.686174     -640.686313     -640.753372  0.001226 -5.859203  0.002509
   scf:   11     -640.686349     -640.686331     -640.753374  0.000191 -5.859188  0.002069
   scf:   12     -640.686464     -640.686399     -640.753378  0.000814 -5.859437  0.001619
   scf:   13     -640.686396     -640.686398     -640.753378  0.000017 -5.859562  0.001207
   scf:   14     -640.686367     -640.686382     -640.753378  0.000211 -5.859918  0.000741
   scf:   15     -640.686384     -640.686383     -640.753378  0.000012 -5.859974  0.000610

SCF Convergence by DM+H criterion
max |DM_out - DM_in|         :     0.0000123523
max |H_out - H_in|      (eV) :     0.0006096342
SCF cycle converged after 15 iterations

Using DM_out to compute the final energy and forces
No. of atoms with KB's overlaping orbs in proc 0. Max # of overlaps:       4      48

siesta: E_KS(eV) =             -640.6864

siesta: Atomic forces (eV/Ang):
----------------------------------------
   Tot    0.001256    0.000123    0.003632
----------------------------------------
   Max    1.029772
   Res    0.481920    sqrt( Sum f_i^2 / 3N )
----------------------------------------
   Max    1.029772    constrained

Stress tensor Voigt[x,y,z,yz,xz,xy] (kbar):        0.20        0.26       -1.09        0.03       -0.17        0.09
(Free)E + p*V (eV/cell)     -640.5672
Target enthalpy (eV/cell)     -640.7534

siesta: Stress tensor (static) (eV/Ang**3):
         0.000125    0.000057   -0.000105
         0.000057    0.000159    0.000017
        -0.000105    0.000017   -0.000682

siesta: Pressure (static):          0.21254985  kBar

siesta: Stress tensor (total) (eV/Ang**3):
         0.000125    0.000057   -0.000105
         0.000057    0.000159    0.000017
        -0.000105    0.000017   -0.000682

siesta: Pressure (total):          0.21254985  kBar

cgvc: Finished line minimization   20.  Mean atomic displacement =    0.1405

                     ====================================
                        Begin CG opt. move =     71
                     ====================================
k-point displ. along   3 input, could be:     0.00    0.50
 Kpoints in:          480 . Kpoints trimmed:          458

siesta: k-grid: Number of k-points = 458
siesta: k-points from Monkhorst-Pack grid
siesta: k-cutoff (effective) =    23.233 Ang
siesta: k-point supercell and displacements
siesta: k-grid:    15     0     0      0.000
siesta: k-grid:     0    15     0      0.000
siesta: k-grid:     0     0     4      0.000

outcell: Unit cell vectors (Ang):
       10.961569   -0.111126   -0.048280
       -0.113014   11.064080    0.006697
       -0.059746    0.008150   11.616264

outcell: Cell vector modules (Ang)   :   10.962238   11.064659   11.616421
outcell: Cell angles (23,13,12) (deg):     89.9221     90.5474     91.1662
outcell: Cell volume (Ang**3)        :   1408.6384
<dSpData1D:S at geom step 71
  <sparsity:sparsity for geom step 71
    nrows_g=52 nrows=52 sparsity=.9882 nnzs=2672, refcount: 7>
  <dData1D:(new from dSpData1D) n=2672, refcount: 1>
refcount: 1>
new_DM -- step:    72
Re-using DM from previous geometries...
Number of DMs in history: 1
 DM extrapolation coefficients: 
1   1.00000
New DM after history re-use:
<dSpData2D:SpM extrapolated using coords
  <sparsity:sparsity for geom step 71
    nrows_g=52 nrows=52 sparsity=.9882 nnzs=2672, refcount: 9>
  <dData2D:(temp array for extrapolation) n=2672 m=1, refcount: 1>
refcount: 1>
Note: For starting DM, Qtot, Tr[D*S] =         16.00000000         16.05893607
No. of atoms with KB's overlaping orbs in proc 0. Max # of overlaps:       4      48

InitMesh: MESH = 120 x 120 x 128 = 1843200
InitMesh: Mesh cutoff (required, used) =   300.000   325.214 Ry
New grid distribution [1]: sub = 2

        iscf     Eharris(eV)        E_KS(eV)     FreeEng(eV)     dDmax    Ef(eV) dHmax(eV)
   scf:    1     -604.873047     -628.214490     -628.215374  0.827902 -6.380096 11.449620
   scf:    2      -94.147576     -471.451503     -471.451503  0.964863 -1.636324 59.646645
   scf:    3     -702.675761     -622.235080     -622.235254  0.726664 -5.978263 16.535380
   scf:    4     -619.049638     -620.659461     -620.659541  0.019860 -5.918970 17.421268
   scf:    5     -596.124697     -609.064613     -609.064613  0.114719 -5.376229 23.215614
   scf:    6     -486.831176     -554.497886     -554.497886  0.344306 -3.614362 39.527553
   scf:    7     -657.943669     -636.240691     -636.304495  1.001774 -6.232831  7.510141
   scf:    8     -578.026204     -622.669999     -622.670009  1.027784 -6.214102 14.972884
   scf:    9     -638.443312     -639.735324     -639.802504  0.989474 -6.370517  2.177681
   scf:   10     -613.220118     -630.967469     -630.983334  0.877522 -6.329535 10.757973
   scf:   11     -633.097336     -639.365276     -639.422346  0.971040 -6.353748  3.650842
   scf:   12     -639.908649     -640.046641     -640.115783  0.199522 -6.386222  0.959343
   scf:   13     -639.988301     -640.040116     -640.108368  0.042006 -6.382322  1.073556
   scf:   14     -640.030281     -640.038363     -640.105583  0.023130 -6.381433  1.222204
   scf:   15     -640.094105     -640.071610     -640.139780  0.020142 -6.381422  0.821718
   scf:   16     -640.050531     -640.062996     -640.130521  0.016214 -6.379407  0.987146
   scf:   17     -639.000943     -639.855446     -639.919528  0.247014 -6.390063  1.976460
   scf:   18     -639.311338     -639.997358     -640.059896  0.261729 -6.383205  1.514296
   scf:   19     -640.157622     -640.146921     -640.214804  0.082061 -6.392720  0.221583
   scf:   20     -640.122807     -640.145620     -640.213400  0.042395 -6.399594  0.350946
   scf:   21     -639.937755     -640.096787     -640.162258  0.101882 -6.399303  0.856263
   scf:   22     -640.176669     -640.148442     -640.215412  0.042276 -6.407750  0.267836
   scf:   23     -640.154042     -640.151434     -640.218582  0.006102 -6.407770  0.217177
   scf:   24     -640.156628     -640.155772     -640.223343  0.018145 -6.411254  0.052370
   scf:   25     -640.146320     -640.152441     -640.219713  0.014790 -6.412861  0.191430
   scf:   26     -640.156415     -640.155947     -640.223619  0.016949 -6.415653  0.048797
   scf:   27     -640.155157     -640.155754     -640.223630  0.004653 -6.427091  0.059817
   scf:   28     -640.155940     -640.155913     -640.223918  0.003609 -6.427936  0.021148
   scf:   29     -640.155787     -640.155861     -640.223973  0.001324 -6.428888  0.008237
   scf:   30     -640.155363     -640.155662     -640.223917  0.003181 -6.429981  0.030478
   scf:   31     -640.155903     -640.155832     -640.223980  0.003039 -6.429416  0.007498
   scf:   32     -640.155795     -640.155817     -640.223985  0.000909 -6.429447  0.004111
   scf:   33     -640.155878     -640.155852     -640.223982  0.000619 -6.428827  0.007312
   scf:   34     -640.155804     -640.155830     -640.223986  0.000652 -6.429024  0.001809
   scf:   35     -640.155776     -640.155803     -640.223988  0.000209 -6.429633  0.001788
   scf:   36     -640.155810     -640.155807     -640.223988  0.000081 -6.429646  0.000595

SCF Convergence by DM+H criterion
max |DM_out - DM_in|         :     0.0000810078
max |H_out - H_in|      (eV) :     0.0005950931
SCF cycle converged after 36 iterations

Using DM_out to compute the final energy and forces
No. of atoms with KB's overlaping orbs in proc 0. Max # of overlaps:       4      48

siesta: E_KS(eV) =             -640.1558

siesta: Atomic forces (eV/Ang):
----------------------------------------
   Tot    0.000499   -0.000217    0.001736
----------------------------------------
   Max    8.763326
   Res    3.943412    sqrt( Sum f_i^2 / 3N )
----------------------------------------
   Max    8.763326    constrained

Stress tensor Voigt[x,y,z,yz,xz,xy] (kbar):       -1.74       -0.75       -2.09        0.58       -2.87        0.27
(Free)E + p*V (eV/cell)     -638.8818
Target enthalpy (eV/cell)     -640.2240

siesta: Stress tensor (static) (eV/Ang**3):
        -0.001086    0.000166   -0.001792
         0.000166   -0.000470    0.000364
        -0.001792    0.000364   -0.001302

siesta: Pressure (static):          1.52656862  kBar

siesta: Stress tensor (total) (eV/Ang**3):
        -0.001086    0.000166   -0.001792
         0.000166   -0.000470    0.000364
        -0.001792    0.000364   -0.001302

siesta: Pressure (total):          1.52656862  kBar

                     ====================================
                        Begin CG opt. move =     72
                     ====================================
k-point displ. along   3 input, could be:     0.00    0.50
 Kpoints in:          480 . Kpoints trimmed:          458

siesta: k-grid: Number of k-points = 458
siesta: k-points from Monkhorst-Pack grid
siesta: k-cutoff (effective) =    23.096 Ang
siesta: k-point supercell and displacements
siesta: k-grid:    15     0     0      0.000
siesta: k-grid:     0    15     0      0.000
siesta: k-grid:     0     0     4      0.000

outcell: Unit cell vectors (Ang):
       10.972661   -0.100580   -0.058442
       -0.102289   11.082180    0.013368
       -0.072321    0.016267   11.547638

outcell: Cell vector modules (Ang)   :   10.973277   11.082660   11.547876
outcell: Cell angles (23,13,12) (deg):     89.8469     90.6647     91.0544
outcell: Cell volume (Ang**3)        :   1404.0365
<dSpData1D:S at geom step 72
  <sparsity:sparsity for geom step 72
    nrows_g=52 nrows=52 sparsity=.9882 nnzs=2672, refcount: 7>
  <dData1D:(new from dSpData1D) n=2672, refcount: 1>
refcount: 1>
new_DM -- step:    73
Re-using DM from previous geometries...
Number of DMs in history: 1
 DM extrapolation coefficients: 
1   1.00000
New DM after history re-use:
<dSpData2D:SpM extrapolated using coords
  <sparsity:sparsity for geom step 72
    nrows_g=52 nrows=52 sparsity=.9882 nnzs=2672, refcount: 9>
  <dData2D:(temp array for extrapolation) n=2672 m=1, refcount: 1>
refcount: 1>
Note: For starting DM, Qtot, Tr[D*S] =         16.00000000         15.90421468
No. of atoms with KB's overlaping orbs in proc 0. Max # of overlaps:       4      48

InitMesh: MESH = 120 x 120 x 128 = 1843200
InitMesh: Mesh cutoff (required, used) =   300.000   324.135 Ry
New grid distribution [1]: sub = 2

        iscf     Eharris(eV)        E_KS(eV)     FreeEng(eV)     dDmax    Ef(eV) dHmax(eV)
   scf:    1     -639.019096     -640.234325     -640.299694  0.134613 -5.861979  2.728485
   scf:    2     -566.705562     -616.342867     -616.342867  1.016137 -5.672184 17.469332
   scf:    3     -640.460159     -640.612352     -640.678278  0.997115 -5.871578  1.150519
   scf:    4     -640.718407     -640.695699     -640.762074  0.027792 -5.883137  0.280033
   scf:    5     -640.699364     -640.698844     -640.766053  0.011525 -5.902225  0.127505
   scf:    6     -640.687817     -640.695075     -640.762845  0.014315 -5.927642  0.303894
   scf:    7     -640.698774     -640.699992     -640.766728  0.014209 -5.933206  0.102402
   scf:    8     -640.700230     -640.700219     -640.767198  0.002950 -5.934167  0.044656
   scf:    9     -640.699723     -640.700097     -640.767264  0.005070 -5.948163  0.026877
   scf:   10     -640.700296     -640.700234     -640.767367  0.002998 -5.947748  0.010532
   scf:   11     -640.700331     -640.700286     -640.767374  0.000549 -5.948070  0.002479
   scf:   12     -640.700323     -640.700306     -640.767380  0.000575 -5.947983  0.002718
   scf:   13     -640.700317     -640.700311     -640.767381  0.000239 -5.948041  0.002147
   scf:   14     -640.700313     -640.700312     -640.767382  0.000291 -5.948430  0.001287
   scf:   15     -640.700311     -640.700312     -640.767382  0.000157 -5.948738  0.001232
   scf:   16     -640.700312     -640.700312     -640.767382  0.000046 -5.948726  0.001076
   scf:   17     -640.700313     -640.700312     -640.767382  0.000057 -5.948444  0.000267

SCF Convergence by DM+H criterion
max |DM_out - DM_in|         :     0.0000570054
max |H_out - H_in|      (eV) :     0.0002672257
SCF cycle converged after 17 iterations

Using DM_out to compute the final energy and forces
No. of atoms with KB's overlaping orbs in proc 0. Max # of overlaps:       4      48

siesta: E_KS(eV) =             -640.7003

siesta: Atomic forces (eV/Ang):
----------------------------------------
   Tot    0.001149   -0.000470    0.000818
----------------------------------------
   Max    0.809448
   Res    0.362822    sqrt( Sum f_i^2 / 3N )
----------------------------------------
   Max    0.809448    constrained

Stress tensor Voigt[x,y,z,yz,xz,xy] (kbar):       -0.10        0.09       -0.70        0.03       -0.55        0.10
(Free)E + p*V (eV/cell)     -640.5571
Target enthalpy (eV/cell)     -640.7674

siesta: Stress tensor (static) (eV/Ang**3):
        -0.000065    0.000065   -0.000342
         0.000066    0.000054    0.000020
        -0.000342    0.000020   -0.000438

siesta: Pressure (static):          0.23999590  kBar

siesta: Stress tensor (total) (eV/Ang**3):
        -0.000065    0.000065   -0.000342
         0.000066    0.000054    0.000020
        -0.000342    0.000020   -0.000438

siesta: Pressure (total):          0.23999590  kBar

cgvc: Finished line minimization   21.  Mean atomic displacement =    0.0208

                     ====================================
                        Begin CG opt. move =     73
                     ====================================
k-point displ. along   3 input, could be:     0.00    0.50
 Kpoints in:          480 . Kpoints trimmed:          458

siesta: k-grid: Number of k-points = 458
siesta: k-points from Monkhorst-Pack grid
siesta: k-cutoff (effective) =    23.125 Ang
siesta: k-point supercell and displacements
siesta: k-grid:    15     0     0      0.000
siesta: k-grid:     0    15     0      0.000
siesta: k-grid:     0     0     4      0.000

outcell: Unit cell vectors (Ang):
       10.971732   -0.102657   -0.053834
       -0.104401   11.079151    0.012256
       -0.066618    0.014914   11.562238

outcell: Cell vector modules (Ang)   :   10.972344   11.079650   11.562440
outcell: Cell angles (23,13,12) (deg):     89.8596     90.6119     91.0763
outcell: Cell volume (Ang**3)        :   1405.3110
<dSpData1D:S at geom step 73
  <sparsity:sparsity for geom step 73
    nrows_g=52 nrows=52 sparsity=.9882 nnzs=2672, refcount: 7>
  <dData1D:(new from dSpData1D) n=2672, refcount: 1>
refcount: 1>
new_DM -- step:    74
Re-using DM from previous geometries...
Number of DMs in history: 1
 DM extrapolation coefficients: 
1   1.00000
New DM after history re-use:
<dSpData2D:SpM extrapolated using coords
  <sparsity:sparsity for geom step 73
    nrows_g=52 nrows=52 sparsity=.9882 nnzs=2672, refcount: 9>
  <dData2D:(temp array for extrapolation) n=2672 m=1, refcount: 1>
refcount: 1>
No. of atoms with KB's overlaping orbs in proc 0. Max # of overlaps:       4      48

InitMesh: MESH = 120 x 120 x 128 = 1843200
InitMesh: Mesh cutoff (required, used) =   300.000   324.316 Ry
New grid distribution [1]: sub = 2

        iscf     Eharris(eV)        E_KS(eV)     FreeEng(eV)     dDmax    Ef(eV) dHmax(eV)
   scf:    1     -640.700447     -640.701874     -640.770681  0.050260 -5.966034  0.352028
   scf:    2     -638.634851     -640.050962     -640.088091  0.261287 -5.963111  3.152380
   scf:    3     -640.735052     -640.713018     -640.780706  0.236892 -5.966856  0.042554
   scf:    4     -640.713736     -640.713410     -640.780944  0.002830 -5.967010  0.026185
   scf:    5     -640.714120     -640.713856     -640.781187  0.005295 -5.967758  0.012280
   scf:    6     -640.713770     -640.713824     -640.781218  0.001355 -5.968026  0.004607
   scf:    7     -640.713734     -640.713781     -640.781216  0.000822 -5.967960  0.003535
   scf:    8     -640.713840     -640.713812     -640.781220  0.000646 -5.967976  0.002132
   scf:    9     -640.713807     -640.713810     -640.781220  0.000178 -5.967968  0.001376
   scf:   10     -640.713822     -640.713816     -640.781220  0.000093 -5.967960  0.000232

SCF Convergence by DM+H criterion
max |DM_out - DM_in|         :     0.0000928101
max |H_out - H_in|      (eV) :     0.0002317012
SCF cycle converged after 10 iterations

Using DM_out to compute the final energy and forces
No. of atoms with KB's overlaping orbs in proc 0. Max # of overlaps:       4      48

siesta: E_KS(eV) =             -640.7138

siesta: Atomic forces (eV/Ang):
----------------------------------------
   Tot   -0.000396   -0.000548   -0.001728
----------------------------------------
   Max    0.853989
   Res    0.402482    sqrt( Sum f_i^2 / 3N )
----------------------------------------
   Max    0.853989    constrained

Stress tensor Voigt[x,y,z,yz,xz,xy] (kbar):       -0.05        0.05       -0.47        0.09       -0.43        0.13
(Free)E + p*V (eV/cell)     -640.6444
Target enthalpy (eV/cell)     -640.7812

siesta: Stress tensor (static) (eV/Ang**3):
        -0.000032    0.000082   -0.000270
         0.000082    0.000031    0.000056
        -0.000270    0.000056   -0.000291

siesta: Pressure (static):          0.15595169  kBar

siesta: Stress tensor (total) (eV/Ang**3):
        -0.000032    0.000082   -0.000270
         0.000082    0.000031    0.000056
        -0.000270    0.000056   -0.000291

siesta: Pressure (total):          0.15595169  kBar

                     ====================================
                        Begin CG opt. move =     74
                     ====================================
k-point displ. along   3 input, could be:     0.00    0.50
 Kpoints in:          480 . Kpoints trimmed:          458

siesta: k-grid: Number of k-points = 458
siesta: k-points from Monkhorst-Pack grid
siesta: k-cutoff (effective) =    23.171 Ang
siesta: k-point supercell and displacements
siesta: k-grid:    15     0     0      0.000
siesta: k-grid:     0    15     0      0.000
siesta: k-grid:     0     0     4      0.000

outcell: Unit cell vectors (Ang):
       10.970246   -0.105980   -0.046460
       -0.107780   11.074305    0.010477
       -0.057494    0.012749   11.585599

outcell: Cell vector modules (Ang)   :   10.970856   11.074834   11.585749
outcell: Cell angles (23,13,12) (deg):     89.8800     90.5276     91.1113
outcell: Cell volume (Ang**3)        :   1407.3462
<dSpData1D:S at geom step 74
  <sparsity:sparsity for geom step 74
    nrows_g=52 nrows=52 sparsity=.9882 nnzs=2672, refcount: 7>
  <dData1D:(new from dSpData1D) n=2672, refcount: 1>
refcount: 1>
new_DM -- step:    75
Re-using DM from previous geometries...
Number of DMs in history: 1
 DM extrapolation coefficients: 
1   1.00000
New DM after history re-use:
<dSpData2D:SpM extrapolated using coords
  <sparsity:sparsity for geom step 74
    nrows_g=52 nrows=52 sparsity=.9882 nnzs=2672, refcount: 9>
  <dData2D:(temp array for extrapolation) n=2672 m=1, refcount: 1>
refcount: 1>
No. of atoms with KB's overlaping orbs in proc 0. Max # of overlaps:       4      48

InitMesh: MESH = 120 x 120 x 128 = 1843200
InitMesh: Mesh cutoff (required, used) =   300.000   324.605 Ry
New grid distribution [1]: sub = 2

        iscf     Eharris(eV)        E_KS(eV)     FreeEng(eV)     dDmax    Ef(eV) dHmax(eV)
   scf:    1     -640.689065     -640.702502     -640.771688  0.076380 -5.991908  0.562677
   scf:    2     -635.006406     -638.885870     -638.904495  0.409462 -5.974684  5.256720
   scf:    3     -640.795402     -640.728552     -640.796784  0.374566 -5.993166  0.101151
   scf:    4     -640.730804     -640.729875     -640.797814  0.006326 -5.993548  0.043104
   scf:    5     -640.731053     -640.730686     -640.798502  0.007049 -5.995374  0.020384
   scf:    6     -640.730728     -640.730726     -640.798541  0.001201 -5.996180  0.016117
   scf:    7     -640.730577     -640.730671     -640.798558  0.002115 -5.996072  0.005035
   scf:    8     -640.730741     -640.730711     -640.798566  0.001188 -5.996314  0.003137
   scf:    9     -640.730681     -640.730697     -640.798567  0.000370 -5.996360  0.003602
   scf:   10     -640.730712     -640.730705     -640.798568  0.000188 -5.996393  0.000395
   scf:   11     -640.730705     -640.730705     -640.798568  0.000007 -5.996388  0.000345

SCF Convergence by DM+H criterion
max |DM_out - DM_in|         :     0.0000074597
max |H_out - H_in|      (eV) :     0.0003447067
SCF cycle converged after 11 iterations

Using DM_out to compute the final energy and forces
No. of atoms with KB's overlaping orbs in proc 0. Max # of overlaps:       4      48

siesta: E_KS(eV) =             -640.7307

siesta: Atomic forces (eV/Ang):
----------------------------------------
   Tot    0.000884    0.000090    0.001093
----------------------------------------
   Max    1.288556
   Res    0.508187    sqrt( Sum f_i^2 / 3N )
----------------------------------------
   Max    1.288556    constrained

Stress tensor Voigt[x,y,z,yz,xz,xy] (kbar):        0.05        0.00       -0.01        0.16       -0.22        0.16
(Free)E + p*V (eV/cell)     -640.8088
Target enthalpy (eV/cell)     -640.7986

siesta: Stress tensor (static) (eV/Ang**3):
         0.000029    0.000102   -0.000134
         0.000102    0.000001    0.000102
        -0.000135    0.000102   -0.000009

siesta: Pressure (static):         -0.01159959  kBar

siesta: Stress tensor (total) (eV/Ang**3):
         0.000029    0.000102   -0.000134
         0.000102    0.000001    0.000102
        -0.000135    0.000102   -0.000009

siesta: Pressure (total):         -0.01159959  kBar

                     ====================================
                        Begin CG opt. move =     75
                     ====================================
k-point displ. along   3 input, could be:     0.00    0.50
 Kpoints in:          480 . Kpoints trimmed:          458

siesta: k-grid: Number of k-points = 458
siesta: k-points from Monkhorst-Pack grid
siesta: k-cutoff (effective) =    23.246 Ang
siesta: k-point supercell and displacements
siesta: k-grid:    15     0     0      0.000
siesta: k-grid:     0    15     0      0.000
siesta: k-grid:     0     0     4      0.000

outcell: Unit cell vectors (Ang):
       10.967869   -0.111296   -0.034663
       -0.113187   11.066550    0.007630
       -0.042896    0.009285   11.622976

outcell: Cell vector modules (Ang)   :   10.968488   11.067132   11.623059
outcell: Cell angles (23,13,12) (deg):     89.9126     90.3930     91.1675
outcell: Cell volume (Ang**3)        :   1410.5923
<dSpData1D:S at geom step 75
  <sparsity:sparsity for geom step 75
    nrows_g=52 nrows=52 sparsity=.9882 nnzs=2672, refcount: 7>
  <dData1D:(new from dSpData1D) n=2672, refcount: 1>
refcount: 1>
new_DM -- step:    76
Re-using DM from previous geometries...
Number of DMs in history: 1
 DM extrapolation coefficients: 
1   1.00000
New DM after history re-use:
<dSpData2D:SpM extrapolated using coords
  <sparsity:sparsity for geom step 75
    nrows_g=52 nrows=52 sparsity=.9882 nnzs=2672, refcount: 9>
  <dData2D:(temp array for extrapolation) n=2672 m=1, refcount: 1>
refcount: 1>
Note: For starting DM, Qtot, Tr[D*S] =         16.00000000         15.97928643
No. of atoms with KB's overlaping orbs in proc 0. Max # of overlaps:       4      48

InitMesh: MESH = 120 x 120 x 128 = 1843200
InitMesh: Mesh cutoff (required, used) =   300.000   325.069 Ry
New grid distribution [1]: sub = 2

        iscf     Eharris(eV)        E_KS(eV)     FreeEng(eV)     dDmax    Ef(eV) dHmax(eV)
   scf:    1     -640.635455     -640.678906     -640.747581  0.106940 -6.023749  0.873258
   scf:    2     -626.345361     -636.060784     -636.065928  0.593014 -5.966838  8.350255
   scf:    3     -640.894813     -640.737732     -640.806522  0.549742 -6.025858  0.219739
   scf:    4     -640.744699     -640.742154     -640.810518  0.012036 -6.026762  0.070587
   scf:    5     -640.744943     -640.744056     -640.812489  0.009002 -6.030924  0.027193
   scf:    6     -640.744089     -640.744133     -640.812523  0.003332 -6.032717  0.036028
   scf:    7     -640.744124     -640.744200     -640.812605  0.002742 -6.033111  0.012808
   scf:    8     -640.744213     -640.744217     -640.812627  0.001446 -6.033753  0.003459
   scf:    9     -640.744221     -640.744220     -640.812628  0.000134 -6.034186  0.003659
   scf:   10     -640.744222     -640.744222     -640.812631  0.000493 -6.034359  0.000586
   scf:   11     -640.744224     -640.744223     -640.812631  0.000022 -6.034350  0.000572

SCF Convergence by DM+H criterion
max |DM_out - DM_in|         :     0.0000224426
max |H_out - H_in|      (eV) :     0.0005723129
SCF cycle converged after 11 iterations

Using DM_out to compute the final energy and forces
No. of atoms with KB's overlaping orbs in proc 0. Max # of overlaps:       4      48

siesta: E_KS(eV) =             -640.7442

siesta: Atomic forces (eV/Ang):
----------------------------------------
   Tot   -0.000155   -0.000137    0.000413
----------------------------------------
   Max    2.008250
   Res    0.737947    sqrt( Sum f_i^2 / 3N )
----------------------------------------
   Max    2.008250    constrained

Stress tensor Voigt[x,y,z,yz,xz,xy] (kbar):        0.23       -0.05        0.91        0.23        0.22        0.18
(Free)E + p*V (eV/cell)     -641.1322
Target enthalpy (eV/cell)     -640.8126

siesta: Stress tensor (static) (eV/Ang**3):
         0.000144    0.000115    0.000137
         0.000115   -0.000030    0.000141
         0.000137    0.000142    0.000566

siesta: Pressure (static):         -0.36296245  kBar

siesta: Stress tensor (total) (eV/Ang**3):
         0.000144    0.000115    0.000137
         0.000115   -0.000030    0.000141
         0.000137    0.000142    0.000566

siesta: Pressure (total):         -0.36296245  kBar

                     ====================================
                        Begin CG opt. move =     76
                     ====================================
k-point displ. along   3 input, could be:     0.00    0.50
 Kpoints in:          480 . Kpoints trimmed:          458

siesta: k-grid: Number of k-points = 458
siesta: k-points from Monkhorst-Pack grid
siesta: k-cutoff (effective) =    23.366 Ang
siesta: k-point supercell and displacements
siesta: k-grid:    15     0     0      0.000
siesta: k-grid:     0    15     0      0.000
siesta: k-grid:     0     0     4      0.000

outcell: Unit cell vectors (Ang):
       10.964065   -0.119802   -0.015788
       -0.121838   11.054143    0.003075
       -0.019538    0.003742   11.682780

outcell: Cell vector modules (Ang)   :   10.964731   11.054815   11.682797
outcell: Cell angles (23,13,12) (deg):     89.9647     90.1785     91.2575
outcell: Cell volume (Ang**3)        :   1415.7595
<dSpData1D:S at geom step 76
  <sparsity:sparsity for geom step 76
    nrows_g=52 nrows=52 sparsity=.9882 nnzs=2672, refcount: 7>
  <dData1D:(new from dSpData1D) n=2672, refcount: 1>
refcount: 1>
new_DM -- step:    77
Re-using DM from previous geometries...
Number of DMs in history: 1
 DM extrapolation coefficients: 
1   1.00000
New DM after history re-use:
<dSpData2D:SpM extrapolated using coords
  <sparsity:sparsity for geom step 76
    nrows_g=52 nrows=52 sparsity=.9882 nnzs=2672, refcount: 9>
  <dData2D:(temp array for extrapolation) n=2672 m=1, refcount: 1>
refcount: 1>
Note: For starting DM, Qtot, Tr[D*S] =         16.00000000         15.94484389
No. of atoms with KB's overlaping orbs in proc 0. Max # of overlaps:       4      48

InitMesh: MESH = 120 x 120 x 128 = 1843200
InitMesh: Mesh cutoff (required, used) =   300.000   325.815 Ry
New grid distribution [1]: sub = 2

        iscf     Eharris(eV)        E_KS(eV)     FreeEng(eV)     dDmax    Ef(eV) dHmax(eV)
   scf:    1     -640.459797     -640.573291     -640.640840  0.123097 -6.048719  1.407825
   scf:    2     -611.684310     -631.246772     -631.248124  0.742126 -5.902627 11.834045
   scf:    3     -641.041166     -640.707033     -640.776181  0.703948 -6.053217  0.401322
   scf:    4     -640.725293     -640.718967     -640.787823  0.014702 -6.055160  0.113239
   scf:    5     -640.726574     -640.724116     -640.793032  0.014696 -6.064926  0.057283
   scf:    6     -640.724399     -640.724332     -640.793198  0.003432 -6.066758  0.040557
   scf:    7     -640.724305     -640.724384     -640.793295  0.002159 -6.070645  0.025930
   scf:    8     -640.724414     -640.724400     -640.793306  0.000353 -6.070796  0.022391
   scf:    9     -640.724457     -640.724451     -640.793337  0.002453 -6.073547  0.004596
   scf:   10     -640.724445     -640.724451     -640.793343  0.000963 -6.073200  0.003419
   scf:   11     -640.724448     -640.724450     -640.793344  0.000232 -6.073345  0.000865
   scf:   12     -640.724451     -640.724450     -640.793344  0.000034 -6.073335  0.000799

SCF Convergence by DM+H criterion
max |DM_out - DM_in|         :     0.0000341987
max |H_out - H_in|      (eV) :     0.0007994936
SCF cycle converged after 12 iterations

Using DM_out to compute the final energy and forces
No. of atoms with KB's overlaping orbs in proc 0. Max # of overlaps:       4      48

siesta: E_KS(eV) =             -640.7245

siesta: Atomic forces (eV/Ang):
----------------------------------------
   Tot   -0.000936   -0.000348   -0.000963
----------------------------------------
   Max    3.172881
   Res    1.165854    sqrt( Sum f_i^2 / 3N )
----------------------------------------
   Max    3.172881    constrained

Stress tensor Voigt[x,y,z,yz,xz,xy] (kbar):        0.57       -0.07        2.85        0.16        1.11        0.13
(Free)E + p*V (eV/cell)     -641.7830
Target enthalpy (eV/cell)     -640.7933

siesta: Stress tensor (static) (eV/Ang**3):
         0.000356    0.000082    0.000692
         0.000082   -0.000041    0.000097
         0.000691    0.000097    0.001782

siesta: Pressure (static):         -1.11995965  kBar

siesta: Stress tensor (total) (eV/Ang**3):
         0.000356    0.000082    0.000692
         0.000082   -0.000041    0.000097
         0.000691    0.000097    0.001782

siesta: Pressure (total):         -1.11995965  kBar

                     ====================================
                        Begin CG opt. move =     77
                     ====================================
k-point displ. along   3 input, could be:     0.00    0.50
 Kpoints in:          480 . Kpoints trimmed:          458

siesta: k-grid: Number of k-points = 458
siesta: k-points from Monkhorst-Pack grid
siesta: k-cutoff (effective) =    23.265 Ang
siesta: k-point supercell and displacements
siesta: k-grid:    15     0     0      0.000
siesta: k-grid:     0    15     0      0.000
siesta: k-grid:     0     0     4      0.000

outcell: Unit cell vectors (Ang):
       10.967252   -0.112676   -0.031601
       -0.114590   11.064537    0.006891
       -0.039106    0.008385   11.632678

outcell: Cell vector modules (Ang)   :   10.967876   11.065133   11.632747
outcell: Cell angles (23,13,12) (deg):     89.9210     90.3581     91.1821
outcell: Cell volume (Ang**3)        :   1411.4328
<dSpData1D:S at geom step 77
  <sparsity:sparsity for geom step 77
    nrows_g=52 nrows=52 sparsity=.9882 nnzs=2672, refcount: 7>
  <dData1D:(new from dSpData1D) n=2672, refcount: 1>
refcount: 1>
new_DM -- step:    78
Re-using DM from previous geometries...
Number of DMs in history: 1
 DM extrapolation coefficients: 
1   1.00000
New DM after history re-use:
<dSpData2D:SpM extrapolated using coords
  <sparsity:sparsity for geom step 77
    nrows_g=52 nrows=52 sparsity=.9882 nnzs=2672, refcount: 9>
  <dData2D:(temp array for extrapolation) n=2672 m=1, refcount: 1>
refcount: 1>
Note: For starting DM, Qtot, Tr[D*S] =         16.00000000         16.03161065
No. of atoms with KB's overlaping orbs in proc 0. Max # of overlaps:       4      48

InitMesh: MESH = 120 x 120 x 128 = 1843200
InitMesh: Mesh cutoff (required, used) =   300.000   325.190 Ry
New grid distribution [1]: sub = 2

        iscf     Eharris(eV)        E_KS(eV)     FreeEng(eV)     dDmax    Ef(eV) dHmax(eV)
   scf:    1     -640.182969     -640.591191     -640.650910  0.161276 -6.059062  1.343942
   scf:    2     -580.371816     -620.663502     -620.667345  1.046648 -5.805793 16.567779
   scf:    3     -641.394514     -640.732243     -640.800205  1.016207 -6.053001  0.405407
   scf:    4     -640.742845     -640.739893     -640.808661  0.019867 -6.050085  0.168259
   scf:    5     -640.744613     -640.743669     -640.812339  0.011148 -6.043954  0.113826
   scf:    6     -640.744596     -640.744681     -640.812923  0.007801 -6.043644  0.032250
   scf:    7     -640.744587     -640.744685     -640.813142  0.003529 -6.042665  0.026839
   scf:    8     -640.743827     -640.744375     -640.813074  0.005202 -6.041763  0.032154
   scf:    9     -640.744923     -640.744760     -640.813183  0.004353 -6.041631  0.011899
   scf:   10     -640.744680     -640.744725     -640.813208  0.001209 -6.041598  0.005666
   scf:   11     -640.744681     -640.744704     -640.813211  0.000391 -6.041661  0.001066
   scf:   12     -640.744706     -640.744705     -640.813211  0.000066 -6.041698  0.000900

SCF Convergence by DM+H criterion
max |DM_out - DM_in|         :     0.0000657072
max |H_out - H_in|      (eV) :     0.0008997077
SCF cycle converged after 12 iterations

Using DM_out to compute the final energy and forces
No. of atoms with KB's overlaping orbs in proc 0. Max # of overlaps:       4      48

siesta: E_KS(eV) =             -640.7447

siesta: Atomic forces (eV/Ang):
----------------------------------------
   Tot   -0.000463   -0.000192    0.000293
----------------------------------------
   Max    2.198411
   Res    0.804406    sqrt( Sum f_i^2 / 3N )
----------------------------------------
   Max    2.198411    constrained

Stress tensor Voigt[x,y,z,yz,xz,xy] (kbar):        0.28       -0.06        1.19        0.23        0.35        0.18
(Free)E + p*V (eV/cell)     -641.2301
Target enthalpy (eV/cell)     -640.8132

siesta: Stress tensor (static) (eV/Ang**3):
         0.000176    0.000114    0.000219
         0.000114   -0.000035    0.000143
         0.000219    0.000142    0.000745

siesta: Pressure (static):         -0.47320884  kBar

siesta: Stress tensor (total) (eV/Ang**3):
         0.000176    0.000114    0.000219
         0.000114   -0.000035    0.000143
         0.000219    0.000142    0.000745

siesta: Pressure (total):         -0.47320884  kBar

cgvc: Finished line minimization   22.  Mean atomic displacement =    0.1212

                     ====================================
                        Begin CG opt. move =     78
                     ====================================
k-point displ. along   3 input, could be:     0.00    0.50
 Kpoints in:          480 . Kpoints trimmed:          458

siesta: k-grid: Number of k-points = 458
siesta: k-points from Monkhorst-Pack grid
siesta: k-cutoff (effective) =    23.396 Ang
siesta: k-point supercell and displacements
siesta: k-grid:    15     0     0      0.000
siesta: k-grid:     0    15     0      0.000
siesta: k-grid:     0     0     4      0.000

outcell: Unit cell vectors (Ang):
       10.959917   -0.125293   -0.009979
       -0.127422   11.048862   -0.000999
       -0.012349   -0.001215   11.698098

outcell: Cell vector modules (Ang)   :   10.960638   11.049597   11.698104
outcell: Cell angles (23,13,12) (deg):     90.0104     90.1126     91.3157
outcell: Cell volume (Ang**3)        :   1416.3885
<dSpData1D:S at geom step 78
  <sparsity:sparsity for geom step 78
    nrows_g=52 nrows=52 sparsity=.9882 nnzs=2672, refcount: 7>
  <dData1D:(new from dSpData1D) n=2672, refcount: 1>
refcount: 1>
new_DM -- step:    79
Re-using DM from previous geometries...
Number of DMs in history: 1
 DM extrapolation coefficients: 
1   1.00000
New DM after history re-use:
<dSpData2D:SpM extrapolated using coords
  <sparsity:sparsity for geom step 78
    nrows_g=52 nrows=52 sparsity=.9882 nnzs=2672, refcount: 9>
  <dData2D:(temp array for extrapolation) n=2672 m=1, refcount: 1>
refcount: 1>
Note: For starting DM, Qtot, Tr[D*S] =         16.00000000         15.90346982
No. of atoms with KB's overlaping orbs in proc 0. Max # of overlaps:       4      48

InitMesh: MESH = 120 x 120 x 128 = 1843200
InitMesh: Mesh cutoff (required, used) =   300.000   326.137 Ry
New grid distribution [1]: sub = 2

        iscf     Eharris(eV)        E_KS(eV)     FreeEng(eV)     dDmax    Ef(eV) dHmax(eV)
   scf:    1     -640.596922     -640.648024     -640.713869  0.162765 -5.860847  0.997353
   scf:    2     -638.036775     -639.937590     -639.959435  0.267636 -5.878029  3.378858
   scf:    3     -640.916638     -640.756984     -640.824927  0.211848 -5.874823  0.261279
   scf:    4     -640.754504     -640.755777     -640.823521  0.002740 -5.874443  0.290950
   scf:    5     -640.769945     -640.766445     -640.835347  0.022616 -5.884270  0.113980
   scf:    6     -640.767081     -640.767130     -640.836255  0.007090 -5.889906  0.045990
   scf:    7     -640.767405     -640.767289     -640.836414  0.001974 -5.891762  0.039700
   scf:    8     -640.767485     -640.767505     -640.836417  0.006830 -5.896443  0.024954
   scf:    9     -640.767503     -640.767530     -640.836504  0.001866 -5.897836  0.010204
   scf:   10     -640.767391     -640.767491     -640.836570  0.003353 -5.898067  0.001637
   scf:   11     -640.767494     -640.767492     -640.836570  0.000044 -5.898083  0.001337
   scf:   12     -640.767504     -640.767498     -640.836571  0.000192 -5.898040  0.000981
   scf:   13     -640.767496     -640.767497     -640.836571  0.000045 -5.898047  0.000866

SCF Convergence by DM+H criterion
max |DM_out - DM_in|         :     0.0000448227
max |H_out - H_in|      (eV) :     0.0008661242
SCF cycle converged after 13 iterations

Using DM_out to compute the final energy and forces
No. of atoms with KB's overlaping orbs in proc 0. Max # of overlaps:       4      48

siesta: E_KS(eV) =             -640.7675

siesta: Atomic forces (eV/Ang):
----------------------------------------
   Tot   -0.001283    0.000324   -0.002650
----------------------------------------
   Max    1.529735
   Res    0.900290    sqrt( Sum f_i^2 / 3N )
----------------------------------------
   Max    1.529735    constrained

Stress tensor Voigt[x,y,z,yz,xz,xy] (kbar):        0.60        0.27        3.54       -0.53        1.34       -0.06
(Free)E + p*V (eV/cell)     -642.1356
Target enthalpy (eV/cell)     -640.8366

siesta: Stress tensor (static) (eV/Ang**3):
         0.000378   -0.000040    0.000834
        -0.000040    0.000166   -0.000330
         0.000834   -0.000330    0.002208

siesta: Pressure (static):         -1.46946046  kBar

siesta: Stress tensor (total) (eV/Ang**3):
         0.000378   -0.000040    0.000834
        -0.000040    0.000166   -0.000330
         0.000834   -0.000330    0.002208

siesta: Pressure (total):         -1.46946046  kBar

                     ====================================
                        Begin CG opt. move =     79
                     ====================================
k-point displ. along   3 input, could be:     0.00    0.50
 Kpoints in:          480 . Kpoints trimmed:          458

siesta: k-grid: Number of k-points = 458
siesta: k-points from Monkhorst-Pack grid
siesta: k-cutoff (effective) =    23.346 Ang
siesta: k-point supercell and displacements
siesta: k-grid:    15     0     0      0.000
siesta: k-grid:     0    15     0      0.000
siesta: k-grid:     0     0     4      0.000

outcell: Unit cell vectors (Ang):
       10.962708   -0.120493   -0.018205
       -0.122540   11.054826    0.002003
       -0.022529    0.002437   11.673209

outcell: Cell vector modules (Ang)   :   10.963385   11.055505   11.673231
outcell: Cell angles (23,13,12) (deg):     89.9764     90.2058     91.2648
outcell: Cell volume (Ang**3)        :   1414.5088
<dSpData1D:S at geom step 79
  <sparsity:sparsity for geom step 79
    nrows_g=52 nrows=52 sparsity=.9882 nnzs=2672, refcount: 7>
  <dData1D:(new from dSpData1D) n=2672, refcount: 1>
refcount: 1>
new_DM -- step:    80
Re-using DM from previous geometries...
Number of DMs in history: 1
 DM extrapolation coefficients: 
1   1.00000
New DM after history re-use:
<dSpData2D:SpM extrapolated using coords
  <sparsity:sparsity for geom step 79
    nrows_g=52 nrows=52 sparsity=.9882 nnzs=2672, refcount: 9>
  <dData2D:(temp array for extrapolation) n=2672 m=1, refcount: 1>
refcount: 1>
Note: For starting DM, Qtot, Tr[D*S] =         16.00000000         16.02925516
No. of atoms with KB's overlaping orbs in proc 0. Max # of overlaps:       4      48

InitMesh: MESH = 120 x 120 x 128 = 1843200
InitMesh: Mesh cutoff (required, used) =   300.000   325.776 Ry
New grid distribution [1]: sub = 2

        iscf     Eharris(eV)        E_KS(eV)     FreeEng(eV)     dDmax    Ef(eV) dHmax(eV)
   scf:    1     -640.693987     -640.761194     -640.827810  0.073618 -5.971640  0.465630
   scf:    2     -639.972596     -640.537614     -640.590658  0.155126 -5.945111  1.634903
   scf:    3     -640.824332     -640.781540     -640.850703  0.120264 -5.966406  0.067246
   scf:    4     -640.782150     -640.781857     -640.851006  0.001244 -5.965816  0.055498
   scf:    5     -640.783007     -640.783030     -640.851729  0.011516 -5.962401  0.036112
   scf:    6     -640.782833     -640.783049     -640.851970  0.004963 -5.961197  0.015624
   scf:    7     -640.783023     -640.783038     -640.851977  0.000556 -5.960994  0.014751
   scf:    8     -640.782982     -640.783014     -640.851978  0.000946 -5.960249  0.003678
   scf:    9     -640.783137     -640.783083     -640.851991  0.001260 -5.959961  0.002382
   scf:   10     -640.783071     -640.783077     -640.851992  0.000137 -5.959979  0.000563
   scf:   11     -640.783073     -640.783075     -640.851992  0.000103 -5.960175  0.000257
   scf:   12     -640.783075     -640.783075     -640.851992  0.000008 -5.960198  0.000228

SCF Convergence by DM+H criterion
max |DM_out - DM_in|         :     0.0000078931
max |H_out - H_in|      (eV) :     0.0002282513
SCF cycle converged after 12 iterations

Using DM_out to compute the final energy and forces
No. of atoms with KB's overlaping orbs in proc 0. Max # of overlaps:       4      48

siesta: E_KS(eV) =             -640.7831

siesta: Atomic forces (eV/Ang):
----------------------------------------
   Tot   -0.000709   -0.000208   -0.000873
----------------------------------------
   Max    1.004989
   Res    0.466973    sqrt( Sum f_i^2 / 3N )
----------------------------------------
   Max    1.004989    constrained

Stress tensor Voigt[x,y,z,yz,xz,xy] (kbar):        0.49        0.17        2.49       -0.26        0.97        0.02
(Free)E + p*V (eV/cell)     -641.7806
Target enthalpy (eV/cell)     -640.8520

siesta: Stress tensor (static) (eV/Ang**3):
         0.000308    0.000010    0.000606
         0.000010    0.000107   -0.000160
         0.000606   -0.000160    0.001555

siesta: Pressure (static):         -1.05183903  kBar

siesta: Stress tensor (total) (eV/Ang**3):
         0.000308    0.000010    0.000606
         0.000010    0.000107   -0.000160
         0.000606   -0.000160    0.001555

siesta: Pressure (total):         -1.05183903  kBar

cgvc: Finished line minimization   23.  Mean atomic displacement =    0.0751

                     ====================================
                        Begin CG opt. move =     80
                     ====================================
k-point displ. along   3 input, could be:     0.00    0.50
 Kpoints in:          480 . Kpoints trimmed:          458

siesta: k-grid: Number of k-points = 458
siesta: k-points from Monkhorst-Pack grid
siesta: k-cutoff (effective) =    23.334 Ang
siesta: k-point supercell and displacements
siesta: k-grid:    15     0     0      0.000
siesta: k-grid:     0    15     0      0.000
siesta: k-grid:     0     0     4      0.000

outcell: Unit cell vectors (Ang):
       10.953007   -0.126826   -0.019726
       -0.128981   11.045037    0.001406
       -0.024410    0.001710   11.666793

outcell: Cell vector modules (Ang)   :   10.953759   11.045791   11.666819
outcell: Cell angles (23,13,12) (deg):     89.9829     90.2231     91.3325
outcell: Cell volume (Ang**3)        :   1411.2102
<dSpData1D:S at geom step 80
  <sparsity:sparsity for geom step 80
    nrows_g=52 nrows=52 sparsity=.9882 nnzs=2672, refcount: 7>
  <dData1D:(new from dSpData1D) n=2672, refcount: 1>
refcount: 1>
new_DM -- step:    81
Re-using DM from previous geometries...
Number of DMs in history: 1
 DM extrapolation coefficients: 
1   1.00000
New DM after history re-use:
<dSpData2D:SpM extrapolated using coords
  <sparsity:sparsity for geom step 80
    nrows_g=52 nrows=52 sparsity=.9882 nnzs=2672, refcount: 9>
  <dData2D:(temp array for extrapolation) n=2672 m=1, refcount: 1>
refcount: 1>
Note: For starting DM, Qtot, Tr[D*S] =         16.00000000         16.06013356
No. of atoms with KB's overlaping orbs in proc 0. Max # of overlaps:       4      48

InitMesh: MESH = 120 x 120 x 128 = 1843200
InitMesh: Mesh cutoff (required, used) =   300.000   326.367 Ry
New grid distribution [1]: sub = 2

        iscf     Eharris(eV)        E_KS(eV)     FreeEng(eV)     dDmax    Ef(eV) dHmax(eV)
   scf:    1     -640.169295     -640.628720     -640.697081  0.137733 -6.095214  1.608575
   scf:    2     -578.709777     -620.107150     -620.119286  1.022259 -5.800376 17.061174
   scf:    3     -641.152418     -640.770554     -640.839779  1.027142 -6.086733  0.716873
   scf:    4     -640.809608     -640.799040     -640.867927  0.017096 -6.078651  0.173153
   scf:    5     -640.804333     -640.803049     -640.872108  0.010217 -6.070760  0.077083
   scf:    6     -640.803043     -640.803053     -640.872103  0.000628 -6.071038  0.065758
   scf:    7     -640.803406     -640.803335     -640.872423  0.003576 -6.065435  0.014290
   scf:    8     -640.803398     -640.803376     -640.872442  0.001048 -6.064698  0.020537
   scf:    9     -640.803388     -640.803392     -640.872462  0.001487 -6.063708  0.003082
   scf:   10     -640.803386     -640.803389     -640.872464  0.000283 -6.063708  0.002001
   scf:   11     -640.803383     -640.803388     -640.872466  0.000832 -6.063742  0.001021
   scf:   12     -640.803388     -640.803388     -640.872467  0.000055 -6.063754  0.000875

SCF Convergence by DM+H criterion
max |DM_out - DM_in|         :     0.0000550213
max |H_out - H_in|      (eV) :     0.0008748751
SCF cycle converged after 12 iterations

Using DM_out to compute the final energy and forces
No. of atoms with KB's overlaping orbs in proc 0. Max # of overlaps:       4      48

siesta: E_KS(eV) =             -640.8034

siesta: Atomic forces (eV/Ang):
----------------------------------------
   Tot    0.000736   -0.000222    0.000029
----------------------------------------
   Max    1.302376
   Res    0.560572    sqrt( Sum f_i^2 / 3N )
----------------------------------------
   Max    1.302376    constrained

Stress tensor Voigt[x,y,z,yz,xz,xy] (kbar):       -0.21        0.16       -0.07       -0.40       -0.33       -0.07
(Free)E + p*V (eV/cell)     -640.8395
Target enthalpy (eV/cell)     -640.8725

siesta: Stress tensor (static) (eV/Ang**3):
        -0.000130   -0.000041   -0.000207
        -0.000041    0.000101   -0.000250
        -0.000207   -0.000250   -0.000041

siesta: Pressure (static):          0.03744384  kBar

siesta: Stress tensor (total) (eV/Ang**3):
        -0.000130   -0.000041   -0.000207
        -0.000041    0.000101   -0.000250
        -0.000207   -0.000250   -0.000041

siesta: Pressure (total):          0.03744384  kBar

                     ====================================
                        Begin CG opt. move =     81
                     ====================================
k-point displ. along   3 input, could be:     0.00    0.50
 Kpoints in:          480 . Kpoints trimmed:          458

siesta: k-grid: Number of k-points = 458
siesta: k-points from Monkhorst-Pack grid
siesta: k-cutoff (effective) =    23.337 Ang
siesta: k-point supercell and displacements
siesta: k-grid:    15     0     0      0.000
siesta: k-grid:     0    15     0      0.000
siesta: k-grid:     0     0     4      0.000

outcell: Unit cell vectors (Ang):
       10.955888   -0.124945   -0.019274
       -0.127068   11.047945    0.001583
       -0.023852    0.001926   11.668699

outcell: Cell vector modules (Ang)   :   10.956618   11.048676   11.668723
outcell: Cell angles (23,13,12) (deg):     89.9810     90.2180     91.3124
outcell: Cell volume (Ang**3)        :   1412.1895
<dSpData1D:S at geom step 81
  <sparsity:sparsity for geom step 81
    nrows_g=52 nrows=52 sparsity=.9882 nnzs=2672, refcount: 7>
  <dData1D:(new from dSpData1D) n=2672, refcount: 1>
refcount: 1>
new_DM -- step:    82
Re-using DM from previous geometries...
Number of DMs in history: 1
 DM extrapolation coefficients: 
1   1.00000
New DM after history re-use:
<dSpData2D:SpM extrapolated using coords
  <sparsity:sparsity for geom step 81
    nrows_g=52 nrows=52 sparsity=.9882 nnzs=2672, refcount: 9>
  <dData2D:(temp array for extrapolation) n=2672 m=1, refcount: 1>
refcount: 1>
Note: For starting DM, Qtot, Tr[D*S] =         16.00000000         15.97992751
No. of atoms with KB's overlaping orbs in proc 0. Max # of overlaps:       4      48

InitMesh: MESH = 120 x 120 x 128 = 1843200
InitMesh: Mesh cutoff (required, used) =   300.000   326.191 Ry
New grid distribution [1]: sub = 2

        iscf     Eharris(eV)        E_KS(eV)     FreeEng(eV)     dDmax    Ef(eV) dHmax(eV)
   scf:    1     -640.793080     -640.790647     -640.859236  0.041905 -6.023710  0.522081
   scf:    2     -639.073589     -640.256107     -640.324607  0.088261 -6.026030  2.944560
   scf:    3     -640.884993     -640.807776     -640.876711  0.076676 -6.027224  0.053341
   scf:    4     -640.808471     -640.808291     -640.877368  0.005421 -6.029368  0.030178
   scf:    5     -640.808371     -640.808334     -640.877413  0.000571 -6.029832  0.019980
   scf:    6     -640.808571     -640.808504     -640.877482  0.003294 -6.033231  0.009479
   scf:    7     -640.808447     -640.808483     -640.877498  0.001123 -6.034112  0.011014
   scf:    8     -640.808428     -640.808460     -640.877503  0.000823 -6.034353  0.002618
   scf:    9     -640.808485     -640.808473     -640.877505  0.000362 -6.034704  0.000850
   scf:   10     -640.808477     -640.808475     -640.877505  0.000056 -6.034706  0.000383

SCF Convergence by DM+H criterion
max |DM_out - DM_in|         :     0.0000564057
max |H_out - H_in|      (eV) :     0.0003828883
SCF cycle converged after 10 iterations

Using DM_out to compute the final energy and forces
No. of atoms with KB's overlaping orbs in proc 0. Max # of overlaps:       4      48

siesta: E_KS(eV) =             -640.8085

siesta: Atomic forces (eV/Ang):
----------------------------------------
   Tot    0.000580   -0.000224    0.000463
----------------------------------------
   Max    0.688278
   Res    0.310969    sqrt( Sum f_i^2 / 3N )
----------------------------------------
   Max    0.688278    constrained

Stress tensor Voigt[x,y,z,yz,xz,xy] (kbar):       -0.03        0.16        0.70       -0.37        0.03       -0.05
(Free)E + p*V (eV/cell)     -641.1216
Target enthalpy (eV/cell)     -640.8775

siesta: Stress tensor (static) (eV/Ang**3):
        -0.000018   -0.000034    0.000021
        -0.000034    0.000100   -0.000233
         0.000021   -0.000233    0.000436

siesta: Pressure (static):         -0.27696954  kBar

siesta: Stress tensor (total) (eV/Ang**3):
        -0.000018   -0.000034    0.000021
        -0.000034    0.000100   -0.000233
         0.000021   -0.000233    0.000436

siesta: Pressure (total):         -0.27696954  kBar

cgvc: Finished line minimization   24.  Mean atomic displacement =    0.0528

                     ====================================
                        Begin CG opt. move =     82
                     ====================================
k-point displ. along   3 input, could be:     0.00    0.50
 Kpoints in:          480 . Kpoints trimmed:          458

siesta: k-grid: Number of k-points = 458
siesta: k-points from Monkhorst-Pack grid
siesta: k-cutoff (effective) =    23.306 Ang
siesta: k-point supercell and displacements
siesta: k-grid:    15     0     0      0.000
siesta: k-grid:     0    15     0      0.000
siesta: k-grid:     0     0     4      0.000

outcell: Unit cell vectors (Ang):
       10.950662   -0.127878   -0.020614
       -0.130051   11.040014    0.006460
       -0.025510    0.007861   11.653070

outcell: Cell vector modules (Ang)   :   10.951428   11.040782   11.653100
outcell: Cell angles (23,13,12) (deg):     89.9264     90.2337     91.3440
outcell: Cell volume (Ang**3)        :   1408.6031
<dSpData1D:S at geom step 82
  <sparsity:sparsity for geom step 82
    nrows_g=52 nrows=52 sparsity=.9882 nnzs=2672, refcount: 7>
  <dData1D:(new from dSpData1D) n=2672, refcount: 1>
refcount: 1>
new_DM -- step:    83
Re-using DM from previous geometries...
Number of DMs in history: 1
 DM extrapolation coefficients: 
1   1.00000
New DM after history re-use:
<dSpData2D:SpM extrapolated using coords
  <sparsity:sparsity for geom step 82
    nrows_g=52 nrows=52 sparsity=.9882 nnzs=2672, refcount: 9>
  <dData2D:(temp array for extrapolation) n=2672 m=1, refcount: 1>
refcount: 1>
Note: For starting DM, Qtot, Tr[D*S] =         16.00000000         16.05054264
No. of atoms with KB's overlaping orbs in proc 0. Max # of overlaps:       4      48

InitMesh: MESH = 120 x 120 x 128 = 1843200
InitMesh: Mesh cutoff (required, used) =   300.000   326.666 Ry
New grid distribution [1]: sub = 2

        iscf     Eharris(eV)        E_KS(eV)     FreeEng(eV)     dDmax    Ef(eV) dHmax(eV)
   scf:    1     -640.326497     -640.698169     -640.767222  0.068420 -6.096127  1.436906
   scf:    2     -590.850470     -624.202708     -624.203440  0.952222 -5.874189 15.261229
   scf:    3     -640.831756     -640.789739     -640.859020  0.945075 -6.089725  0.698984
   scf:    4     -640.826419     -640.813924     -640.883022  0.012741 -6.084142  0.224659
   scf:    5     -640.819903     -640.817952     -640.887099  0.007467 -6.079218  0.045928
   scf:    6     -640.818219     -640.818105     -640.887251  0.001120 -6.078242  0.038232
   scf:    7     -640.818362     -640.818297     -640.887444  0.003027 -6.073848  0.012251
   scf:    8     -640.818283     -640.818294     -640.887448  0.000764 -6.073082  0.011500
   scf:    9     -640.818290     -640.818299     -640.887465  0.000896 -6.072795  0.001929
   scf:   10     -640.818327     -640.818315     -640.887468  0.000933 -6.072872  0.001451
   scf:   11     -640.818314     -640.818315     -640.887468  0.000037 -6.072920  0.000852

SCF Convergence by DM+H criterion
max |DM_out - DM_in|         :     0.0000367876
max |H_out - H_in|      (eV) :     0.0008517647
SCF cycle converged after 11 iterations

Using DM_out to compute the final energy and forces
No. of atoms with KB's overlaping orbs in proc 0. Max # of overlaps:       4      48

siesta: E_KS(eV) =             -640.8183

siesta: Atomic forces (eV/Ang):
----------------------------------------
   Tot    0.000678    0.000133    0.001192
----------------------------------------
   Max    0.621381
   Res    0.222754    sqrt( Sum f_i^2 / 3N )
----------------------------------------
   Max    0.621381    constrained

Stress tensor Voigt[x,y,z,yz,xz,xy] (kbar):       -0.14       -0.09       -1.82        0.41       -0.51        0.12
(Free)E + p*V (eV/cell)     -640.2881
Target enthalpy (eV/cell)     -640.8875

siesta: Stress tensor (static) (eV/Ang**3):
        -0.000088    0.000077   -0.000318
         0.000077   -0.000054    0.000256
        -0.000318    0.000256   -0.001134

siesta: Pressure (static):          0.68178638  kBar

siesta: Stress tensor (total) (eV/Ang**3):
        -0.000088    0.000077   -0.000318
         0.000077   -0.000054    0.000256
        -0.000318    0.000256   -0.001134

siesta: Pressure (total):          0.68178638  kBar

                     ====================================
                        Begin CG opt. move =     83
                     ====================================
k-point displ. along   3 input, could be:     0.00    0.50
 Kpoints in:          480 . Kpoints trimmed:          458

siesta: k-grid: Number of k-points = 458
siesta: k-points from Monkhorst-Pack grid
siesta: k-cutoff (effective) =    23.314 Ang
siesta: k-point supercell and displacements
siesta: k-grid:    15     0     0      0.000
siesta: k-grid:     0    15     0      0.000
siesta: k-grid:     0     0     4      0.000

outcell: Unit cell vectors (Ang):
       10.951898   -0.127185   -0.020297
       -0.129346   11.041889    0.005307
       -0.025118    0.006457   11.656766

outcell: Cell vector modules (Ang)   :   10.952655   11.042648   11.656794
outcell: Cell angles (23,13,12) (deg):     89.9393     90.2300     91.3365
outcell: Cell volume (Ang**3)        :   1409.4508
<dSpData1D:S at geom step 83
  <sparsity:sparsity for geom step 83
    nrows_g=52 nrows=52 sparsity=.9882 nnzs=2672, refcount: 7>
  <dData1D:(new from dSpData1D) n=2672, refcount: 1>
refcount: 1>
new_DM -- step:    84
Re-using DM from previous geometries...
Number of DMs in history: 1
 DM extrapolation coefficients: 
1   1.00000
New DM after history re-use:
<dSpData2D:SpM extrapolated using coords
  <sparsity:sparsity for geom step 83
    nrows_g=52 nrows=52 sparsity=.9882 nnzs=2672, refcount: 9>
  <dData2D:(temp array for extrapolation) n=2672 m=1, refcount: 1>
refcount: 1>
No. of atoms with KB's overlaping orbs in proc 0. Max # of overlaps:       4      48

InitMesh: MESH = 120 x 120 x 128 = 1843200
InitMesh: Mesh cutoff (required, used) =   300.000   326.554 Ry
New grid distribution [1]: sub = 2

        iscf     Eharris(eV)        E_KS(eV)     FreeEng(eV)     dDmax    Ef(eV) dHmax(eV)
   scf:    1     -640.826316     -640.811132     -640.879930  0.023032 -6.058834  0.371405
   scf:    2     -640.042880     -640.573726     -640.641894  0.058119 -6.061316  2.034329
   scf:    3     -640.858094     -640.819325     -640.888487  0.046064 -6.060576  0.047345
   scf:    4     -640.819415     -640.819414     -640.888545  0.001282 -6.061130  0.033093
   scf:    5     -640.819591     -640.819541     -640.888680  0.001706 -6.062516  0.013681
   scf:    6     -640.819575     -640.819563     -640.888695  0.000623 -6.064431  0.006291
   scf:    7     -640.819570     -640.819567     -640.888695  0.000150 -6.065078  0.003711
   scf:    8     -640.819558     -640.819563     -640.888697  0.000205 -6.065345  0.000699
   scf:    9     -640.819568     -640.819566     -640.888697  0.000098 -6.065335  0.000529

SCF Convergence by DM+H criterion
max |DM_out - DM_in|         :     0.0000977292
max |H_out - H_in|      (eV) :     0.0005285794
SCF cycle converged after 9 iterations

Using DM_out to compute the final energy and forces
No. of atoms with KB's overlaping orbs in proc 0. Max # of overlaps:       4      48

siesta: E_KS(eV) =             -640.8196

siesta: Atomic forces (eV/Ang):
----------------------------------------
   Tot    0.000677    0.000266    0.000683
----------------------------------------
   Max    0.336093
   Res    0.140069    sqrt( Sum f_i^2 / 3N )
----------------------------------------
   Max    0.336093    constrained

Stress tensor Voigt[x,y,z,yz,xz,xy] (kbar):       -0.12       -0.03       -1.24        0.23       -0.38        0.08
(Free)E + p*V (eV/cell)     -640.4828
Target enthalpy (eV/cell)     -640.8887

siesta: Stress tensor (static) (eV/Ang**3):
        -0.000072    0.000052   -0.000239
         0.000052   -0.000021    0.000145
        -0.000239    0.000145   -0.000771

siesta: Pressure (static):          0.46144378  kBar

siesta: Stress tensor (total) (eV/Ang**3):
        -0.000072    0.000052   -0.000239
         0.000052   -0.000021    0.000145
        -0.000239    0.000145   -0.000771

siesta: Pressure (total):          0.46144378  kBar

cgvc: Finished line minimization   25.  Mean atomic displacement =    0.0403

                     ====================================
                        Begin CG opt. move =     84
                     ====================================
k-point displ. along   3 input, could be:     0.00    0.50
 Kpoints in:          480 . Kpoints trimmed:          458

siesta: k-grid: Number of k-points = 458
siesta: k-points from Monkhorst-Pack grid
siesta: k-cutoff (effective) =    23.364 Ang
siesta: k-point supercell and displacements
siesta: k-grid:    15     0     0      0.000
siesta: k-grid:     0    15     0      0.000
siesta: k-grid:     0     0     4      0.000

outcell: Unit cell vectors (Ang):
       10.951434   -0.130793   -0.012389
       -0.133015   11.037981    0.002829
       -0.015332    0.003442   11.682233

outcell: Cell vector modules (Ang)   :   10.952222   11.038783   11.682244
outcell: Cell angles (23,13,12) (deg):     89.9675     90.1402     91.3747
outcell: Cell volume (Ang**3)        :   1411.9631
<dSpData1D:S at geom step 84
  <sparsity:sparsity for geom step 84
    nrows_g=52 nrows=52 sparsity=.9882 nnzs=2672, refcount: 7>
  <dData1D:(new from dSpData1D) n=2672, refcount: 1>
refcount: 1>
new_DM -- step:    85
Re-using DM from previous geometries...
Number of DMs in history: 1
 DM extrapolation coefficients: 
1   1.00000
New DM after history re-use:
<dSpData2D:SpM extrapolated using coords
  <sparsity:sparsity for geom step 84
    nrows_g=52 nrows=52 sparsity=.9882 nnzs=2672, refcount: 9>
  <dData2D:(temp array for extrapolation) n=2672 m=1, refcount: 1>
refcount: 1>
Note: For starting DM, Qtot, Tr[D*S] =         16.00000000         15.95366485
No. of atoms with KB's overlaping orbs in proc 0. Max # of overlaps:       4      48

InitMesh: MESH = 120 x 120 x 128 = 1843200
InitMesh: Mesh cutoff (required, used) =   300.000   326.793 Ry
New grid distribution [1]: sub = 2

        iscf     Eharris(eV)        E_KS(eV)     FreeEng(eV)     dDmax    Ef(eV) dHmax(eV)
   scf:    1     -640.803384     -640.786012     -640.855176  0.051430 -5.972139  0.573308
   scf:    2     -637.075365     -639.617424     -639.663684  0.194523 -5.979956  4.168001
   scf:    3     -640.891905     -640.814550     -640.883833  0.178290 -5.977058  0.117662
   scf:    4     -640.816094     -640.815360     -640.884627  0.001545 -5.977741  0.093544
   scf:    5     -640.818670     -640.817813     -640.886980  0.009642 -5.985603  0.029010
   scf:    6     -640.817676     -640.817801     -640.887050  0.004792 -5.989201  0.018525
   scf:    7     -640.817806     -640.817805     -640.887055  0.000408 -5.990086  0.013128
   scf:    8     -640.817907     -640.817873     -640.887078  0.002872 -5.991571  0.002962
   scf:    9     -640.817872     -640.817873     -640.887078  0.000178 -5.991788  0.003539
   scf:   10     -640.817842     -640.817860     -640.887083  0.001080 -5.991681  0.000497
   scf:   11     -640.817861     -640.817860     -640.887083  0.000015 -5.991668  0.000474

SCF Convergence by DM+H criterion
max |DM_out - DM_in|         :     0.0000147287
max |H_out - H_in|      (eV) :     0.0004738608
SCF cycle converged after 11 iterations

Using DM_out to compute the final energy and forces
No. of atoms with KB's overlaping orbs in proc 0. Max # of overlaps:       4      48

siesta: E_KS(eV) =             -640.8179

siesta: Atomic forces (eV/Ang):
----------------------------------------
   Tot   -0.000038   -0.000087    0.000278
----------------------------------------
   Max    1.307127
   Res    0.534493    sqrt( Sum f_i^2 / 3N )
----------------------------------------
   Max    1.307127    constrained

Stress tensor Voigt[x,y,z,yz,xz,xy] (kbar):        0.13        0.02        0.42        0.05        0.23        0.04
(Free)E + p*V (eV/cell)     -641.0560
Target enthalpy (eV/cell)     -640.8871

siesta: Stress tensor (static) (eV/Ang**3):
         0.000083    0.000025    0.000147
         0.000025    0.000015    0.000030
         0.000147    0.000030    0.000261

siesta: Pressure (static):         -0.19165258  kBar

siesta: Stress tensor (total) (eV/Ang**3):
         0.000083    0.000025    0.000147
         0.000025    0.000015    0.000030
         0.000147    0.000030    0.000261

siesta: Pressure (total):         -0.19165258  kBar

                     ====================================
                        Begin CG opt. move =     85
                     ====================================
k-point displ. along   3 input, could be:     0.00    0.50
 Kpoints in:          480 . Kpoints trimmed:          458

siesta: k-grid: Number of k-points = 458
siesta: k-points from Monkhorst-Pack grid
siesta: k-cutoff (effective) =    23.336 Ang
siesta: k-point supercell and displacements
siesta: k-grid:    15     0     0      0.000
siesta: k-grid:     0    15     0      0.000
siesta: k-grid:     0     0     4      0.000

outcell: Unit cell vectors (Ang):
       10.951698   -0.128739   -0.016892
       -0.130926   11.040206    0.004240
       -0.020903    0.005159   11.667733

outcell: Cell vector modules (Ang)   :   10.952468   11.040984   11.667753
outcell: Cell angles (23,13,12) (deg):     89.9514     90.1913     91.3530
outcell: Cell volume (Ang**3)        :   1410.5333
<dSpData1D:S at geom step 85
  <sparsity:sparsity for geom step 85
    nrows_g=52 nrows=52 sparsity=.9882 nnzs=2672, refcount: 7>
  <dData1D:(new from dSpData1D) n=2672, refcount: 1>
refcount: 1>
new_DM -- step:    86
Re-using DM from previous geometries...
Number of DMs in history: 1
 DM extrapolation coefficients: 
1   1.00000
New DM after history re-use:
<dSpData2D:SpM extrapolated using coords
  <sparsity:sparsity for geom step 85
    nrows_g=52 nrows=52 sparsity=.9882 nnzs=2672, refcount: 9>
  <dData2D:(temp array for extrapolation) n=2672 m=1, refcount: 1>
refcount: 1>
Note: For starting DM, Qtot, Tr[D*S] =         16.00000000         16.02462784
No. of atoms with KB's overlaping orbs in proc 0. Max # of overlaps:       4      48

InitMesh: MESH = 120 x 120 x 128 = 1843200
InitMesh: Mesh cutoff (required, used) =   300.000   326.657 Ry
New grid distribution [1]: sub = 2

        iscf     Eharris(eV)        E_KS(eV)     FreeEng(eV)     dDmax    Ef(eV) dHmax(eV)
   scf:    1     -640.750423     -640.811359     -640.879863  0.034264 -6.044431  0.332988
   scf:    2     -639.986071     -640.559900     -640.625269  0.098495 -6.020285  2.004175
   scf:    3     -640.862812     -640.822072     -640.891269  0.079830 -6.041212  0.055181
   scf:    4     -640.821942     -640.822180     -640.891314  0.002880 -6.040017  0.055756
   scf:    5     -640.822628     -640.822579     -640.891782  0.004143 -6.037193  0.015548
   scf:    6     -640.822664     -640.822630     -640.891803  0.001392 -6.035295  0.008975
   scf:    7     -640.822657     -640.822648     -640.891803  0.000768 -6.034317  0.007890
   scf:    8     -640.822575     -640.822618     -640.891809  0.001582 -6.033933  0.001834
   scf:    9     -640.822648     -640.822634     -640.891812  0.000600 -6.034003  0.001017
   scf:   10     -640.822640     -640.822637     -640.891812  0.000128 -6.034030  0.000347
   scf:   11     -640.822634     -640.822636     -640.891812  0.000064 -6.034099  0.000306

SCF Convergence by DM+H criterion
max |DM_out - DM_in|         :     0.0000635448
max |H_out - H_in|      (eV) :     0.0003064906
SCF cycle converged after 11 iterations

Using DM_out to compute the final energy and forces
No. of atoms with KB's overlaping orbs in proc 0. Max # of overlaps:       4      48

siesta: E_KS(eV) =             -640.8226

siesta: Atomic forces (eV/Ang):
----------------------------------------
   Tot    0.000697    0.000029    0.001005
----------------------------------------
   Max    0.546419
   Res    0.210455    sqrt( Sum f_i^2 / 3N )
----------------------------------------
   Max    0.546419    constrained

Stress tensor Voigt[x,y,z,yz,xz,xy] (kbar):       -0.00       -0.01       -0.53        0.16       -0.11        0.07
(Free)E + p*V (eV/cell)     -640.7334
Target enthalpy (eV/cell)     -640.8918

siesta: Stress tensor (static) (eV/Ang**3):
        -0.000000    0.000042   -0.000068
         0.000042   -0.000004    0.000099
        -0.000068    0.000099   -0.000332

siesta: Pressure (static):          0.17992196  kBar

siesta: Stress tensor (total) (eV/Ang**3):
        -0.000000    0.000042   -0.000068
         0.000042   -0.000004    0.000099
        -0.000068    0.000099   -0.000332

siesta: Pressure (total):          0.17992196  kBar

cgvc: Finished line minimization   26.  Mean atomic displacement =    0.0174

                     ====================================
                        Begin CG opt. move =     86
                     ====================================
k-point displ. along   3 input, could be:     0.00    0.50
 Kpoints in:          480 . Kpoints trimmed:          458

siesta: k-grid: Number of k-points = 458
siesta: k-points from Monkhorst-Pack grid
siesta: k-cutoff (effective) =    23.362 Ang
siesta: k-point supercell and displacements
siesta: k-grid:    15     0     0      0.000
siesta: k-grid:     0    15     0      0.000
siesta: k-grid:     0     0     4      0.000

outcell: Unit cell vectors (Ang):
       10.951520   -0.130458   -0.013308
       -0.132675   11.038733    0.002490
       -0.016469    0.003030   11.680791

outcell: Cell vector modules (Ang)   :   10.952306   11.039530   11.680803
outcell: Cell angles (23,13,12) (deg):     89.9712     90.1506     91.3711
outcell: Cell volume (Ang**3)        :   1411.8968
<dSpData1D:S at geom step 86
  <sparsity:sparsity for geom step 86
    nrows_g=52 nrows=52 sparsity=.9882 nnzs=2672, refcount: 7>
  <dData1D:(new from dSpData1D) n=2672, refcount: 1>
refcount: 1>
new_DM -- step:    87
Re-using DM from previous geometries...
Number of DMs in history: 1
 DM extrapolation coefficients: 
1   1.00000
New DM after history re-use:
<dSpData2D:SpM extrapolated using coords
  <sparsity:sparsity for geom step 86
    nrows_g=52 nrows=52 sparsity=.9882 nnzs=2672, refcount: 9>
  <dData2D:(temp array for extrapolation) n=2672 m=1, refcount: 1>
refcount: 1>
No. of atoms with KB's overlaping orbs in proc 0. Max # of overlaps:       4      48

InitMesh: MESH = 120 x 120 x 128 = 1843200
InitMesh: Mesh cutoff (required, used) =   300.000   326.747 Ry
New grid distribution [1]: sub = 2

        iscf     Eharris(eV)        E_KS(eV)     FreeEng(eV)     dDmax    Ef(eV) dHmax(eV)
   scf:    1     -640.873558     -640.824076     -640.893386  0.019106 -6.033021  0.080056
   scf:    2     -640.768840     -640.809466     -640.875806  0.058770 -6.045691  0.233804
   scf:    3     -640.828816     -640.826396     -640.895514  0.044579 -6.036799  0.017437
   scf:    4     -640.826429     -640.826419     -640.895582  0.001891 -6.037378  0.014273
   scf:    5     -640.826226     -640.826368     -640.895615  0.004582 -6.039621  0.008158
   scf:    6     -640.826476     -640.826434     -640.895643  0.002335 -6.040734  0.003742
   scf:    7     -640.826445     -640.826440     -640.895645  0.000261 -6.040897  0.002288
   scf:    8     -640.826444     -640.826442     -640.895645  0.000094 -6.040963  0.001783
   scf:    9     -640.826432     -640.826437     -640.895645  0.000281 -6.041109  0.000399
   scf:   10     -640.826437     -640.826437     -640.895645  0.000004 -6.041099  0.000338

SCF Convergence by DM+H criterion
max |DM_out - DM_in|         :     0.0000043241
max |H_out - H_in|      (eV) :     0.0003382500
SCF cycle converged after 10 iterations

Using DM_out to compute the final energy and forces
No. of atoms with KB's overlaping orbs in proc 0. Max # of overlaps:       4      48

siesta: E_KS(eV) =             -640.8264

siesta: Atomic forces (eV/Ang):
----------------------------------------
   Tot    0.000191   -0.000114    0.000532
----------------------------------------
   Max    0.229569
   Res    0.117065    sqrt( Sum f_i^2 / 3N )
----------------------------------------
   Max    0.229569    constrained

Stress tensor Voigt[x,y,z,yz,xz,xy] (kbar):        0.06        0.03        0.27       -0.01        0.11        0.02
(Free)E + p*V (eV/cell)     -641.0005
Target enthalpy (eV/cell)     -640.8956

siesta: Stress tensor (static) (eV/Ang**3):
         0.000037    0.000012    0.000071
         0.000012    0.000018   -0.000007
         0.000071   -0.000007    0.000168

siesta: Pressure (static):         -0.11898722  kBar

siesta: Stress tensor (total) (eV/Ang**3):
         0.000037    0.000012    0.000071
         0.000012    0.000018   -0.000007
         0.000071   -0.000007    0.000168

siesta: Pressure (total):         -0.11898722  kBar

                     ====================================
                        Begin CG opt. move =     87
                     ====================================
k-point displ. along   3 input, could be:     0.00    0.50
 Kpoints in:          480 . Kpoints trimmed:          458

siesta: k-grid: Number of k-points = 458
siesta: k-points from Monkhorst-Pack grid
siesta: k-cutoff (effective) =    23.403 Ang
siesta: k-point supercell and displacements
siesta: k-grid:    15     0     0      0.000
siesta: k-grid:     0    15     0      0.000
siesta: k-grid:     0     0     4      0.000

outcell: Unit cell vectors (Ang):
       10.951237   -0.133210   -0.007575
       -0.135473   11.036375   -0.000309
       -0.009374   -0.000376   11.701684

outcell: Cell vector modules (Ang)   :   10.952049   11.037206   11.701688
outcell: Cell angles (23,13,12) (deg):     90.0029     90.0855     91.4002
outcell: Cell volume (Ang**3)        :   1414.0764
<dSpData1D:S at geom step 87
  <sparsity:sparsity for geom step 87
    nrows_g=52 nrows=52 sparsity=.9882 nnzs=2672, refcount: 7>
  <dData1D:(new from dSpData1D) n=2672, refcount: 1>
refcount: 1>
new_DM -- step:    88
Re-using DM from previous geometries...
Number of DMs in history: 1
 DM extrapolation coefficients: 
1   1.00000
New DM after history re-use:
<dSpData2D:SpM extrapolated using coords
  <sparsity:sparsity for geom step 87
    nrows_g=52 nrows=52 sparsity=.9882 nnzs=2672, refcount: 9>
  <dData2D:(temp array for extrapolation) n=2672 m=1, refcount: 1>
refcount: 1>
Note: For starting DM, Qtot, Tr[D*S] =         16.00000000         15.97232749
No. of atoms with KB's overlaping orbs in proc 0. Max # of overlaps:       4      48

InitMesh: MESH = 120 x 120 x 128 = 1843200
InitMesh: Mesh cutoff (required, used) =   300.000   326.893 Ry
New grid distribution [1]: sub = 2

        iscf     Eharris(eV)        E_KS(eV)     FreeEng(eV)     dDmax    Ef(eV) dHmax(eV)
   scf:    1     -640.899291     -640.819819     -640.889110  0.029829 -6.035745  0.133580
   scf:    2     -640.676512     -640.781153     -640.845379  0.082458 -6.055821  0.401076
   scf:    3     -640.832577     -640.825698     -640.894850  0.063488 -6.041553  0.032801
   scf:    4     -640.825864     -640.825790     -640.894986  0.001898 -6.042520  0.026212
   scf:    5     -640.825701     -640.825838     -640.895120  0.005412 -6.046553  0.015345
   scf:    6     -640.825947     -640.825909     -640.895161  0.002264 -6.048502  0.006114
   scf:    7     -640.825945     -640.825931     -640.895166  0.001086 -6.048832  0.001870
   scf:    8     -640.825931     -640.825931     -640.895166  0.000055 -6.049062  0.001314
   scf:    9     -640.825910     -640.825921     -640.895169  0.000726 -6.049186  0.000603
   scf:   10     -640.825922     -640.825921     -640.895169  0.000006 -6.049170  0.000506

SCF Convergence by DM+H criterion
max |DM_out - DM_in|         :     0.0000055816
max |H_out - H_in|      (eV) :     0.0005059139
SCF cycle converged after 10 iterations

Using DM_out to compute the final energy and forces
No. of atoms with KB's overlaping orbs in proc 0. Max # of overlaps:       4      48

siesta: E_KS(eV) =             -640.8259

siesta: Atomic forces (eV/Ang):
----------------------------------------
   Tot   -0.000267   -0.000016    0.000050
----------------------------------------
   Max    0.323760
   Res    0.185639    sqrt( Sum f_i^2 / 3N )
----------------------------------------
   Max    0.323760    constrained

Stress tensor Voigt[x,y,z,yz,xz,xy] (kbar):        0.17        0.08        1.59       -0.28        0.50       -0.06
(Free)E + p*V (eV/cell)     -641.4388
Target enthalpy (eV/cell)     -640.8952

siesta: Stress tensor (static) (eV/Ang**3):
         0.000109   -0.000038    0.000315
        -0.000038    0.000052   -0.000174
         0.000314   -0.000174    0.000993

siesta: Pressure (static):         -0.61591250  kBar

siesta: Stress tensor (total) (eV/Ang**3):
         0.000109   -0.000038    0.000315
        -0.000038    0.000052   -0.000174
         0.000314   -0.000174    0.000993

siesta: Pressure (total):         -0.61591250  kBar

                     ====================================
                        Begin CG opt. move =     88
                     ====================================
k-point displ. along   3 input, could be:     0.00    0.50
 Kpoints in:          480 . Kpoints trimmed:          458

siesta: k-grid: Number of k-points = 458
siesta: k-points from Monkhorst-Pack grid
siesta: k-cutoff (effective) =    23.382 Ang
siesta: k-point supercell and displacements
siesta: k-grid:    15     0     0      0.000
siesta: k-grid:     0    15     0      0.000
siesta: k-grid:     0     0     4      0.000

outcell: Unit cell vectors (Ang):
       10.951380   -0.131820   -0.010472
       -0.134059   11.037566    0.001106
       -0.012959    0.001345   11.691127

outcell: Cell vector modules (Ang)   :   10.952178   11.038380   11.691134
outcell: Cell angles (23,13,12) (deg):     89.9869     90.1184     91.3855
outcell: Cell volume (Ang**3)        :   1412.9754
<dSpData1D:S at geom step 88
  <sparsity:sparsity for geom step 88
    nrows_g=52 nrows=52 sparsity=.9882 nnzs=2672, refcount: 7>
  <dData1D:(new from dSpData1D) n=2672, refcount: 1>
refcount: 1>
new_DM -- step:    89
Re-using DM from previous geometries...
Number of DMs in history: 1
 DM extrapolation coefficients: 
1   1.00000
New DM after history re-use:
<dSpData2D:SpM extrapolated using coords
  <sparsity:sparsity for geom step 88
    nrows_g=52 nrows=52 sparsity=.9882 nnzs=2672, refcount: 9>
  <dData2D:(temp array for extrapolation) n=2672 m=1, refcount: 1>
refcount: 1>
No. of atoms with KB's overlaping orbs in proc 0. Max # of overlaps:       4      48

InitMesh: MESH = 120 x 120 x 128 = 1843200
InitMesh: Mesh cutoff (required, used) =   300.000   326.819 Ry
New grid distribution [1]: sub = 2

        iscf     Eharris(eV)        E_KS(eV)     FreeEng(eV)     dDmax    Ef(eV) dHmax(eV)
   scf:    1     -640.780978     -640.825857     -640.894890  0.015704 -6.052017  0.066639
   scf:    2     -640.785429     -640.814443     -640.883052  0.047316 -6.040607  0.215234
   scf:    3     -640.829885     -640.827076     -640.896350  0.035869 -6.048770  0.018336
   scf:    4     -640.827283     -640.827215     -640.896431  0.003936 -6.047180  0.011521
   scf:    5     -640.827233     -640.827227     -640.896420  0.001241 -6.046627  0.010346
   scf:    6     -640.827205     -640.827222     -640.896440  0.001321 -6.045485  0.003137
   scf:    7     -640.827191     -640.827209     -640.896442  0.000941 -6.045297  0.001118
   scf:    8     -640.827208     -640.827208     -640.896442  0.000021 -6.045178  0.000794

SCF Convergence by DM+H criterion
max |DM_out - DM_in|         :     0.0000205052
max |H_out - H_in|      (eV) :     0.0007938118
SCF cycle converged after 8 iterations

Using DM_out to compute the final energy and forces
No. of atoms with KB's overlaping orbs in proc 0. Max # of overlaps:       4      48

siesta: E_KS(eV) =             -640.8272

siesta: Atomic forces (eV/Ang):
----------------------------------------
   Tot   -0.000002   -0.000150    0.000505
----------------------------------------
   Max    0.256882
   Res    0.118909    sqrt( Sum f_i^2 / 3N )
----------------------------------------
   Max    0.256882    constrained

Stress tensor Voigt[x,y,z,yz,xz,xy] (kbar):        0.11        0.06        0.92       -0.14        0.30       -0.02
(Free)E + p*V (eV/cell)     -641.2176
Target enthalpy (eV/cell)     -640.8964

siesta: Stress tensor (static) (eV/Ang**3):
         0.000071   -0.000013    0.000189
        -0.000013    0.000035   -0.000090
         0.000189   -0.000090    0.000576

siesta: Pressure (static):         -0.36411141  kBar

siesta: Stress tensor (total) (eV/Ang**3):
         0.000071   -0.000013    0.000189
        -0.000013    0.000035   -0.000090
         0.000189   -0.000090    0.000576

siesta: Pressure (total):         -0.36411141  kBar

cgvc: Finished line minimization   27.  Mean atomic displacement =    0.0311

                     ====================================
                        Begin CG opt. move =     89
                     ====================================
k-point displ. along   3 input, could be:     0.00    0.50
 Kpoints in:          480 . Kpoints trimmed:          458

siesta: k-grid: Number of k-points = 458
siesta: k-points from Monkhorst-Pack grid
siesta: k-cutoff (effective) =    23.375 Ang
siesta: k-point supercell and displacements
siesta: k-grid:    15     0     0      0.000
siesta: k-grid:     0    15     0      0.000
siesta: k-grid:     0     0     4      0.000

outcell: Unit cell vectors (Ang):
       10.948924   -0.133878   -0.011213
       -0.136153   11.034359    0.001449
       -0.013875    0.001763   11.687729

outcell: Cell vector modules (Ang)   :   10.949748   11.035199   11.687738
outcell: Cell angles (23,13,12) (deg):     89.9830     90.1268     91.4075
outcell: Cell volume (Ang**3)        :   1411.8307
<dSpData1D:S at geom step 89
  <sparsity:sparsity for geom step 89
    nrows_g=52 nrows=52 sparsity=.9882 nnzs=2672, refcount: 7>
  <dData1D:(new from dSpData1D) n=2672, refcount: 1>
refcount: 1>
new_DM -- step:    90
Re-using DM from previous geometries...
Number of DMs in history: 1
 DM extrapolation coefficients: 
1   1.00000
New DM after history re-use:
<dSpData2D:SpM extrapolated using coords
  <sparsity:sparsity for geom step 89
    nrows_g=52 nrows=52 sparsity=.9882 nnzs=2672, refcount: 9>
  <dData2D:(temp array for extrapolation) n=2672 m=1, refcount: 1>
refcount: 1>
Note: For starting DM, Qtot, Tr[D*S] =         16.00000000         16.02190971
No. of atoms with KB's overlaping orbs in proc 0. Max # of overlaps:       4      48

InitMesh: MESH = 120 x 120 x 128 = 1843200
InitMesh: Mesh cutoff (required, used) =   300.000   327.014 Ry
New grid distribution [1]: sub = 2

        iscf     Eharris(eV)        E_KS(eV)     FreeEng(eV)     dDmax    Ef(eV) dHmax(eV)
   scf:    1     -640.753754     -640.815414     -640.884680  0.045095 -6.095161  0.403415
   scf:    2     -639.781967     -640.499038     -640.562149  0.093457 -6.068004  2.150612
   scf:    3     -640.869342     -640.829008     -640.898279  0.078825 -6.092118  0.045717
   scf:    4     -640.830363     -640.829786     -640.899030  0.003346 -6.090200  0.039538
   scf:    5     -640.830166     -640.830053     -640.899292  0.002518 -6.088088  0.018320
   scf:    6     -640.829877     -640.830008     -640.899299  0.003936 -6.085399  0.014137
   scf:    7     -640.830047     -640.830029     -640.899315  0.000545 -6.085453  0.010205
   scf:    8     -640.830101     -640.830078     -640.899333  0.002378 -6.084689  0.001860
   scf:    9     -640.830060     -640.830070     -640.899336  0.000702 -6.084484  0.000906
   scf:   10     -640.830072     -640.830071     -640.899336  0.000084 -6.084510  0.000413

SCF Convergence by DM+H criterion
max |DM_out - DM_in|         :     0.0000842016
max |H_out - H_in|      (eV) :     0.0004132580
SCF cycle converged after 10 iterations

Using DM_out to compute the final energy and forces
No. of atoms with KB's overlaping orbs in proc 0. Max # of overlaps:       4      48

siesta: E_KS(eV) =             -640.8301

siesta: Atomic forces (eV/Ang):
----------------------------------------
   Tot   -0.000462   -0.000325   -0.000512
----------------------------------------
   Max    0.716722
   Res    0.265933    sqrt( Sum f_i^2 / 3N )
----------------------------------------
   Max    0.716722    constrained

Stress tensor Voigt[x,y,z,yz,xz,xy] (kbar):       -0.04        0.04       -0.01       -0.09       -0.06       -0.01
(Free)E + p*V (eV/cell)     -640.8985
Target enthalpy (eV/cell)     -640.8993

siesta: Stress tensor (static) (eV/Ang**3):
        -0.000023   -0.000005   -0.000039
        -0.000005    0.000025   -0.000057
        -0.000040   -0.000057   -0.000004

siesta: Pressure (static):          0.00095051  kBar

siesta: Stress tensor (total) (eV/Ang**3):
        -0.000023   -0.000005   -0.000039
        -0.000005    0.000025   -0.000057
        -0.000040   -0.000057   -0.000004

siesta: Pressure (total):          0.00095051  kBar

                     ====================================
                        Begin CG opt. move =     90
                     ====================================
k-point displ. along   3 input, could be:     0.00    0.50
 Kpoints in:          480 . Kpoints trimmed:          458

siesta: k-grid: Number of k-points = 458
siesta: k-points from Monkhorst-Pack grid
siesta: k-cutoff (effective) =    23.377 Ang
siesta: k-point supercell and displacements
siesta: k-grid:    15     0     0      0.000
siesta: k-grid:     0    15     0      0.000
siesta: k-grid:     0     0     4      0.000

outcell: Unit cell vectors (Ang):
       10.949415   -0.133467   -0.011064
       -0.135734   11.035001    0.001380
       -0.013692    0.001679   11.688409

outcell: Cell vector modules (Ang)   :   10.950234   11.035835   11.688417
outcell: Cell angles (23,13,12) (deg):     89.9838     90.1251     91.4031
outcell: Cell volume (Ang**3)        :   1412.0596
<dSpData1D:S at geom step 90
  <sparsity:sparsity for geom step 90
    nrows_g=52 nrows=52 sparsity=.9882 nnzs=2672, refcount: 7>
  <dData1D:(new from dSpData1D) n=2672, refcount: 1>
refcount: 1>
new_DM -- step:    91
Re-using DM from previous geometries...
Number of DMs in history: 1
 DM extrapolation coefficients: 
1   1.00000
New DM after history re-use:
<dSpData2D:SpM extrapolated using coords
  <sparsity:sparsity for geom step 90
    nrows_g=52 nrows=52 sparsity=.9882 nnzs=2672, refcount: 9>
  <dData2D:(temp array for extrapolation) n=2672 m=1, refcount: 1>
refcount: 1>
No. of atoms with KB's overlaping orbs in proc 0. Max # of overlaps:       4      48

InitMesh: MESH = 120 x 120 x 128 = 1843200
InitMesh: Mesh cutoff (required, used) =   300.000   326.975 Ry
New grid distribution [1]: sub = 2

        iscf     Eharris(eV)        E_KS(eV)     FreeEng(eV)     dDmax    Ef(eV) dHmax(eV)
   scf:    1     -640.836152     -640.829700     -640.898889  0.009329 -6.074901  0.083111
   scf:    2     -640.785221     -640.816051     -640.885257  0.023664 -6.077725  0.432082
   scf:    3     -640.832295     -640.830254     -640.899510  0.019767 -6.075545  0.009561
   scf:    4     -640.830298     -640.830289     -640.899554  0.001205 -6.076220  0.004383
   scf:    5     -640.830296     -640.830293     -640.899555  0.000172 -6.076308  0.003952
   scf:    6     -640.830313     -640.830304     -640.899556  0.000725 -6.076788  0.001575
   scf:    7     -640.830292     -640.830298     -640.899557  0.000466 -6.077033  0.000677
   scf:    8     -640.830301     -640.830300     -640.899557  0.000093 -6.077068  0.000215

SCF Convergence by DM+H criterion
max |DM_out - DM_in|         :     0.0000927130
max |H_out - H_in|      (eV) :     0.0002151830
SCF cycle converged after 8 iterations

Using DM_out to compute the final energy and forces
No. of atoms with KB's overlaping orbs in proc 0. Max # of overlaps:       4      48

siesta: E_KS(eV) =             -640.8303

siesta: Atomic forces (eV/Ang):
----------------------------------------
   Tot   -0.000300   -0.000219   -0.000285
----------------------------------------
   Max    0.572927
   Res    0.209854    sqrt( Sum f_i^2 / 3N )
----------------------------------------
   Max    0.572927    constrained

Stress tensor Voigt[x,y,z,yz,xz,xy] (kbar):       -0.01        0.04        0.18       -0.10        0.01       -0.01
(Free)E + p*V (eV/cell)     -640.9607
Target enthalpy (eV/cell)     -640.8996

siesta: Stress tensor (static) (eV/Ang**3):
        -0.000006   -0.000007    0.000003
        -0.000007    0.000027   -0.000065
         0.000003   -0.000065    0.000109

siesta: Pressure (static):         -0.06941272  kBar

siesta: Stress tensor (total) (eV/Ang**3):
        -0.000006   -0.000007    0.000003
        -0.000007    0.000027   -0.000065
         0.000003   -0.000065    0.000109

siesta: Pressure (total):         -0.06941272  kBar

cgvc: Finished line minimization   28.  Mean atomic displacement =    0.0249

                     ====================================
                        Begin CG opt. move =     91
                     ====================================
k-point displ. along   3 input, could be:     0.00    0.50
 Kpoints in:          480 . Kpoints trimmed:          458

siesta: k-grid: Number of k-points = 458
siesta: k-points from Monkhorst-Pack grid
siesta: k-cutoff (effective) =    23.369 Ang
siesta: k-point supercell and displacements
siesta: k-grid:    15     0     0      0.000
siesta: k-grid:     0    15     0      0.000
siesta: k-grid:     0     0     4      0.000

outcell: Unit cell vectors (Ang):
       10.947641   -0.134935   -0.011650
       -0.137228   11.032335    0.002274
       -0.014417    0.002767   11.684564

outcell: Cell vector modules (Ang)   :   10.948478   11.033188   11.684573
outcell: Cell angles (23,13,12) (deg):     89.9737     90.1318     91.4188
outcell: Cell volume (Ang**3)        :   1411.0204
<dSpData1D:S at geom step 91
  <sparsity:sparsity for geom step 91
    nrows_g=52 nrows=52 sparsity=.9882 nnzs=2672, refcount: 7>
  <dData1D:(new from dSpData1D) n=2672, refcount: 1>
refcount: 1>
new_DM -- step:    92
Re-using DM from previous geometries...
Number of DMs in history: 1
 DM extrapolation coefficients: 
1   1.00000
New DM after history re-use:
<dSpData2D:SpM extrapolated using coords
  <sparsity:sparsity for geom step 91
    nrows_g=52 nrows=52 sparsity=.9882 nnzs=2672, refcount: 9>
  <dData2D:(temp array for extrapolation) n=2672 m=1, refcount: 1>
refcount: 1>
No. of atoms with KB's overlaping orbs in proc 0. Max # of overlaps:       4      48

InitMesh: MESH = 120 x 120 x 128 = 1843200
InitMesh: Mesh cutoff (required, used) =   300.000   327.136 Ry
New grid distribution [1]: sub = 2

        iscf     Eharris(eV)        E_KS(eV)     FreeEng(eV)     dDmax    Ef(eV) dHmax(eV)
   scf:    1     -640.771722     -640.827038     -640.896308  0.032904 -6.069429  0.180084
   scf:    2     -640.547134     -640.744969     -640.808626  0.082108 -6.058347  0.862478
   scf:    3     -640.838841     -640.833167     -640.902443  0.068996 -6.067358  0.039028
   scf:    4     -640.833934     -640.833704     -640.902940  0.003861 -6.066094  0.030254
   scf:    5     -640.833696     -640.833762     -640.903050  0.003642 -6.065333  0.021056
   scf:    6     -640.833830     -640.833824     -640.903110  0.001567 -6.063699  0.005752
   scf:    7     -640.833834     -640.833829     -640.903112  0.000267 -6.063625  0.006051
   scf:    8     -640.833842     -640.833837     -640.903113  0.000618 -6.063046  0.001682
   scf:    9     -640.833823     -640.833831     -640.903115  0.000664 -6.062894  0.000630
   scf:   10     -640.833833     -640.833832     -640.903115  0.000068 -6.062907  0.000283

SCF Convergence by DM+H criterion
max |DM_out - DM_in|         :     0.0000682160
max |H_out - H_in|      (eV) :     0.0002833206
SCF cycle converged after 10 iterations

Using DM_out to compute the final energy and forces
No. of atoms with KB's overlaping orbs in proc 0. Max # of overlaps:       4      48

siesta: E_KS(eV) =             -640.8338

siesta: Atomic forces (eV/Ang):
----------------------------------------
   Tot   -0.000084   -0.000316    0.000046
----------------------------------------
   Max    0.299079
   Res    0.127750    sqrt( Sum f_i^2 / 3N )
----------------------------------------
   Max    0.299079    constrained

Stress tensor Voigt[x,y,z,yz,xz,xy] (kbar):       -0.07        0.01       -0.46        0.03       -0.18        0.03
(Free)E + p*V (eV/cell)     -640.7533
Target enthalpy (eV/cell)     -640.9031

siesta: Stress tensor (static) (eV/Ang**3):
        -0.000042    0.000017   -0.000115
         0.000017    0.000009    0.000018
        -0.000115    0.000018   -0.000285

siesta: Pressure (static):          0.17013124  kBar

siesta: Stress tensor (total) (eV/Ang**3):
        -0.000042    0.000017   -0.000115
         0.000017    0.000009    0.000018
        -0.000115    0.000018   -0.000285

siesta: Pressure (total):          0.17013124  kBar

                     ====================================
                        Begin CG opt. move =     92
                     ====================================
k-point displ. along   3 input, could be:     0.00    0.50
 Kpoints in:          480 . Kpoints trimmed:          458

siesta: k-grid: Number of k-points = 458
siesta: k-points from Monkhorst-Pack grid
siesta: k-cutoff (effective) =    23.357 Ang
siesta: k-point supercell and displacements
siesta: k-grid:    15     0     0      0.000
siesta: k-grid:     0    15     0      0.000
siesta: k-grid:     0     0     4      0.000

outcell: Unit cell vectors (Ang):
       10.944801   -0.137285   -0.012587
       -0.139618   11.028069    0.003703
       -0.015576    0.004506   11.678412

outcell: Cell vector modules (Ang)   :   10.945669   11.028954   11.678423
outcell: Cell angles (23,13,12) (deg):     89.9577     90.1426     91.4440
outcell: Cell volume (Ang**3)        :   1409.3585
<dSpData1D:S at geom step 92
  <sparsity:sparsity for geom step 92
    nrows_g=52 nrows=52 sparsity=.9882 nnzs=2672, refcount: 7>
  <dData1D:(new from dSpData1D) n=2672, refcount: 1>
refcount: 1>
new_DM -- step:    93
Re-using DM from previous geometries...
Number of DMs in history: 1
 DM extrapolation coefficients: 
1   1.00000
New DM after history re-use:
<dSpData2D:SpM extrapolated using coords
  <sparsity:sparsity for geom step 92
    nrows_g=52 nrows=52 sparsity=.9882 nnzs=2672, refcount: 9>
  <dData2D:(temp array for extrapolation) n=2672 m=1, refcount: 1>
refcount: 1>
No. of atoms with KB's overlaping orbs in proc 0. Max # of overlaps:       4      48

InitMesh: MESH = 120 x 120 x 128 = 1843200
InitMesh: Mesh cutoff (required, used) =   300.000   327.395 Ry
New grid distribution [1]: sub = 2

        iscf     Eharris(eV)        E_KS(eV)     FreeEng(eV)     dDmax    Ef(eV) dHmax(eV)
   scf:    1     -640.733041     -640.815414     -640.884600  0.046195 -6.042972  0.278243
   scf:    2     -640.298824     -640.663716     -640.725989  0.103090 -6.024918  1.272605
   scf:    3     -640.839986     -640.827828     -640.897133  0.083808 -6.039823  0.064856
   scf:    4     -640.829789     -640.829161     -640.898433  0.005400 -6.037893  0.045330
   scf:    5     -640.829361     -640.829357     -640.898659  0.004548 -6.037108  0.026097
   scf:    6     -640.829521     -640.829489     -640.898795  0.002048 -6.034979  0.005301
   scf:    7     -640.829497     -640.829494     -640.898798  0.000437 -6.034847  0.007902
   scf:    8     -640.829504     -640.829502     -640.898802  0.000721 -6.033973  0.001572
   scf:    9     -640.829494     -640.829500     -640.898804  0.000798 -6.033849  0.001242
   scf:   10     -640.829501     -640.829501     -640.898804  0.000104 -6.033871  0.000470
   scf:   11     -640.829501     -640.829501     -640.898804  0.000020 -6.033877  0.000476

SCF Convergence by DM+H criterion
max |DM_out - DM_in|         :     0.0000203531
max |H_out - H_in|      (eV) :     0.0004760004
SCF cycle converged after 11 iterations

Using DM_out to compute the final energy and forces
No. of atoms with KB's overlaping orbs in proc 0. Max # of overlaps:       4      48

siesta: E_KS(eV) =             -640.8295

siesta: Atomic forces (eV/Ang):
----------------------------------------
   Tot    0.000383   -0.000420    0.001330
----------------------------------------
   Max    1.156195
   Res    0.452557    sqrt( Sum f_i^2 / 3N )
----------------------------------------
   Max    1.156195    constrained

Stress tensor Voigt[x,y,z,yz,xz,xy] (kbar):       -0.17       -0.03       -1.34        0.21       -0.48        0.09
(Free)E + p*V (eV/cell)     -640.4494
Target enthalpy (eV/cell)     -640.8988

siesta: Stress tensor (static) (eV/Ang**3):
        -0.000103    0.000054   -0.000298
         0.000054   -0.000016    0.000133
        -0.000299    0.000133   -0.000837

siesta: Pressure (static):          0.51084873  kBar

siesta: Stress tensor (total) (eV/Ang**3):
        -0.000103    0.000054   -0.000298
         0.000054   -0.000016    0.000133
        -0.000299    0.000133   -0.000837

siesta: Pressure (total):          0.51084873  kBar

                     ====================================
                        Begin CG opt. move =     93
                     ====================================
k-point displ. along   3 input, could be:     0.00    0.50
 Kpoints in:          480 . Kpoints trimmed:          458

siesta: k-grid: Number of k-points = 458
siesta: k-points from Monkhorst-Pack grid
siesta: k-cutoff (effective) =    23.367 Ang
siesta: k-point supercell and displacements
siesta: k-grid:    15     0     0      0.000
siesta: k-grid:     0    15     0      0.000
siesta: k-grid:     0     0     4      0.000

outcell: Unit cell vectors (Ang):
       10.947186   -0.135312   -0.011800
       -0.137610   11.031652    0.002503
       -0.014602    0.003045   11.683579

outcell: Cell vector modules (Ang)   :   10.948029   11.032510   11.683589
outcell: Cell angles (23,13,12) (deg):     89.9712     90.1335     91.4229
outcell: Cell volume (Ang**3)        :   1410.7543
<dSpData1D:S at geom step 93
  <sparsity:sparsity for geom step 93
    nrows_g=52 nrows=52 sparsity=.9882 nnzs=2672, refcount: 7>
  <dData1D:(new from dSpData1D) n=2672, refcount: 1>
refcount: 1>
new_DM -- step:    94
Re-using DM from previous geometries...
Number of DMs in history: 1
 DM extrapolation coefficients: 
1   1.00000
New DM after history re-use:
<dSpData2D:SpM extrapolated using coords
  <sparsity:sparsity for geom step 93
    nrows_g=52 nrows=52 sparsity=.9882 nnzs=2672, refcount: 9>
  <dData2D:(temp array for extrapolation) n=2672 m=1, refcount: 1>
refcount: 1>
No. of atoms with KB's overlaping orbs in proc 0. Max # of overlaps:       4      48

InitMesh: MESH = 120 x 120 x 128 = 1843200
InitMesh: Mesh cutoff (required, used) =   300.000   327.178 Ry
New grid distribution [1]: sub = 2

        iscf     Eharris(eV)        E_KS(eV)     FreeEng(eV)     dDmax    Ef(eV) dHmax(eV)
   scf:    1     -640.859086     -640.820542     -640.889236  0.048061 -6.050966  0.236972
   scf:    2     -640.455696     -640.719240     -640.782253  0.105482 -6.056633  1.006788
   scf:    3     -640.854947     -640.833079     -640.902393  0.079248 -6.053271  0.076845
   scf:    4     -640.832315     -640.833084     -640.902333  0.009262 -6.054172  0.058681
   scf:    5     -640.834282     -640.833850     -640.903141  0.004135 -6.055244  0.019837
   scf:    6     -640.834015     -640.833977     -640.903261  0.001705 -6.057340  0.012062
   scf:    7     -640.833991     -640.833986     -640.903263  0.000600 -6.057766  0.004788
   scf:    8     -640.833935     -640.833969     -640.903265  0.001925 -6.058573  0.002734
   scf:    9     -640.833992     -640.833982     -640.903270  0.000844 -6.058930  0.001850
   scf:   10     -640.833986     -640.833984     -640.903271  0.000214 -6.058932  0.000363
   scf:   11     -640.833984     -640.833984     -640.903271  0.000005 -6.058931  0.000344

SCF Convergence by DM+H criterion
max |DM_out - DM_in|         :     0.0000048801
max |H_out - H_in|      (eV) :     0.0003441586
SCF cycle converged after 11 iterations

Using DM_out to compute the final energy and forces
No. of atoms with KB's overlaping orbs in proc 0. Max # of overlaps:       4      48

siesta: E_KS(eV) =             -640.8340

siesta: Atomic forces (eV/Ang):
----------------------------------------
   Tot    0.000008   -0.000314    0.000255
----------------------------------------
   Max    0.431036
   Res    0.158269    sqrt( Sum f_i^2 / 3N )
----------------------------------------
   Max    0.431036    constrained

Stress tensor Voigt[x,y,z,yz,xz,xy] (kbar):       -0.08        0.01       -0.61        0.06       -0.23        0.04
(Free)E + p*V (eV/cell)     -640.7016
Target enthalpy (eV/cell)     -640.9033

siesta: Stress tensor (static) (eV/Ang**3):
        -0.000052    0.000023   -0.000146
         0.000023    0.000004    0.000038
        -0.000145    0.000038   -0.000382

siesta: Pressure (static):          0.22901722  kBar

siesta: Stress tensor (total) (eV/Ang**3):
        -0.000052    0.000023   -0.000146
         0.000023    0.000004    0.000038
        -0.000145    0.000038   -0.000382

siesta: Pressure (total):          0.22901722  kBar

cgvc: Finished line minimization   29.  Mean atomic displacement =    0.0312

                     ====================================
                        Begin CG opt. move =     94
                     ====================================
k-point displ. along   3 input, could be:     0.00    0.50
 Kpoints in:          480 . Kpoints trimmed:          458

siesta: k-grid: Number of k-points = 458
siesta: k-points from Monkhorst-Pack grid
siesta: k-cutoff (effective) =    23.373 Ang
siesta: k-point supercell and displacements
siesta: k-grid:    15     0     0      0.000
siesta: k-grid:     0    15     0      0.000
siesta: k-grid:     0     0     4      0.000

outcell: Unit cell vectors (Ang):
       10.945947   -0.137394   -0.010150
       -0.139728   11.028472    0.002930
       -0.012561    0.003565   11.686665

outcell: Cell vector modules (Ang)   :   10.946814   11.029358   11.686672
outcell: Cell angles (23,13,12) (deg):     89.9665     90.1149     91.4450
outcell: Cell volume (Ang**3)        :   1410.5541
<dSpData1D:S at geom step 94
  <sparsity:sparsity for geom step 94
    nrows_g=52 nrows=52 sparsity=.9882 nnzs=2672, refcount: 7>
  <dData1D:(new from dSpData1D) n=2672, refcount: 1>
refcount: 1>
new_DM -- step:    95
Re-using DM from previous geometries...
Number of DMs in history: 1
 DM extrapolation coefficients: 
1   1.00000
New DM after history re-use:
<dSpData2D:SpM extrapolated using coords
  <sparsity:sparsity for geom step 94
    nrows_g=52 nrows=52 sparsity=.9882 nnzs=2672, refcount: 9>
  <dData2D:(temp array for extrapolation) n=2672 m=1, refcount: 1>
refcount: 1>
No. of atoms with KB's overlaping orbs in proc 0. Max # of overlaps:       4      48

InitMesh: MESH = 120 x 120 x 128 = 1843200
InitMesh: Mesh cutoff (required, used) =   300.000   327.371 Ry
New grid distribution [1]: sub = 2

        iscf     Eharris(eV)        E_KS(eV)     FreeEng(eV)     dDmax    Ef(eV) dHmax(eV)
   scf:    1     -640.745804     -640.804915     -640.874140  0.035909 -6.073244  0.636349
   scf:    2     -637.311591     -639.707968     -639.769907  0.138108 -6.042773  3.996175
   scf:    3     -640.954565     -640.834868     -640.904182  0.130887 -6.072666  0.064219
   scf:    4     -640.835880     -640.835425     -640.904735  0.001371 -6.072554  0.053804
   scf:    5     -640.836888     -640.836470     -640.905755  0.006572 -6.072152  0.005797
   scf:    6     -640.836494     -640.836487     -640.905784  0.001435 -6.072045  0.004290
   scf:    7     -640.836450     -640.836476     -640.905785  0.001915 -6.071901  0.002655
   scf:    8     -640.836502     -640.836493     -640.905794  0.001461 -6.071759  0.000903
   scf:    9     -640.836488     -640.836491     -640.905795  0.000386 -6.071738  0.000601
   scf:   10     -640.836494     -640.836493     -640.905795  0.000199 -6.071723  0.000319
   scf:   11     -640.836493     -640.836493     -640.905795  0.000026 -6.071728  0.000206

SCF Convergence by DM+H criterion
max |DM_out - DM_in|         :     0.0000262381
max |H_out - H_in|      (eV) :     0.0002056075
SCF cycle converged after 11 iterations

Using DM_out to compute the final energy and forces
No. of atoms with KB's overlaping orbs in proc 0. Max # of overlaps:       4      48

siesta: E_KS(eV) =             -640.8365

siesta: Atomic forces (eV/Ang):
----------------------------------------
   Tot   -0.000665   -0.000041   -0.000092
----------------------------------------
   Max    0.363273
   Res    0.157091    sqrt( Sum f_i^2 / 3N )
----------------------------------------
   Max    0.363273    constrained

Stress tensor Voigt[x,y,z,yz,xz,xy] (kbar):       -0.05       -0.04       -0.73        0.19       -0.19        0.06
(Free)E + p*V (eV/cell)     -640.6636
Target enthalpy (eV/cell)     -640.9058

siesta: Stress tensor (static) (eV/Ang**3):
        -0.000031    0.000036   -0.000119
         0.000036   -0.000026    0.000118
        -0.000119    0.000118   -0.000459

siesta: Pressure (static):          0.27507453  kBar

siesta: Stress tensor (total) (eV/Ang**3):
        -0.000031    0.000036   -0.000119
         0.000036   -0.000026    0.000118
        -0.000119    0.000118   -0.000459

siesta: Pressure (total):          0.27507453  kBar

                     ====================================
                        Begin CG opt. move =     95
                     ====================================
k-point displ. along   3 input, could be:     0.00    0.50
 Kpoints in:          480 . Kpoints trimmed:          458

siesta: k-grid: Number of k-points = 458
siesta: k-points from Monkhorst-Pack grid
siesta: k-cutoff (effective) =    23.372 Ang
siesta: k-point supercell and displacements
siesta: k-grid:    15     0     0      0.000
siesta: k-grid:     0    15     0      0.000
siesta: k-grid:     0     0     4      0.000

outcell: Unit cell vectors (Ang):
       10.946149   -0.137054   -0.010419
       -0.139383   11.028991    0.002860
       -0.012894    0.003480   11.686161

outcell: Cell vector modules (Ang)   :   10.947012   11.029872   11.686169
outcell: Cell angles (23,13,12) (deg):     89.9673     90.1180     91.4414
outcell: Cell volume (Ang**3)        :   1410.5868
<dSpData1D:S at geom step 95
  <sparsity:sparsity for geom step 95
    nrows_g=52 nrows=52 sparsity=.9882 nnzs=2672, refcount: 7>
  <dData1D:(new from dSpData1D) n=2672, refcount: 1>
refcount: 1>
new_DM -- step:    96
Re-using DM from previous geometries...
Number of DMs in history: 1
 DM extrapolation coefficients: 
1   1.00000
New DM after history re-use:
<dSpData2D:SpM extrapolated using coords
  <sparsity:sparsity for geom step 95
    nrows_g=52 nrows=52 sparsity=.9882 nnzs=2672, refcount: 9>
  <dData2D:(temp array for extrapolation) n=2672 m=1, refcount: 1>
refcount: 1>
No. of atoms with KB's overlaping orbs in proc 0. Max # of overlaps:       4      48

InitMesh: MESH = 120 x 120 x 128 = 1843200
InitMesh: Mesh cutoff (required, used) =   300.000   327.340 Ry
New grid distribution [1]: sub = 2

        iscf     Eharris(eV)        E_KS(eV)     FreeEng(eV)     dDmax    Ef(eV) dHmax(eV)
   scf:    1     -640.833922     -640.835730     -640.905011  0.006423 -6.069625  0.103088
   scf:    2     -640.762890     -640.813206     -640.882454  0.022961 -6.069597  0.583645
   scf:    3     -640.839957     -640.836550     -640.905850  0.019450 -6.069741  0.008281
   scf:    4     -640.836588     -640.836574     -640.905876  0.000673 -6.069815  0.002376
   scf:    5     -640.836577     -640.836576     -640.905878  0.000230 -6.069849  0.000821
   scf:    6     -640.836582     -640.836580     -640.905879  0.000432 -6.069907  0.000436
   scf:    7     -640.836578     -640.836579     -640.905879  0.000146 -6.069960  0.000210
   scf:    8     -640.836578     -640.836579     -640.905879  0.000052 -6.069959  0.000158

SCF Convergence by DM+H criterion
max |DM_out - DM_in|         :     0.0000519845
max |H_out - H_in|      (eV) :     0.0001583758
SCF cycle converged after 8 iterations

Using DM_out to compute the final energy and forces
No. of atoms with KB's overlaping orbs in proc 0. Max # of overlaps:       4      48

siesta: E_KS(eV) =             -640.8366

siesta: Atomic forces (eV/Ang):
----------------------------------------
   Tot   -0.000687   -0.000026   -0.000335
----------------------------------------
   Max    0.285328
   Res    0.125165    sqrt( Sum f_i^2 / 3N )
----------------------------------------
   Max    0.285328    constrained

Stress tensor Voigt[x,y,z,yz,xz,xy] (kbar):       -0.05       -0.03       -0.72        0.17       -0.20        0.05
(Free)E + p*V (eV/cell)     -640.6684
Target enthalpy (eV/cell)     -640.9059

siesta: Stress tensor (static) (eV/Ang**3):
        -0.000034    0.000034   -0.000123
         0.000034   -0.000022    0.000107
        -0.000123    0.000107   -0.000449

siesta: Pressure (static):          0.26972550  kBar

siesta: Stress tensor (total) (eV/Ang**3):
        -0.000034    0.000034   -0.000123
         0.000034   -0.000022    0.000107
        -0.000123    0.000107   -0.000449

siesta: Pressure (total):          0.26972550  kBar

cgvc: Finished line minimization   30.  Mean atomic displacement =    0.0261

                     ====================================
                        Begin CG opt. move =     96
                     ====================================
k-point displ. along   3 input, could be:     0.00    0.50
 Kpoints in:          480 . Kpoints trimmed:          458

siesta: k-grid: Number of k-points = 458
siesta: k-points from Monkhorst-Pack grid
siesta: k-cutoff (effective) =    23.397 Ang
siesta: k-point supercell and displacements
siesta: k-grid:    15     0     0      0.000
siesta: k-grid:     0    15     0      0.000
siesta: k-grid:     0     0     4      0.000

outcell: Unit cell vectors (Ang):
       10.945810   -0.139255   -0.006950
       -0.141620   11.026956    0.001236
       -0.008601    0.001505   11.698472

outcell: Cell vector modules (Ang)   :   10.946698   11.027865   11.698476
outcell: Cell angles (23,13,12) (deg):     89.9857     90.0786     91.4647
outcell: Cell volume (Ang**3)        :   1411.7620
<dSpData1D:S at geom step 96
  <sparsity:sparsity for geom step 96
    nrows_g=52 nrows=52 sparsity=.9882 nnzs=2672, refcount: 7>
  <dData1D:(new from dSpData1D) n=2672, refcount: 1>
refcount: 1>
new_DM -- step:    97
Re-using DM from previous geometries...
Number of DMs in history: 1
 DM extrapolation coefficients: 
1   1.00000
New DM after history re-use:
<dSpData2D:SpM extrapolated using coords
  <sparsity:sparsity for geom step 96
    nrows_g=52 nrows=52 sparsity=.9882 nnzs=2672, refcount: 9>
  <dData2D:(temp array for extrapolation) n=2672 m=1, refcount: 1>
refcount: 1>
No. of atoms with KB's overlaping orbs in proc 0. Max # of overlaps:       4      48

InitMesh: MESH = 120 x 120 x 128 = 1843200
InitMesh: Mesh cutoff (required, used) =   300.000   327.465 Ry
New grid distribution [1]: sub = 2

        iscf     Eharris(eV)        E_KS(eV)     FreeEng(eV)     dDmax    Ef(eV) dHmax(eV)
   scf:    1     -640.884249     -640.833998     -640.903255  0.028751 -6.075111  0.145145
   scf:    2     -640.719611     -640.802666     -640.869748  0.070309 -6.084477  0.546606
   scf:    3     -640.844187     -640.838735     -640.908032  0.053745 -6.077913  0.038081
   scf:    4     -640.839073     -640.838938     -640.908245  0.002338 -6.078992  0.018055
   scf:    5     -640.839105     -640.839044     -640.908347  0.001636 -6.079811  0.015914
   scf:    6     -640.839078     -640.839075     -640.908383  0.001420 -6.081480  0.004718
   scf:    7     -640.839078     -640.839078     -640.908385  0.000711 -6.082258  0.004319
   scf:    8     -640.839079     -640.839079     -640.908385  0.000280 -6.082446  0.000812
   scf:    9     -640.839078     -640.839079     -640.908387  0.000509 -6.082475  0.000340
   scf:   10     -640.839079     -640.839079     -640.908387  0.000015 -6.082469  0.000294

SCF Convergence by DM+H criterion
max |DM_out - DM_in|         :     0.0000153746
max |H_out - H_in|      (eV) :     0.0002940520
SCF cycle converged after 10 iterations

Using DM_out to compute the final energy and forces
No. of atoms with KB's overlaping orbs in proc 0. Max # of overlaps:       4      48

siesta: E_KS(eV) =             -640.8391

siesta: Atomic forces (eV/Ang):
----------------------------------------
   Tot   -0.000600   -0.000208    0.000947
----------------------------------------
   Max    0.382921
   Res    0.145594    sqrt( Sum f_i^2 / 3N )
----------------------------------------
   Max    0.382921    constrained

Stress tensor Voigt[x,y,z,yz,xz,xy] (kbar):        0.02       -0.00        0.06        0.01        0.05        0.00
(Free)E + p*V (eV/cell)     -640.9320
Target enthalpy (eV/cell)     -640.9084

siesta: Stress tensor (static) (eV/Ang**3):
         0.000014    0.000002    0.000030
         0.000002   -0.000002    0.000006
         0.000029    0.000006    0.000039

siesta: Pressure (static):         -0.02683881  kBar

siesta: Stress tensor (total) (eV/Ang**3):
         0.000014    0.000002    0.000030
         0.000002   -0.000002    0.000006
         0.000029    0.000006    0.000039

siesta: Pressure (total):         -0.02683881  kBar

                     ====================================
                        Begin CG opt. move =     97
                     ====================================
k-point displ. along   3 input, could be:     0.00    0.50
 Kpoints in:          480 . Kpoints trimmed:          458

siesta: k-grid: Number of k-points = 458
siesta: k-points from Monkhorst-Pack grid
siesta: k-cutoff (effective) =    23.436 Ang
siesta: k-point supercell and displacements
siesta: k-grid:    15     0     0      0.000
siesta: k-grid:     0    15     0      0.000
siesta: k-grid:     0     0     4      0.000

outcell: Unit cell vectors (Ang):
       10.945266   -0.142776   -0.001399
       -0.145201   11.023699   -0.001361
       -0.001732   -0.001656   11.718170

outcell: Cell vector modules (Ang)   :   10.946198   11.024655   11.718171
outcell: Cell angles (23,13,12) (deg):     90.0151     90.0157     91.5020
outcell: Cell volume (Ang**3)        :   1413.6400
<dSpData1D:S at geom step 97
  <sparsity:sparsity for geom step 97
    nrows_g=52 nrows=52 sparsity=.9882 nnzs=2672, refcount: 7>
  <dData1D:(new from dSpData1D) n=2672, refcount: 1>
refcount: 1>
new_DM -- step:    98
Re-using DM from previous geometries...
Number of DMs in history: 1
 DM extrapolation coefficients: 
1   1.00000
New DM after history re-use:
<dSpData2D:SpM extrapolated using coords
  <sparsity:sparsity for geom step 97
    nrows_g=52 nrows=52 sparsity=.9882 nnzs=2672, refcount: 9>
  <dData2D:(temp array for extrapolation) n=2672 m=1, refcount: 1>
refcount: 1>
Note: For starting DM, Qtot, Tr[D*S] =         16.00000000         15.97002711
No. of atoms with KB's overlaping orbs in proc 0. Max # of overlaps:       4      48

InitMesh: MESH = 120 x 120 x 128 = 1843200
InitMesh: Mesh cutoff (required, used) =   300.000   327.667 Ry
New grid distribution [1]: sub = 2

        iscf     Eharris(eV)        E_KS(eV)     FreeEng(eV)     dDmax    Ef(eV) dHmax(eV)
   scf:    1     -640.899517     -640.819699     -640.888830  0.045770 -6.082292  0.247005
   scf:    2     -640.520088     -640.737889     -640.804040  0.116795 -6.096143  0.959380
   scf:    3     -640.851369     -640.833129     -640.902439  0.087272 -6.086933  0.067882
   scf:    4     -640.833426     -640.833354     -640.902665  0.004766 -6.087995  0.038902
   scf:    5     -640.834283     -640.833924     -640.903233  0.003023 -6.090143  0.024185
   scf:    6     -640.834091     -640.834047     -640.903353  0.001973 -6.093541  0.011802
   scf:    7     -640.834050     -640.834051     -640.903355  0.000473 -6.094063  0.008261
   scf:    8     -640.834033     -640.834048     -640.903359  0.001544 -6.095416  0.001467
   scf:    9     -640.834060     -640.834055     -640.903363  0.000777 -6.095539  0.000634
   scf:   10     -640.834057     -640.834056     -640.903363  0.000224 -6.095530  0.000474
   scf:   11     -640.834056     -640.834056     -640.903363  0.000025 -6.095475  0.000434

SCF Convergence by DM+H criterion
max |DM_out - DM_in|         :     0.0000249432
max |H_out - H_in|      (eV) :     0.0004337500
SCF cycle converged after 11 iterations

Using DM_out to compute the final energy and forces
No. of atoms with KB's overlaping orbs in proc 0. Max # of overlaps:       4      48

siesta: E_KS(eV) =             -640.8341

siesta: Atomic forces (eV/Ang):
----------------------------------------
   Tot   -0.000529    0.000306    0.001304
----------------------------------------
   Max    0.872150
   Res    0.373977    sqrt( Sum f_i^2 / 3N )
----------------------------------------
   Max    0.872150    constrained

Stress tensor Voigt[x,y,z,yz,xz,xy] (kbar):        0.17        0.04        1.43       -0.25        0.50       -0.08
(Free)E + p*V (eV/cell)     -641.3885
Target enthalpy (eV/cell)     -640.9034

siesta: Stress tensor (static) (eV/Ang**3):
         0.000108   -0.000053    0.000312
        -0.000053    0.000027   -0.000157
         0.000312   -0.000157    0.000894

siesta: Pressure (static):         -0.54981932  kBar

siesta: Stress tensor (total) (eV/Ang**3):
         0.000108   -0.000053    0.000312
        -0.000053    0.000027   -0.000157
         0.000312   -0.000157    0.000894

siesta: Pressure (total):         -0.54981932  kBar

                     ====================================
                        Begin CG opt. move =     98
                     ====================================
k-point displ. along   3 input, could be:     0.00    0.50
 Kpoints in:          480 . Kpoints trimmed:          458

siesta: k-grid: Number of k-points = 458
siesta: k-points from Monkhorst-Pack grid
siesta: k-cutoff (effective) =    23.399 Ang
siesta: k-point supercell and displacements
siesta: k-grid:    15     0     0      0.000
siesta: k-grid:     0    15     0      0.000
siesta: k-grid:     0     0     4      0.000

outcell: Unit cell vectors (Ang):
       10.945778   -0.139459   -0.006627
       -0.141829   11.026766    0.001085
       -0.008201    0.001321   11.699617

outcell: Cell vector modules (Ang)   :   10.946668   11.027678   11.699620
outcell: Cell angles (23,13,12) (deg):     89.9874     90.0749     91.4669
outcell: Cell volume (Ang**3)        :   1411.8713
<dSpData1D:S at geom step 98
  <sparsity:sparsity for geom step 98
    nrows_g=52 nrows=52 sparsity=.9882 nnzs=2672, refcount: 7>
  <dData1D:(new from dSpData1D) n=2672, refcount: 1>
refcount: 1>
new_DM -- step:    99
Re-using DM from previous geometries...
Number of DMs in history: 1
 DM extrapolation coefficients: 
1   1.00000
New DM after history re-use:
<dSpData2D:SpM extrapolated using coords
  <sparsity:sparsity for geom step 98
    nrows_g=52 nrows=52 sparsity=.9882 nnzs=2672, refcount: 9>
  <dData2D:(temp array for extrapolation) n=2672 m=1, refcount: 1>
refcount: 1>
Note: For starting DM, Qtot, Tr[D*S] =         16.00000000         16.02362862
No. of atoms with KB's overlaping orbs in proc 0. Max # of overlaps:       4      48

InitMesh: MESH = 120 x 120 x 128 = 1843200
InitMesh: Mesh cutoff (required, used) =   300.000   327.477 Ry
New grid distribution [1]: sub = 2

        iscf     Eharris(eV)        E_KS(eV)     FreeEng(eV)     dDmax    Ef(eV) dHmax(eV)
   scf:    1     -640.728598     -640.827496     -640.896526  0.043424 -6.095524  0.246865
   scf:    2     -640.524113     -640.742089     -640.806805  0.115139 -6.072478  0.929534
   scf:    3     -640.850370     -640.838030     -640.907338  0.092402 -6.090652  0.055642
   scf:    4     -640.839343     -640.838851     -640.908157  0.003306 -6.088122  0.037160
   scf:    5     -640.839075     -640.838983     -640.908294  0.002232 -6.087367  0.023043
   scf:    6     -640.839105     -640.839083     -640.908386  0.002283 -6.084410  0.007347
   scf:    7     -640.839081     -640.839087     -640.908396  0.001248 -6.083139  0.002692
   scf:    8     -640.839081     -640.839085     -640.908395  0.000399 -6.082989  0.002178
   scf:    9     -640.839095     -640.839092     -640.908400  0.000823 -6.082999  0.000546
   scf:   10     -640.839092     -640.839092     -640.908400  0.000014 -6.083010  0.000463

SCF Convergence by DM+H criterion
max |DM_out - DM_in|         :     0.0000142047
max |H_out - H_in|      (eV) :     0.0004633927
SCF cycle converged after 10 iterations

Using DM_out to compute the final energy and forces
No. of atoms with KB's overlaping orbs in proc 0. Max # of overlaps:       4      48

siesta: E_KS(eV) =             -640.8391

siesta: Atomic forces (eV/Ang):
----------------------------------------
   Tot   -0.000682   -0.000154    0.000903
----------------------------------------
   Max    0.413522
   Res    0.157523    sqrt( Sum f_i^2 / 3N )
----------------------------------------
   Max    0.413522    constrained

Stress tensor Voigt[x,y,z,yz,xz,xy] (kbar):        0.03       -0.00        0.14       -0.01        0.07       -0.00
(Free)E + p*V (eV/cell)     -640.9587
Target enthalpy (eV/cell)     -640.9084

siesta: Stress tensor (static) (eV/Ang**3):
         0.000019   -0.000001    0.000045
        -0.000002   -0.000001   -0.000004
         0.000045   -0.000004    0.000089

siesta: Pressure (static):         -0.05713289  kBar

siesta: Stress tensor (total) (eV/Ang**3):
         0.000019   -0.000001    0.000045
        -0.000002   -0.000001   -0.000004
         0.000045   -0.000004    0.000089

siesta: Pressure (total):         -0.05713289  kBar

cgvc: Finished line minimization   31.  Mean atomic displacement =    0.0286

                     ====================================
                        Begin CG opt. move =     99
                     ====================================
k-point displ. along   3 input, could be:     0.00    0.50
 Kpoints in:          480 . Kpoints trimmed:          458

siesta: k-grid: Number of k-points = 458
siesta: k-points from Monkhorst-Pack grid
siesta: k-cutoff (effective) =    23.422 Ang
siesta: k-point supercell and displacements
siesta: k-grid:    15     0     0      0.000
siesta: k-grid:     0    15     0      0.000
siesta: k-grid:     0     0     4      0.000

outcell: Unit cell vectors (Ang):
       10.945178   -0.141717   -0.003632
       -0.144125   11.024668   -0.000544
       -0.004495   -0.000662   11.710916

outcell: Cell vector modules (Ang)   :   10.946097   11.025610   11.710917
outcell: Cell angles (23,13,12) (deg):     90.0058     90.0410     91.4908
outcell: Cell volume (Ang**3)        :   1412.8812
<dSpData1D:S at geom step 99
  <sparsity:sparsity for geom step 99
    nrows_g=52 nrows=52 sparsity=.9882 nnzs=2672, refcount: 7>
  <dData1D:(new from dSpData1D) n=2672, refcount: 1>
refcount: 1>
new_DM -- step:   100
Re-using DM from previous geometries...
Number of DMs in history: 1
 DM extrapolation coefficients: 
1   1.00000
New DM after history re-use:
<dSpData2D:SpM extrapolated using coords
  <sparsity:sparsity for geom step 99
    nrows_g=52 nrows=52 sparsity=.9882 nnzs=2672, refcount: 9>
  <dData2D:(temp array for extrapolation) n=2672 m=1, refcount: 1>
refcount: 1>
Note: For starting DM, Qtot, Tr[D*S] =         16.00000000         15.97631816
No. of atoms with KB's overlaping orbs in proc 0. Max # of overlaps:       4      48

InitMesh: MESH = 120 x 120 x 128 = 1843200
InitMesh: Mesh cutoff (required, used) =   300.000   327.607 Ry
New grid distribution [1]: sub = 2

        iscf     Eharris(eV)        E_KS(eV)     FreeEng(eV)     dDmax    Ef(eV) dHmax(eV)
   scf:    1     -640.853140     -640.829250     -640.898515  0.030047 -6.034744  0.317677
   scf:    2     -640.166356     -640.626095     -640.693899  0.071961 -6.042836  1.752922
   scf:    3     -640.866349     -640.838355     -640.907666  0.059507 -6.037622  0.051128
   scf:    4     -640.839638     -640.839096     -640.908405  0.003426 -6.039846  0.019163
   scf:    5     -640.839312     -640.839252     -640.908559  0.002387 -6.041612  0.010364
   scf:    6     -640.839212     -640.839254     -640.908563  0.002712 -6.043665  0.007012
   scf:    7     -640.839232     -640.839244     -640.908551  0.000441 -6.043630  0.009082
   scf:    8     -640.839266     -640.839271     -640.908580  0.002391 -6.044162  0.001123
   scf:    9     -640.839271     -640.839271     -640.908580  0.000128 -6.044163  0.000825
   scf:   10     -640.839271     -640.839271     -640.908581  0.000279 -6.044124  0.000341
   scf:   11     -640.839271     -640.839271     -640.908581  0.000011 -6.044094  0.000246

SCF Convergence by DM+H criterion
max |DM_out - DM_in|         :     0.0000112798
max |H_out - H_in|      (eV) :     0.0002455261
SCF cycle converged after 11 iterations

Using DM_out to compute the final energy and forces
No. of atoms with KB's overlaping orbs in proc 0. Max # of overlaps:       4      48

siesta: E_KS(eV) =             -640.8393

siesta: Atomic forces (eV/Ang):
----------------------------------------
   Tot   -0.000765    0.000076   -0.000009
----------------------------------------
   Max    0.431215
   Res    0.180325    sqrt( Sum f_i^2 / 3N )
----------------------------------------
   Max    0.431215    constrained

Stress tensor Voigt[x,y,z,yz,xz,xy] (kbar):        0.09        0.05        1.08       -0.21        0.30       -0.05
(Free)E + p*V (eV/cell)     -641.2646
Target enthalpy (eV/cell)     -640.9086

siesta: Stress tensor (static) (eV/Ang**3):
         0.000055   -0.000034    0.000190
        -0.000034    0.000028   -0.000134
         0.000190   -0.000134    0.000673

siesta: Pressure (static):         -0.40374628  kBar

siesta: Stress tensor (total) (eV/Ang**3):
         0.000055   -0.000034    0.000190
        -0.000034    0.000028   -0.000134
         0.000190   -0.000134    0.000673

siesta: Pressure (total):         -0.40374628  kBar

                     ====================================
                        Begin CG opt. move =    100
                     ====================================
k-point displ. along   3 input, could be:     0.00    0.50
 Kpoints in:          480 . Kpoints trimmed:          458

siesta: k-grid: Number of k-points = 458
siesta: k-points from Monkhorst-Pack grid
siesta: k-cutoff (effective) =    23.411 Ang
siesta: k-point supercell and displacements
siesta: k-grid:    15     0     0      0.000
siesta: k-grid:     0    15     0      0.000
siesta: k-grid:     0     0     4      0.000

outcell: Unit cell vectors (Ang):
       10.945459   -0.140661   -0.005033
       -0.143051   11.025649    0.000218
       -0.006228    0.000265   11.705633

outcell: Cell vector modules (Ang)   :   10.946364   11.026577   11.705634
outcell: Cell angles (23,13,12) (deg):     89.9972     90.0568     91.4796
outcell: Cell volume (Ang**3)        :   1412.4091
<dSpData1D:S at geom step 100
  <sparsity:sparsity for geom step 100
    nrows_g=52 nrows=52 sparsity=.9882 nnzs=2672, refcount: 7>
  <dData1D:(new from dSpData1D) n=2672, refcount: 1>
refcount: 1>
new_DM -- step:   101
Re-using DM from previous geometries...
Number of DMs in history: 1
 DM extrapolation coefficients: 
1   1.00000
New DM after history re-use:
<dSpData2D:SpM extrapolated using coords
  <sparsity:sparsity for geom step 100
    nrows_g=52 nrows=52 sparsity=.9882 nnzs=2672, refcount: 9>
  <dData2D:(temp array for extrapolation) n=2672 m=1, refcount: 1>
refcount: 1>
No. of atoms with KB's overlaping orbs in proc 0. Max # of overlaps:       4      48

InitMesh: MESH = 120 x 120 x 128 = 1843200
InitMesh: Mesh cutoff (required, used) =   300.000   327.546 Ry
New grid distribution [1]: sub = 2

        iscf     Eharris(eV)        E_KS(eV)     FreeEng(eV)     dDmax    Ef(eV) dHmax(eV)
   scf:    1     -640.816796     -640.838027     -640.907308  0.014261 -6.067084  0.153102
   scf:    2     -640.685771     -640.791430     -640.860356  0.036479 -6.058450  0.838181
   scf:    3     -640.846690     -640.840101     -640.909412  0.030718 -6.065741  0.024306
   scf:    4     -640.840380     -640.840290     -640.909599  0.002310 -6.064164  0.006533
   scf:    5     -640.840295     -640.840293     -640.909602  0.000265 -6.063877  0.005269
   scf:    6     -640.840294     -640.840296     -640.909605  0.001001 -6.062987  0.002516
   scf:    7     -640.840298     -640.840298     -640.909607  0.000550 -6.062638  0.001405
   scf:    8     -640.840298     -640.840298     -640.909607  0.000230 -6.062657  0.000573
   scf:    9     -640.840298     -640.840298     -640.909607  0.000126 -6.062671  0.000363
   scf:   10     -640.840298     -640.840298     -640.909607  0.000147 -6.062689  0.000179
   scf:   11     -640.840298     -640.840298     -640.909607  0.000016 -6.062695  0.000146

SCF Convergence by DM+H criterion
max |DM_out - DM_in|         :     0.0000164338
max |H_out - H_in|      (eV) :     0.0001455607
SCF cycle converged after 11 iterations

Using DM_out to compute the final energy and forces
No. of atoms with KB's overlaping orbs in proc 0. Max # of overlaps:       4      48

siesta: E_KS(eV) =             -640.8403

siesta: Atomic forces (eV/Ang):
----------------------------------------
   Tot   -0.000819   -0.000086    0.000389
----------------------------------------
   Max    0.154731
   Res    0.069273    sqrt( Sum f_i^2 / 3N )
----------------------------------------
   Max    0.154731    constrained

Stress tensor Voigt[x,y,z,yz,xz,xy] (kbar):        0.06        0.02        0.63       -0.12        0.19       -0.03
(Free)E + p*V (eV/cell)     -641.1207
Target enthalpy (eV/cell)     -640.9096

siesta: Stress tensor (static) (eV/Ang**3):
         0.000038   -0.000019    0.000121
        -0.000019    0.000015   -0.000074
         0.000121   -0.000074    0.000395

siesta: Pressure (static):         -0.23944677  kBar

siesta: Stress tensor (total) (eV/Ang**3):
         0.000038   -0.000019    0.000121
        -0.000019    0.000015   -0.000074
         0.000121   -0.000074    0.000395

siesta: Pressure (total):         -0.23944677  kBar

cgvc: Finished line minimization   32.  Mean atomic displacement =    0.0152

                     ====================================
                        Begin CG opt. move =    101
                     ====================================
k-point displ. along   3 input, could be:     0.00    0.50
 Kpoints in:          480 . Kpoints trimmed:          458

siesta: k-grid: Number of k-points = 458
siesta: k-points from Monkhorst-Pack grid
siesta: k-cutoff (effective) =    23.394 Ang
siesta: k-point supercell and displacements
siesta: k-grid:    15     0     0      0.000
siesta: k-grid:     0    15     0      0.000
siesta: k-grid:     0     0     4      0.000

outcell: Unit cell vectors (Ang):
       10.944191   -0.141057   -0.007131
       -0.143454   11.024376    0.001615
       -0.008825    0.001965   11.696785

outcell: Cell vector modules (Ang)   :   10.945102   11.025310   11.696789
outcell: Cell angles (23,13,12) (deg):     89.9814     90.0807     91.4840
outcell: Cell volume (Ang**3)        :   1411.0134
<dSpData1D:S at geom step 101
  <sparsity:sparsity for geom step 101
    nrows_g=52 nrows=52 sparsity=.9882 nnzs=2672, refcount: 7>
  <dData1D:(new from dSpData1D) n=2672, refcount: 1>
refcount: 1>
new_DM -- step:   102
Re-using DM from previous geometries...
Number of DMs in history: 1
 DM extrapolation coefficients: 
1   1.00000
New DM after history re-use:
<dSpData2D:SpM extrapolated using coords
  <sparsity:sparsity for geom step 101
    nrows_g=52 nrows=52 sparsity=.9882 nnzs=2672, refcount: 9>
  <dData2D:(temp array for extrapolation) n=2672 m=1, refcount: 1>
refcount: 1>
Note: For starting DM, Qtot, Tr[D*S] =         16.00000000         16.01720372
No. of atoms with KB's overlaping orbs in proc 0. Max # of overlaps:       4      48

InitMesh: MESH = 120 x 120 x 128 = 1843200
InitMesh: Mesh cutoff (required, used) =   300.000   327.623 Ry
New grid distribution [1]: sub = 2

        iscf     Eharris(eV)        E_KS(eV)     FreeEng(eV)     dDmax    Ef(eV) dHmax(eV)
   scf:    1     -640.784382     -640.839402     -640.908709  0.015376 -6.070796  0.113154
   scf:    2     -640.785031     -640.823910     -640.892893  0.021909 -6.057357  0.463662
   scf:    3     -640.844070     -640.841293     -640.910602  0.018108 -6.067489  0.035194
   scf:    4     -640.841479     -640.841408     -640.910718  0.001008 -6.065649  0.013698
   scf:    5     -640.841415     -640.841412     -640.910722  0.000205 -6.065247  0.012754
   scf:    6     -640.841431     -640.841431     -640.910742  0.000846 -6.062544  0.003352
   scf:    7     -640.841436     -640.841434     -640.910744  0.000406 -6.061909  0.000676
   scf:    8     -640.841434     -640.841434     -640.910744  0.000029 -6.061902  0.000488

SCF Convergence by DM+H criterion
max |DM_out - DM_in|         :     0.0000286877
max |H_out - H_in|      (eV) :     0.0004880422
SCF cycle converged after 8 iterations

Using DM_out to compute the final energy and forces
No. of atoms with KB's overlaping orbs in proc 0. Max # of overlaps:       4      48

siesta: E_KS(eV) =             -640.8414

siesta: Atomic forces (eV/Ang):
----------------------------------------
   Tot   -0.000550    0.000125    0.000342
----------------------------------------
   Max    0.262582
   Res    0.100327    sqrt( Sum f_i^2 / 3N )
----------------------------------------
   Max    0.262582    constrained

Stress tensor Voigt[x,y,z,yz,xz,xy] (kbar):       -0.03       -0.00       -0.21        0.03       -0.08        0.02
(Free)E + p*V (eV/cell)     -640.8387
Target enthalpy (eV/cell)     -640.9107

siesta: Stress tensor (static) (eV/Ang**3):
        -0.000020    0.000011   -0.000051
         0.000011   -0.000003    0.000020
        -0.000052    0.000020   -0.000130

siesta: Pressure (static):          0.08179482  kBar

siesta: Stress tensor (total) (eV/Ang**3):
        -0.000020    0.000011   -0.000051
         0.000011   -0.000003    0.000020
        -0.000052    0.000020   -0.000130

siesta: Pressure (total):          0.08179482  kBar

                     ====================================
                        Begin CG opt. move =    102
                     ====================================
k-point displ. along   3 input, could be:     0.00    0.50
 Kpoints in:          480 . Kpoints trimmed:          458

siesta: k-grid: Number of k-points = 458
siesta: k-points from Monkhorst-Pack grid
siesta: k-cutoff (effective) =    23.396 Ang
siesta: k-point supercell and displacements
siesta: k-grid:    15     0     0      0.000
siesta: k-grid:     0    15     0      0.000
siesta: k-grid:     0     0     4      0.000

outcell: Unit cell vectors (Ang):
       10.944347   -0.141009   -0.006873
       -0.143404   11.024533    0.001443
       -0.008505    0.001756   11.697874

outcell: Cell vector modules (Ang)   :   10.945257   11.025466   11.697877
outcell: Cell angles (23,13,12) (deg):     89.9834     90.0777     91.4834
outcell: Cell volume (Ang**3)        :   1411.1851
<dSpData1D:S at geom step 102
  <sparsity:sparsity for geom step 102
    nrows_g=52 nrows=52 sparsity=.9882 nnzs=2672, refcount: 7>
  <dData1D:(new from dSpData1D) n=2672, refcount: 1>
refcount: 1>
new_DM -- step:   103
Re-using DM from previous geometries...
Number of DMs in history: 1
 DM extrapolation coefficients: 
1   1.00000
New DM after history re-use:
<dSpData2D:SpM extrapolated using coords
  <sparsity:sparsity for geom step 102
    nrows_g=52 nrows=52 sparsity=.9882 nnzs=2672, refcount: 9>
  <dData2D:(temp array for extrapolation) n=2672 m=1, refcount: 1>
refcount: 1>
No. of atoms with KB's overlaping orbs in proc 0. Max # of overlaps:       4      48

InitMesh: MESH = 120 x 120 x 128 = 1843200
InitMesh: Mesh cutoff (required, used) =   300.000   327.614 Ry
New grid distribution [1]: sub = 2

        iscf     Eharris(eV)        E_KS(eV)     FreeEng(eV)     dDmax    Ef(eV) dHmax(eV)
   scf:    1     -640.847861     -640.841432     -640.910743  0.001864 -6.061093  0.013382
   scf:    2     -640.840758     -640.841243     -640.910550  0.002557 -6.062778  0.053209
   scf:    3     -640.841496     -640.841459     -640.910770  0.002015 -6.061520  0.004128
   scf:    4     -640.841462     -640.841461     -640.910771  0.000116 -6.061736  0.001709
   scf:    5     -640.841461     -640.841461     -640.910772  0.000122 -6.062096  0.000690
   scf:    6     -640.841461     -640.841461     -640.910772  0.000014 -6.062148  0.000438

SCF Convergence by DM+H criterion
max |DM_out - DM_in|         :     0.0000138130
max |H_out - H_in|      (eV) :     0.0004380479
SCF cycle converged after 6 iterations

Using DM_out to compute the final energy and forces
No. of atoms with KB's overlaping orbs in proc 0. Max # of overlaps:       4      48

siesta: E_KS(eV) =             -640.8415

siesta: Atomic forces (eV/Ang):
----------------------------------------
   Tot   -0.000641    0.000121    0.000248
----------------------------------------
   Max    0.226909
   Res    0.087366    sqrt( Sum f_i^2 / 3N )
----------------------------------------
   Max    0.226909    constrained

Stress tensor Voigt[x,y,z,yz,xz,xy] (kbar):       -0.02       -0.00       -0.11        0.01       -0.05        0.01
(Free)E + p*V (eV/cell)     -640.8727
Target enthalpy (eV/cell)     -640.9108

siesta: Stress tensor (static) (eV/Ang**3):
        -0.000013    0.000007   -0.000031
         0.000007   -0.000001    0.000009
        -0.000031    0.000009   -0.000067

siesta: Pressure (static):          0.04323544  kBar

siesta: Stress tensor (total) (eV/Ang**3):
        -0.000013    0.000007   -0.000031
         0.000007   -0.000001    0.000009
        -0.000031    0.000009   -0.000067

siesta: Pressure (total):          0.04323544  kBar

cgvc: Finished line minimization   33.  Mean atomic displacement =    0.0133

                     ====================================
                        Begin CG opt. move =    103
                     ====================================
k-point displ. along   3 input, could be:     0.00    0.50
 Kpoints in:          480 . Kpoints trimmed:          458

siesta: k-grid: Number of k-points = 458
siesta: k-points from Monkhorst-Pack grid
siesta: k-cutoff (effective) =    23.385 Ang
siesta: k-point supercell and displacements
siesta: k-grid:    15     0     0      0.000
siesta: k-grid:     0    15     0      0.000
siesta: k-grid:     0     0     4      0.000

outcell: Unit cell vectors (Ang):
       10.943625   -0.141436   -0.007906
       -0.143839   11.023588    0.002340
       -0.009783    0.002847   11.692685

outcell: Cell vector modules (Ang)   :   10.944542   11.024526   11.692689
outcell: Cell angles (23,13,12) (deg):     89.9733     90.0895     91.4880
outcell: Cell volume (Ang**3)        :   1410.3435
<dSpData1D:S at geom step 103
  <sparsity:sparsity for geom step 103
    nrows_g=52 nrows=52 sparsity=.9882 nnzs=2672, refcount: 7>
  <dData1D:(new from dSpData1D) n=2672, refcount: 1>
refcount: 1>
new_DM -- step:   104
Re-using DM from previous geometries...
Number of DMs in history: 1
 DM extrapolation coefficients: 
1   1.00000
New DM after history re-use:
<dSpData2D:SpM extrapolated using coords
  <sparsity:sparsity for geom step 103
    nrows_g=52 nrows=52 sparsity=.9882 nnzs=2672, refcount: 9>
  <dData2D:(temp array for extrapolation) n=2672 m=1, refcount: 1>
refcount: 1>
Note: For starting DM, Qtot, Tr[D*S] =         16.00000000         16.01631100
No. of atoms with KB's overlaping orbs in proc 0. Max # of overlaps:       4      48

InitMesh: MESH = 120 x 120 x 128 = 1843200
InitMesh: Mesh cutoff (required, used) =   300.000   327.671 Ry
New grid distribution [1]: sub = 2

        iscf     Eharris(eV)        E_KS(eV)     FreeEng(eV)     dDmax    Ef(eV) dHmax(eV)
   scf:    1     -640.817077     -640.839623     -640.908931  0.013057 -6.105407  0.109903
   scf:    2     -640.778186     -640.821037     -640.890195  0.020011 -6.093099  0.537053
   scf:    3     -640.843319     -640.840686     -640.909997  0.016893 -6.103057  0.025419
   scf:    4     -640.840864     -640.840823     -640.910132  0.002134 -6.100273  0.015132
   scf:    5     -640.840830     -640.840828     -640.910137  0.000240 -6.100018  0.008708
   scf:    6     -640.840826     -640.840829     -640.910140  0.000757 -6.098341  0.003270
   scf:    7     -640.840834     -640.840833     -640.910143  0.000587 -6.098066  0.000651
   scf:    8     -640.840833     -640.840833     -640.910143  0.000048 -6.098071  0.000394

SCF Convergence by DM+H criterion
max |DM_out - DM_in|         :     0.0000482186
max |H_out - H_in|      (eV) :     0.0003944224
SCF cycle converged after 8 iterations

Using DM_out to compute the final energy and forces
No. of atoms with KB's overlaping orbs in proc 0. Max # of overlaps:       4      48

siesta: E_KS(eV) =             -640.8408

siesta: Atomic forces (eV/Ang):
----------------------------------------
   Tot   -0.000375    0.000113    0.000966
----------------------------------------
   Max    0.349383
   Res    0.187736    sqrt( Sum f_i^2 / 3N )
----------------------------------------
   Max    0.349383    constrained

Stress tensor Voigt[x,y,z,yz,xz,xy] (kbar):       -0.06       -0.03       -0.77        0.15       -0.22        0.04
(Free)E + p*V (eV/cell)     -640.6571
Target enthalpy (eV/cell)     -640.9101

siesta: Stress tensor (static) (eV/Ang**3):
        -0.000040    0.000027   -0.000135
         0.000027   -0.000020    0.000092
        -0.000135    0.000091   -0.000479

siesta: Pressure (static):          0.28750163  kBar

siesta: Stress tensor (total) (eV/Ang**3):
        -0.000040    0.000027   -0.000135
         0.000027   -0.000020    0.000092
        -0.000135    0.000091   -0.000479

siesta: Pressure (total):          0.28750163  kBar

                     ====================================
                        Begin CG opt. move =    104
                     ====================================
k-point displ. along   3 input, could be:     0.00    0.50
 Kpoints in:          480 . Kpoints trimmed:          458

siesta: k-grid: Number of k-points = 458
siesta: k-points from Monkhorst-Pack grid
siesta: k-cutoff (effective) =    23.392 Ang
siesta: k-point supercell and displacements
siesta: k-grid:    15     0     0      0.000
siesta: k-grid:     0    15     0      0.000
siesta: k-grid:     0     0     4      0.000

outcell: Unit cell vectors (Ang):
       10.944070   -0.141172   -0.007269
       -0.143571   11.024170    0.001787
       -0.008996    0.002174   11.695884

outcell: Cell vector modules (Ang)   :   10.944983   11.025105   11.695887
outcell: Cell angles (23,13,12) (deg):     89.9795     90.0823     91.4852
outcell: Cell volume (Ang**3)        :   1410.8623
<dSpData1D:S at geom step 104
  <sparsity:sparsity for geom step 104
    nrows_g=52 nrows=52 sparsity=.9882 nnzs=2672, refcount: 7>
  <dData1D:(new from dSpData1D) n=2672, refcount: 1>
refcount: 1>
new_DM -- step:   105
Re-using DM from previous geometries...
Number of DMs in history: 1
 DM extrapolation coefficients: 
1   1.00000
New DM after history re-use:
<dSpData2D:SpM extrapolated using coords
  <sparsity:sparsity for geom step 104
    nrows_g=52 nrows=52 sparsity=.9882 nnzs=2672, refcount: 9>
  <dData2D:(temp array for extrapolation) n=2672 m=1, refcount: 1>
refcount: 1>
No. of atoms with KB's overlaping orbs in proc 0. Max # of overlaps:       4      48

InitMesh: MESH = 120 x 120 x 128 = 1843200
InitMesh: Mesh cutoff (required, used) =   300.000   327.635 Ry
New grid distribution [1]: sub = 2

        iscf     Eharris(eV)        E_KS(eV)     FreeEng(eV)     dDmax    Ef(eV) dHmax(eV)
   scf:    1     -640.854050     -640.841339     -640.910648  0.008215 -6.071666  0.068537
   scf:    2     -640.818669     -640.834494     -640.903783  0.010821 -6.078440  0.330973
   scf:    3     -640.842822     -640.841754     -640.911064  0.009017 -6.073105  0.016351
   scf:    4     -640.841826     -640.841807     -640.911118  0.001169 -6.074747  0.008246
   scf:    5     -640.841807     -640.841808     -640.911118  0.000125 -6.075096  0.007192
   scf:    6     -640.841810     -640.841809     -640.911119  0.000324 -6.075955  0.002142
   scf:    7     -640.841810     -640.841810     -640.911121  0.000309 -6.076143  0.000345
   scf:    8     -640.841810     -640.841810     -640.911121  0.000031 -6.076142  0.000182

SCF Convergence by DM+H criterion
max |DM_out - DM_in|         :     0.0000313897
max |H_out - H_in|      (eV) :     0.0001818804
SCF cycle converged after 8 iterations

Using DM_out to compute the final energy and forces
No. of atoms with KB's overlaping orbs in proc 0. Max # of overlaps:       4      48

siesta: E_KS(eV) =             -640.8418

siesta: Atomic forces (eV/Ang):
----------------------------------------
   Tot   -0.000532    0.000140    0.000534
----------------------------------------
   Max    0.097199
   Res    0.042275    sqrt( Sum f_i^2 / 3N )
----------------------------------------
   Max    0.097199    constrained

Stress tensor Voigt[x,y,z,yz,xz,xy] (kbar):       -0.04       -0.01       -0.36        0.06       -0.11        0.02
(Free)E + p*V (eV/cell)     -640.7906
Target enthalpy (eV/cell)     -640.9111

siesta: Stress tensor (static) (eV/Ang**3):
        -0.000024    0.000015   -0.000071
         0.000015   -0.000008    0.000040
        -0.000071    0.000040   -0.000225

siesta: Pressure (static):          0.13684813  kBar

siesta: Stress tensor (total) (eV/Ang**3):
        -0.000024    0.000015   -0.000071
         0.000015   -0.000008    0.000040
        -0.000071    0.000040   -0.000225

siesta: Pressure (total):          0.13684813  kBar

cgvc: Finished line minimization   34.  Mean atomic displacement =    0.0051

                     ====================================
                        Begin CG opt. move =    105
                     ====================================
k-point displ. along   3 input, could be:     0.00    0.50
 Kpoints in:          480 . Kpoints trimmed:          458

siesta: k-grid: Number of k-points = 458
siesta: k-points from Monkhorst-Pack grid
siesta: k-cutoff (effective) =    23.397 Ang
siesta: k-point supercell and displacements
siesta: k-grid:    15     0     0      0.000
siesta: k-grid:     0    15     0      0.000
siesta: k-grid:     0     0     4      0.000

outcell: Unit cell vectors (Ang):
       10.944222   -0.141524   -0.006482
       -0.143929   11.024020    0.001417
       -0.008021    0.001725   11.698649

outcell: Cell vector modules (Ang)   :   10.945139   11.024960   11.698652
outcell: Cell angles (23,13,12) (deg):     89.9837     90.0733     91.4889
outcell: Cell volume (Ang**3)        :   1411.1953
<dSpData1D:S at geom step 105
  <sparsity:sparsity for geom step 105
    nrows_g=52 nrows=52 sparsity=.9882 nnzs=2672, refcount: 7>
  <dData1D:(new from dSpData1D) n=2672, refcount: 1>
refcount: 1>
new_DM -- step:   106
Re-using DM from previous geometries...
Number of DMs in history: 1
 DM extrapolation coefficients: 
1   1.00000
New DM after history re-use:
<dSpData2D:SpM extrapolated using coords
  <sparsity:sparsity for geom step 105
    nrows_g=52 nrows=52 sparsity=.9882 nnzs=2672, refcount: 9>
  <dData2D:(temp array for extrapolation) n=2672 m=1, refcount: 1>
refcount: 1>
No. of atoms with KB's overlaping orbs in proc 0. Max # of overlaps:       4      48

InitMesh: MESH = 120 x 120 x 128 = 1843200
InitMesh: Mesh cutoff (required, used) =   300.000   327.645 Ry
New grid distribution [1]: sub = 2

        iscf     Eharris(eV)        E_KS(eV)     FreeEng(eV)     dDmax    Ef(eV) dHmax(eV)
   scf:    1     -640.853653     -640.841917     -640.911229  0.004825 -6.073413  0.066613
   scf:    2     -640.822015     -640.835828     -640.905122  0.007314 -6.076453  0.325044
   scf:    3     -640.843115     -640.842207     -640.911518  0.006057 -6.074054  0.008532
   scf:    4     -640.842248     -640.842234     -640.911544  0.000746 -6.074740  0.004090
   scf:    5     -640.842232     -640.842233     -640.911544  0.000129 -6.074857  0.003993
   scf:    6     -640.842234     -640.842234     -640.911546  0.000187 -6.075296  0.001212
   scf:    7     -640.842236     -640.842235     -640.911546  0.000216 -6.075473  0.000162
   scf:    8     -640.842235     -640.842235     -640.911546  0.000042 -6.075477  0.000205

SCF Convergence by DM+H criterion
max |DM_out - DM_in|         :     0.0000418536
max |H_out - H_in|      (eV) :     0.0002053547
SCF cycle converged after 8 iterations

Using DM_out to compute the final energy and forces
No. of atoms with KB's overlaping orbs in proc 0. Max # of overlaps:       4      48

siesta: E_KS(eV) =             -640.8422

siesta: Atomic forces (eV/Ang):
----------------------------------------
   Tot   -0.000404    0.000098    0.001085
----------------------------------------
   Max    0.079180
   Res    0.038829    sqrt( Sum f_i^2 / 3N )
----------------------------------------
   Max    0.079180    constrained

Stress tensor Voigt[x,y,z,yz,xz,xy] (kbar):       -0.01       -0.01       -0.16        0.03       -0.04        0.01
(Free)E + p*V (eV/cell)     -640.8593
Target enthalpy (eV/cell)     -640.9115

siesta: Stress tensor (static) (eV/Ang**3):
        -0.000009    0.000008   -0.000027
         0.000008   -0.000005    0.000021
        -0.000027    0.000021   -0.000097

siesta: Pressure (static):          0.05931305  kBar

siesta: Stress tensor (total) (eV/Ang**3):
        -0.000009    0.000008   -0.000027
         0.000008   -0.000005    0.000021
        -0.000027    0.000021   -0.000097

siesta: Pressure (total):          0.05931305  kBar

                     ====================================
                        Begin CG opt. move =    106
                     ====================================
k-point displ. along   3 input, could be:     0.00    0.50
 Kpoints in:          480 . Kpoints trimmed:          458

siesta: k-grid: Number of k-points = 458
siesta: k-points from Monkhorst-Pack grid
siesta: k-cutoff (effective) =    23.406 Ang
siesta: k-point supercell and displacements
siesta: k-grid:    15     0     0      0.000
siesta: k-grid:     0    15     0      0.000
siesta: k-grid:     0     0     4      0.000

outcell: Unit cell vectors (Ang):
       10.944466   -0.142088   -0.005222
       -0.144502   11.023780    0.000826
       -0.006462    0.001005   11.703075

outcell: Cell vector modules (Ang)   :   10.945390   11.024727   11.703077
outcell: Cell angles (23,13,12) (deg):     89.9904     90.0590     91.4948
outcell: Cell volume (Ang**3)        :   1411.7281
<dSpData1D:S at geom step 106
  <sparsity:sparsity for geom step 106
    nrows_g=52 nrows=52 sparsity=.9882 nnzs=2672, refcount: 7>
  <dData1D:(new from dSpData1D) n=2672, refcount: 1>
refcount: 1>
new_DM -- step:   107
Re-using DM from previous geometries...
Number of DMs in history: 1
 DM extrapolation coefficients: 
1   1.00000
New DM after history re-use:
<dSpData2D:SpM extrapolated using coords
  <sparsity:sparsity for geom step 106
    nrows_g=52 nrows=52 sparsity=.9882 nnzs=2672, refcount: 9>
  <dData2D:(temp array for extrapolation) n=2672 m=1, refcount: 1>
refcount: 1>
No. of atoms with KB's overlaping orbs in proc 0. Max # of overlaps:       4      48

InitMesh: MESH = 120 x 120 x 128 = 1843200
InitMesh: Mesh cutoff (required, used) =   300.000   327.661 Ry
New grid distribution [1]: sub = 2

        iscf     Eharris(eV)        E_KS(eV)     FreeEng(eV)     dDmax    Ef(eV) dHmax(eV)
   scf:    1     -640.860217     -640.841650     -640.910964  0.007490 -6.070932  0.105873
   scf:    2     -640.791255     -640.826246     -640.895486  0.011379 -6.075614  0.515474
   scf:    3     -640.844647     -640.842386     -640.911698  0.009404 -6.071963  0.013581
   scf:    4     -640.842488     -640.842455     -640.911766  0.001213 -6.073097  0.007362
   scf:    5     -640.842454     -640.842455     -640.911766  0.000184 -6.073168  0.004691
   scf:    6     -640.842457     -640.842457     -640.911769  0.000444 -6.073990  0.001960
   scf:    7     -640.842459     -640.842459     -640.911770  0.000408 -6.074257  0.000293
   scf:    8     -640.842458     -640.842458     -640.911770  0.000053 -6.074280  0.000334

SCF Convergence by DM+H criterion
max |DM_out - DM_in|         :     0.0000525770
max |H_out - H_in|      (eV) :     0.0003338093
SCF cycle converged after 8 iterations

Using DM_out to compute the final energy and forces
No. of atoms with KB's overlaping orbs in proc 0. Max # of overlaps:       4      48

siesta: E_KS(eV) =             -640.8425

siesta: Atomic forces (eV/Ang):
----------------------------------------
   Tot   -0.000383    0.000176    0.001043
----------------------------------------
   Max    0.187006
   Res    0.074560    sqrt( Sum f_i^2 / 3N )
----------------------------------------
   Max    0.187006    constrained

Stress tensor Voigt[x,y,z,yz,xz,xy] (kbar):        0.02       -0.00        0.17       -0.02        0.07       -0.01
(Free)E + p*V (eV/cell)     -640.9693
Target enthalpy (eV/cell)     -640.9118

siesta: Stress tensor (static) (eV/Ang**3):
         0.000014   -0.000003    0.000042
        -0.000003   -0.000000   -0.000011
         0.000042   -0.000011    0.000109

siesta: Pressure (static):         -0.06523490  kBar

siesta: Stress tensor (total) (eV/Ang**3):
         0.000014   -0.000003    0.000042
        -0.000003   -0.000000   -0.000011
         0.000042   -0.000011    0.000109

siesta: Pressure (total):         -0.06523490  kBar

                     ====================================
                        Begin CG opt. move =    107
                     ====================================
k-point displ. along   3 input, could be:     0.00    0.50
 Kpoints in:          480 . Kpoints trimmed:          458

siesta: k-grid: Number of k-points = 458
siesta: k-points from Monkhorst-Pack grid
siesta: k-cutoff (effective) =    23.406 Ang
siesta: k-point supercell and displacements
siesta: k-grid:    15     0     0      0.000
siesta: k-grid:     0    15     0      0.000
siesta: k-grid:     0     0     4      0.000

outcell: Unit cell vectors (Ang):
       10.944449   -0.142047   -0.005312
       -0.144460   11.023797    0.000868
       -0.006573    0.001057   11.702757

outcell: Cell vector modules (Ang)   :   10.945372   11.024744   11.702759
outcell: Cell angles (23,13,12) (deg):     89.9899     90.0601     91.4944
outcell: Cell volume (Ang**3)        :   1411.6899
<dSpData1D:S at geom step 107
  <sparsity:sparsity for geom step 107
    nrows_g=52 nrows=52 sparsity=.9882 nnzs=2672, refcount: 7>
  <dData1D:(new from dSpData1D) n=2672, refcount: 1>
refcount: 1>
new_DM -- step:   108
Re-using DM from previous geometries...
Number of DMs in history: 1
 DM extrapolation coefficients: 
1   1.00000
New DM after history re-use:
<dSpData2D:SpM extrapolated using coords
  <sparsity:sparsity for geom step 107
    nrows_g=52 nrows=52 sparsity=.9882 nnzs=2672, refcount: 9>
  <dData2D:(temp array for extrapolation) n=2672 m=1, refcount: 1>
refcount: 1>
No. of atoms with KB's overlaping orbs in proc 0. Max # of overlaps:       4      48

InitMesh: MESH = 120 x 120 x 128 = 1843200
InitMesh: Mesh cutoff (required, used) =   300.000   327.660 Ry
New grid distribution [1]: sub = 2

        iscf     Eharris(eV)        E_KS(eV)     FreeEng(eV)     dDmax    Ef(eV) dHmax(eV)
   scf:    1     -640.841023     -640.842454     -640.911767  0.000617 -6.074584  0.008730
   scf:    2     -640.842085     -640.842344     -640.911649  0.002150 -6.074165  0.043110
   scf:    3     -640.842472     -640.842460     -640.911772  0.001790 -6.074501  0.001251
   scf:    4     -640.842461     -640.842461     -640.911772  0.000086 -6.074417  0.000410

SCF Convergence by DM+H criterion
max |DM_out - DM_in|         :     0.0000857537
max |H_out - H_in|      (eV) :     0.0004096094
SCF cycle converged after 4 iterations

Using DM_out to compute the final energy and forces
No. of atoms with KB's overlaping orbs in proc 0. Max # of overlaps:       4      48

siesta: E_KS(eV) =             -640.8425

siesta: Atomic forces (eV/Ang):
----------------------------------------
   Tot   -0.000368    0.000158    0.001041
----------------------------------------
   Max    0.179063
   Res    0.071427    sqrt( Sum f_i^2 / 3N )
----------------------------------------
   Max    0.179063    constrained

Stress tensor Voigt[x,y,z,yz,xz,xy] (kbar):        0.02       -0.00        0.15       -0.01        0.06       -0.00
(Free)E + p*V (eV/cell)     -640.9615
Target enthalpy (eV/cell)     -640.9118

siesta: Stress tensor (static) (eV/Ang**3):
         0.000012   -0.000003    0.000037
        -0.000003   -0.000001   -0.000009
         0.000037   -0.000009    0.000094

siesta: Pressure (static):         -0.05640968  kBar

siesta: Stress tensor (total) (eV/Ang**3):
         0.000012   -0.000003    0.000037
        -0.000003   -0.000001   -0.000009
         0.000037   -0.000009    0.000094

siesta: Pressure (total):         -0.05640968  kBar

cgvc: Finished line minimization   35.  Mean atomic displacement =    0.0127

                     ====================================
                        Begin CG opt. move =    108
                     ====================================
k-point displ. along   3 input, could be:     0.00    0.50
 Kpoints in:          480 . Kpoints trimmed:          458

siesta: k-grid: Number of k-points = 458
siesta: k-points from Monkhorst-Pack grid
siesta: k-cutoff (effective) =    23.415 Ang
siesta: k-point supercell and displacements
siesta: k-grid:    15     0     0      0.000
siesta: k-grid:     0    15     0      0.000
siesta: k-grid:     0     0     4      0.000

outcell: Unit cell vectors (Ang):
       10.944602   -0.142812   -0.004088
       -0.145238   11.023466    0.000169
       -0.005059    0.000205   11.707267

outcell: Cell vector modules (Ang)   :   10.945535   11.024423   11.707268
outcell: Cell angles (23,13,12) (deg):     89.9978     90.0462     91.5024
outcell: Cell volume (Ang**3)        :   1412.2089
<dSpData1D:S at geom step 108
  <sparsity:sparsity for geom step 108
    nrows_g=52 nrows=52 sparsity=.9882 nnzs=2672, refcount: 7>
  <dData1D:(new from dSpData1D) n=2672, refcount: 1>
refcount: 1>
new_DM -- step:   109
Re-using DM from previous geometries...
Number of DMs in history: 1
 DM extrapolation coefficients: 
1   1.00000
New DM after history re-use:
<dSpData2D:SpM extrapolated using coords
  <sparsity:sparsity for geom step 108
    nrows_g=52 nrows=52 sparsity=.9882 nnzs=2672, refcount: 9>
  <dData2D:(temp array for extrapolation) n=2672 m=1, refcount: 1>
refcount: 1>
No. of atoms with KB's overlaping orbs in proc 0. Max # of overlaps:       4      48

InitMesh: MESH = 120 x 120 x 128 = 1843200
InitMesh: Mesh cutoff (required, used) =   300.000   327.681 Ry
New grid distribution [1]: sub = 2

        iscf     Eharris(eV)        E_KS(eV)     FreeEng(eV)     dDmax    Ef(eV) dHmax(eV)
   scf:    1     -640.851561     -640.840498     -640.909811  0.013179 -6.054297  0.152471
   scf:    2     -640.676326     -640.790005     -640.859076  0.034101 -6.059457  0.890494
   scf:    3     -640.849471     -640.842621     -640.911934  0.029105 -6.055587  0.022246
   scf:    4     -640.842871     -640.842800     -640.912111  0.002371 -6.057028  0.017797
   scf:    5     -640.842813     -640.842811     -640.912122  0.000298 -6.057241  0.005087
   scf:    6     -640.842812     -640.842813     -640.912126  0.000515 -6.057882  0.002253
   scf:    7     -640.842815     -640.842814     -640.912126  0.000337 -6.058393  0.000822
   scf:    8     -640.842814     -640.842814     -640.912126  0.000029 -6.058381  0.000379

SCF Convergence by DM+H criterion
max |DM_out - DM_in|         :     0.0000294461
max |H_out - H_in|      (eV) :     0.0003789780
SCF cycle converged after 8 iterations

Using DM_out to compute the final energy and forces
No. of atoms with KB's overlaping orbs in proc 0. Max # of overlaps:       4      48

siesta: E_KS(eV) =             -640.8428

siesta: Atomic forces (eV/Ang):
----------------------------------------
   Tot   -0.000147    0.000268    0.001119
----------------------------------------
   Max    0.169782
   Res    0.094248    sqrt( Sum f_i^2 / 3N )
----------------------------------------
   Max    0.169782    constrained

Stress tensor Voigt[x,y,z,yz,xz,xy] (kbar):        0.04        0.02        0.53       -0.10        0.15       -0.03
(Free)E + p*V (eV/cell)     -641.0840
Target enthalpy (eV/cell)     -640.9121

siesta: Stress tensor (static) (eV/Ang**3):
         0.000027   -0.000016    0.000096
        -0.000016    0.000010   -0.000060
         0.000096   -0.000060    0.000328

siesta: Pressure (static):         -0.19494998  kBar

siesta: Stress tensor (total) (eV/Ang**3):
         0.000027   -0.000016    0.000096
        -0.000016    0.000010   -0.000060
         0.000096   -0.000060    0.000328

siesta: Pressure (total):         -0.19494998  kBar

                     ====================================
                        Begin CG opt. move =    109
                     ====================================
k-point displ. along   3 input, could be:     0.00    0.50
 Kpoints in:          480 . Kpoints trimmed:          458

siesta: k-grid: Number of k-points = 458
siesta: k-points from Monkhorst-Pack grid
siesta: k-cutoff (effective) =    23.412 Ang
siesta: k-point supercell and displacements
siesta: k-grid:    15     0     0      0.000
siesta: k-grid:     0    15     0      0.000
siesta: k-grid:     0     0     4      0.000

outcell: Unit cell vectors (Ang):
       10.944563   -0.142616   -0.004401
       -0.145039   11.023551    0.000347
       -0.005446    0.000423   11.706114

outcell: Cell vector modules (Ang)   :   10.945493   11.024505   11.706116
outcell: Cell angles (23,13,12) (deg):     89.9958     90.0497     91.5004
outcell: Cell volume (Ang**3)        :   1412.0763
<dSpData1D:S at geom step 109
  <sparsity:sparsity for geom step 109
    nrows_g=52 nrows=52 sparsity=.9882 nnzs=2672, refcount: 7>
  <dData1D:(new from dSpData1D) n=2672, refcount: 1>
refcount: 1>
new_DM -- step:   110
Re-using DM from previous geometries...
Number of DMs in history: 1
 DM extrapolation coefficients: 
1   1.00000
New DM after history re-use:
<dSpData2D:SpM extrapolated using coords
  <sparsity:sparsity for geom step 109
    nrows_g=52 nrows=52 sparsity=.9882 nnzs=2672, refcount: 9>
  <dData2D:(temp array for extrapolation) n=2672 m=1, refcount: 1>
refcount: 1>
No. of atoms with KB's overlaping orbs in proc 0. Max # of overlaps:       4      48

InitMesh: MESH = 120 x 120 x 128 = 1843200
InitMesh: Mesh cutoff (required, used) =   300.000   327.676 Ry
New grid distribution [1]: sub = 2

        iscf     Eharris(eV)        E_KS(eV)     FreeEng(eV)     dDmax    Ef(eV) dHmax(eV)
   scf:    1     -640.838771     -640.842735     -640.912048  0.003325 -6.063490  0.037797
   scf:    2     -640.833313     -640.839843     -640.909155  0.005945 -6.061640  0.216095
   scf:    3     -640.843293     -640.842864     -640.912177  0.004980 -6.063158  0.005305
   scf:    4     -640.842881     -640.842876     -640.912188  0.000535 -6.062769  0.001830
   scf:    5     -640.842876     -640.842876     -640.912188  0.000035 -6.062717  0.001599
   scf:    6     -640.842876     -640.842876     -640.912188  0.000052 -6.062557  0.000628

SCF Convergence by DM+H criterion
max |DM_out - DM_in|         :     0.0000517344
max |H_out - H_in|      (eV) :     0.0006278187
SCF cycle converged after 6 iterations

Using DM_out to compute the final energy and forces
No. of atoms with KB's overlaping orbs in proc 0. Max # of overlaps:       4      48

siesta: E_KS(eV) =             -640.8429

siesta: Atomic forces (eV/Ang):
----------------------------------------
   Tot   -0.000242    0.000290    0.001027
----------------------------------------
   Max    0.149225
   Res    0.067301    sqrt( Sum f_i^2 / 3N )
----------------------------------------
   Max    0.149225    constrained

Stress tensor Voigt[x,y,z,yz,xz,xy] (kbar):        0.04        0.01        0.43       -0.08        0.13       -0.02
(Free)E + p*V (eV/cell)     -641.0525
Target enthalpy (eV/cell)     -640.9122

siesta: Stress tensor (static) (eV/Ang**3):
         0.000023   -0.000012    0.000081
        -0.000012    0.000007   -0.000047
         0.000081   -0.000047    0.000268

siesta: Pressure (static):         -0.15915039  kBar

siesta: Stress tensor (total) (eV/Ang**3):
         0.000023   -0.000012    0.000081
        -0.000012    0.000007   -0.000047
         0.000081   -0.000047    0.000268

siesta: Pressure (total):         -0.15915039  kBar

cgvc: Finished line minimization   36.  Mean atomic displacement =    0.0095

                     ====================================
                        Begin CG opt. move =    110
                     ====================================
k-point displ. along   3 input, could be:     0.00    0.50
 Kpoints in:          480 . Kpoints trimmed:          458

siesta: k-grid: Number of k-points = 458
siesta: k-points from Monkhorst-Pack grid
siesta: k-cutoff (effective) =    23.411 Ang
siesta: k-point supercell and displacements
siesta: k-grid:    15     0     0      0.000
siesta: k-grid:     0    15     0      0.000
siesta: k-grid:     0     0     4      0.000

outcell: Unit cell vectors (Ang):
       10.944405   -0.142999   -0.004482
       -0.145429   11.023239    0.000415
       -0.005546    0.000506   11.705428

outcell: Cell vector modules (Ang)   :   10.945340   11.024199   11.705430
outcell: Cell angles (23,13,12) (deg):     89.9950     90.0506     91.5044
outcell: Cell volume (Ang**3)        :   1411.9319
<dSpData1D:S at geom step 110
  <sparsity:sparsity for geom step 110
    nrows_g=52 nrows=52 sparsity=.9882 nnzs=2672, refcount: 7>
  <dData1D:(new from dSpData1D) n=2672, refcount: 1>
refcount: 1>
new_DM -- step:   111
Re-using DM from previous geometries...
Number of DMs in history: 1
 DM extrapolation coefficients: 
1   1.00000
New DM after history re-use:
<dSpData2D:SpM extrapolated using coords
  <sparsity:sparsity for geom step 110
    nrows_g=52 nrows=52 sparsity=.9882 nnzs=2672, refcount: 9>
  <dData2D:(temp array for extrapolation) n=2672 m=1, refcount: 1>
refcount: 1>
No. of atoms with KB's overlaping orbs in proc 0. Max # of overlaps:       4      48

InitMesh: MESH = 120 x 120 x 128 = 1843200
InitMesh: Mesh cutoff (required, used) =   300.000   327.695 Ry
New grid distribution [1]: sub = 2

        iscf     Eharris(eV)        E_KS(eV)     FreeEng(eV)     dDmax    Ef(eV) dHmax(eV)
   scf:    1     -640.833785     -640.841490     -640.910805  0.009720 -6.071169  0.154513
   scf:    2     -640.683907     -640.792766     -640.861963  0.027360 -6.067782  0.863921
   scf:    3     -640.850353     -640.843316     -640.912629  0.023384 -6.070823  0.015101
   scf:    4     -640.843446     -640.843402     -640.912715  0.001435 -6.070425  0.009487
   scf:    5     -640.843411     -640.843409     -640.912721  0.000252 -6.070313  0.001983
   scf:    6     -640.843407     -640.843409     -640.912722  0.000513 -6.070018  0.000888
   scf:    7     -640.843411     -640.843410     -640.912723  0.000385 -6.069945  0.000428
   scf:    8     -640.843410     -640.843410     -640.912723  0.000011 -6.069936  0.000224

SCF Convergence by DM+H criterion
max |DM_out - DM_in|         :     0.0000113933
max |H_out - H_in|      (eV) :     0.0002239011
SCF cycle converged after 8 iterations

Using DM_out to compute the final energy and forces
No. of atoms with KB's overlaping orbs in proc 0. Max # of overlaps:       4      48

siesta: E_KS(eV) =             -640.8434

siesta: Atomic forces (eV/Ang):
----------------------------------------
   Tot   -0.000082    0.000374    0.000946
----------------------------------------
   Max    0.139137
   Res    0.055658    sqrt( Sum f_i^2 / 3N )
----------------------------------------
   Max    0.139137    constrained

Stress tensor Voigt[x,y,z,yz,xz,xy] (kbar):        0.02        0.01        0.30       -0.06        0.09       -0.02
(Free)E + p*V (eV/cell)     -641.0094
Target enthalpy (eV/cell)     -640.9127

siesta: Stress tensor (static) (eV/Ang**3):
         0.000014   -0.000009    0.000053
        -0.000009    0.000006   -0.000038
         0.000053   -0.000038    0.000186

siesta: Pressure (static):         -0.10969850  kBar

siesta: Stress tensor (total) (eV/Ang**3):
         0.000014   -0.000009    0.000053
        -0.000009    0.000006   -0.000038
         0.000053   -0.000038    0.000186

siesta: Pressure (total):         -0.10969850  kBar

                     ====================================
                        Begin CG opt. move =    111
                     ====================================
k-point displ. along   3 input, could be:     0.00    0.50
 Kpoints in:          480 . Kpoints trimmed:          458

siesta: k-grid: Number of k-points = 458
siesta: k-points from Monkhorst-Pack grid
siesta: k-cutoff (effective) =    23.409 Ang
siesta: k-point supercell and displacements
siesta: k-grid:    15     0     0      0.000
siesta: k-grid:     0    15     0      0.000
siesta: k-grid:     0     0     4      0.000

outcell: Unit cell vectors (Ang):
       10.944153   -0.143612   -0.004610
       -0.146052   11.022741    0.000524
       -0.005705    0.000638   11.704331

outcell: Cell vector modules (Ang)   :   10.945096   11.023709   11.704332
outcell: Cell angles (23,13,12) (deg):     89.9938     90.0521     91.5109
outcell: Cell volume (Ang**3)        :   1411.7010
<dSpData1D:S at geom step 111
  <sparsity:sparsity for geom step 111
    nrows_g=52 nrows=52 sparsity=.9882 nnzs=2672, refcount: 7>
  <dData1D:(new from dSpData1D) n=2672, refcount: 1>
refcount: 1>
new_DM -- step:   112
Re-using DM from previous geometries...
Number of DMs in history: 1
 DM extrapolation coefficients: 
1   1.00000
New DM after history re-use:
<dSpData2D:SpM extrapolated using coords
  <sparsity:sparsity for geom step 111
    nrows_g=52 nrows=52 sparsity=.9882 nnzs=2672, refcount: 9>
  <dData2D:(temp array for extrapolation) n=2672 m=1, refcount: 1>
refcount: 1>
No. of atoms with KB's overlaping orbs in proc 0. Max # of overlaps:       4      48

InitMesh: MESH = 120 x 120 x 128 = 1843200
InitMesh: Mesh cutoff (required, used) =   300.000   327.726 Ry
New grid distribution [1]: sub = 2

        iscf     Eharris(eV)        E_KS(eV)     FreeEng(eV)     dDmax    Ef(eV) dHmax(eV)
   scf:    1     -640.823485     -640.838040     -640.907353  0.016222 -6.083076  0.245805
   scf:    2     -640.435417     -640.713516     -640.782609  0.044006 -6.075629  1.380961
   scf:    3     -640.860617     -640.842718     -640.912033  0.037782 -6.082457  0.024998
   scf:    4     -640.843052     -640.842914     -640.912228  0.001590 -6.082026  0.013906
   scf:    5     -640.842991     -640.842968     -640.912281  0.001175 -6.081659  0.003284
   scf:    6     -640.842962     -640.842967     -640.912282  0.000970 -6.081180  0.001674
   scf:    7     -640.842971     -640.842969     -640.912283  0.000256 -6.081171  0.000723
   scf:    8     -640.842971     -640.842971     -640.912284  0.000452 -6.081077  0.000360
   scf:    9     -640.842970     -640.842971     -640.912284  0.000085 -6.081067  0.000115

SCF Convergence by DM+H criterion
max |DM_out - DM_in|         :     0.0000852234
max |H_out - H_in|      (eV) :     0.0001153043
SCF cycle converged after 9 iterations

Using DM_out to compute the final energy and forces
No. of atoms with KB's overlaping orbs in proc 0. Max # of overlaps:       4      48

siesta: E_KS(eV) =             -640.8430

siesta: Atomic forces (eV/Ang):
----------------------------------------
   Tot    0.000244    0.000453    0.001083
----------------------------------------
   Max    0.393786
   Res    0.160356    sqrt( Sum f_i^2 / 3N )
----------------------------------------
   Max    0.393786    constrained

Stress tensor Voigt[x,y,z,yz,xz,xy] (kbar):        0.00        0.01        0.10       -0.03        0.02       -0.01
(Free)E + p*V (eV/cell)     -640.9439
Target enthalpy (eV/cell)     -640.9123

siesta: Stress tensor (static) (eV/Ang**3):
         0.000001   -0.000004    0.000014
        -0.000004    0.000004   -0.000021
         0.000014   -0.000021    0.000063

siesta: Pressure (static):         -0.03592804  kBar

siesta: Stress tensor (total) (eV/Ang**3):
         0.000001   -0.000004    0.000014
        -0.000004    0.000004   -0.000021
         0.000014   -0.000021    0.000063

siesta: Pressure (total):         -0.03592804  kBar

                     ====================================
                        Begin CG opt. move =    112
                     ====================================
k-point displ. along   3 input, could be:     0.00    0.50
 Kpoints in:          480 . Kpoints trimmed:          458

siesta: k-grid: Number of k-points = 458
siesta: k-points from Monkhorst-Pack grid
siesta: k-cutoff (effective) =    23.410 Ang
siesta: k-point supercell and displacements
siesta: k-grid:    15     0     0      0.000
siesta: k-grid:     0    15     0      0.000
siesta: k-grid:     0     0     4      0.000

outcell: Unit cell vectors (Ang):
       10.944349   -0.143136   -0.004510
       -0.145568   11.023128    0.000440
       -0.005581    0.000535   11.705183

outcell: Cell vector modules (Ang)   :   10.945286   11.024089   11.705185
outcell: Cell angles (23,13,12) (deg):     89.9947     90.0510     91.5059
outcell: Cell volume (Ang**3)        :   1411.8804
<dSpData1D:S at geom step 112
  <sparsity:sparsity for geom step 112
    nrows_g=52 nrows=52 sparsity=.9882 nnzs=2672, refcount: 7>
  <dData1D:(new from dSpData1D) n=2672, refcount: 1>
refcount: 1>
new_DM -- step:   113
Re-using DM from previous geometries...
Number of DMs in history: 1
 DM extrapolation coefficients: 
1   1.00000
New DM after history re-use:
<dSpData2D:SpM extrapolated using coords
  <sparsity:sparsity for geom step 112
    nrows_g=52 nrows=52 sparsity=.9882 nnzs=2672, refcount: 9>
  <dData2D:(temp array for extrapolation) n=2672 m=1, refcount: 1>
refcount: 1>
No. of atoms with KB's overlaping orbs in proc 0. Max # of overlaps:       4      48

InitMesh: MESH = 120 x 120 x 128 = 1843200
InitMesh: Mesh cutoff (required, used) =   300.000   327.702 Ry
New grid distribution [1]: sub = 2

        iscf     Eharris(eV)        E_KS(eV)     FreeEng(eV)     dDmax    Ef(eV) dHmax(eV)
   scf:    1     -640.840018     -640.840420     -640.909723  0.012437 -6.070903  0.191640
   scf:    2     -640.605761     -640.768074     -640.837305  0.031543 -6.071377  1.063549
   scf:    3     -640.854528     -640.843304     -640.912618  0.026197 -6.071433  0.019496
   scf:    4     -640.843500     -640.843421     -640.912734  0.001175 -6.071805  0.008167
   scf:    5     -640.843459     -640.843447     -640.912760  0.000704 -6.072049  0.002191
   scf:    6     -640.843450     -640.843449     -640.912762  0.000169 -6.072425  0.001079
   scf:    7     -640.843449     -640.843449     -640.912762  0.000025 -6.072500  0.000610

SCF Convergence by DM+H criterion
max |DM_out - DM_in|         :     0.0000254327
max |H_out - H_in|      (eV) :     0.0006096214
SCF cycle converged after 7 iterations

Using DM_out to compute the final energy and forces
No. of atoms with KB's overlaping orbs in proc 0. Max # of overlaps:       4      48

siesta: E_KS(eV) =             -640.8434

siesta: Atomic forces (eV/Ang):
----------------------------------------
   Tot    0.000018    0.000406    0.000997
----------------------------------------
   Max    0.156213
   Res    0.073998    sqrt( Sum f_i^2 / 3N )
----------------------------------------
   Max    0.156213    constrained

Stress tensor Voigt[x,y,z,yz,xz,xy] (kbar):        0.02        0.01        0.25       -0.06        0.07       -0.01
(Free)E + p*V (eV/cell)     -640.9942
Target enthalpy (eV/cell)     -640.9128

siesta: Stress tensor (static) (eV/Ang**3):
         0.000011   -0.000008    0.000044
        -0.000008    0.000006   -0.000035
         0.000044   -0.000034    0.000157

siesta: Pressure (static):         -0.09238401  kBar

siesta: Stress tensor (total) (eV/Ang**3):
         0.000011   -0.000008    0.000044
        -0.000008    0.000006   -0.000035
         0.000044   -0.000034    0.000157

siesta: Pressure (total):         -0.09238401  kBar

cgvc: Finished line minimization   37.  Mean atomic displacement =    0.0128

                     ====================================
                        Begin CG opt. move =    113
                     ====================================
k-point displ. along   3 input, could be:     0.00    0.50
 Kpoints in:          480 . Kpoints trimmed:          458

siesta: k-grid: Number of k-points = 458
siesta: k-points from Monkhorst-Pack grid
siesta: k-cutoff (effective) =    23.403 Ang
siesta: k-point supercell and displacements
siesta: k-grid:    15     0     0      0.000
siesta: k-grid:     0    15     0      0.000
siesta: k-grid:     0     0     4      0.000

outcell: Unit cell vectors (Ang):
       10.944005   -0.143512   -0.005199
       -0.145950   11.022655    0.000993
       -0.006434    0.001209   11.701738

outcell: Cell vector modules (Ang)   :   10.944947   11.023621   11.701740
outcell: Cell angles (23,13,12) (deg):     89.9885     90.0588     91.5099
outcell: Cell volume (Ang**3)        :   1411.3584
<dSpData1D:S at geom step 113
  <sparsity:sparsity for geom step 113
    nrows_g=52 nrows=52 sparsity=.9882 nnzs=2672, refcount: 7>
  <dData1D:(new from dSpData1D) n=2672, refcount: 1>
refcount: 1>
new_DM -- step:   114
Re-using DM from previous geometries...
Number of DMs in history: 1
 DM extrapolation coefficients: 
1   1.00000
New DM after history re-use:
<dSpData2D:SpM extrapolated using coords
  <sparsity:sparsity for geom step 113
    nrows_g=52 nrows=52 sparsity=.9882 nnzs=2672, refcount: 9>
  <dData2D:(temp array for extrapolation) n=2672 m=1, refcount: 1>
refcount: 1>
No. of atoms with KB's overlaping orbs in proc 0. Max # of overlaps:       4      48

InitMesh: MESH = 120 x 120 x 128 = 1843200
InitMesh: Mesh cutoff (required, used) =   300.000   327.731 Ry
New grid distribution [1]: sub = 2

        iscf     Eharris(eV)        E_KS(eV)     FreeEng(eV)     dDmax    Ef(eV) dHmax(eV)
   scf:    1     -640.822522     -640.842940     -640.912253  0.014570 -6.081706  0.097691
   scf:    2     -640.798098     -640.829703     -640.898906  0.016811 -6.075918  0.451542
   scf:    3     -640.845838     -640.844030     -640.913344  0.013628 -6.080629  0.021015
   scf:    4     -640.844269     -640.844189     -640.913502  0.001829 -6.079507  0.008717
   scf:    5     -640.844190     -640.844190     -640.913503  0.000063 -6.079460  0.006867
   scf:    6     -640.844199     -640.844197     -640.913511  0.000448 -6.078600  0.002343
   scf:    7     -640.844199     -640.844198     -640.913512  0.000330 -6.078143  0.000371
   scf:    8     -640.844198     -640.844198     -640.913512  0.000040 -6.078133  0.000363

SCF Convergence by DM+H criterion
max |DM_out - DM_in|         :     0.0000396213
max |H_out - H_in|      (eV) :     0.0003630078
SCF cycle converged after 8 iterations

Using DM_out to compute the final energy and forces
No. of atoms with KB's overlaping orbs in proc 0. Max # of overlaps:       4      48

siesta: E_KS(eV) =             -640.8442

siesta: Atomic forces (eV/Ang):
----------------------------------------
   Tot    0.000211    0.000472    0.001332
----------------------------------------
   Max    0.092439
   Res    0.041479    sqrt( Sum f_i^2 / 3N )
----------------------------------------
   Max    0.092439    constrained

Stress tensor Voigt[x,y,z,yz,xz,xy] (kbar):       -0.02       -0.01       -0.10        0.02       -0.03        0.01
(Free)E + p*V (eV/cell)     -640.8766
Target enthalpy (eV/cell)     -640.9135

siesta: Stress tensor (static) (eV/Ang**3):
        -0.000009    0.000005   -0.000022
         0.000005   -0.000004    0.000010
        -0.000022    0.000010   -0.000065

siesta: Pressure (static):          0.04189527  kBar

siesta: Stress tensor (total) (eV/Ang**3):
        -0.000009    0.000005   -0.000022
         0.000005   -0.000004    0.000010
        -0.000022    0.000010   -0.000065

siesta: Pressure (total):          0.04189527  kBar

                     ====================================
                        Begin CG opt. move =    114
                     ====================================
k-point displ. along   3 input, could be:     0.00    0.50
 Kpoints in:          480 . Kpoints trimmed:          458

siesta: k-grid: Number of k-points = 458
siesta: k-points from Monkhorst-Pack grid
siesta: k-cutoff (effective) =    23.392 Ang
siesta: k-point supercell and displacements
siesta: k-grid:    15     0     0      0.000
siesta: k-grid:     0    15     0      0.000
siesta: k-grid:     0     0     4      0.000

outcell: Unit cell vectors (Ang):
       10.943455   -0.144113   -0.006301
       -0.146561   11.021897    0.001879
       -0.007797    0.002286   11.696225

outcell: Cell vector modules (Ang)   :   10.944406   11.022871   11.696228
outcell: Cell angles (23,13,12) (deg):     89.9785     90.0713     91.5163
outcell: Cell volume (Ang**3)        :   1410.5234
<dSpData1D:S at geom step 114
  <sparsity:sparsity for geom step 114
    nrows_g=52 nrows=52 sparsity=.9882 nnzs=2672, refcount: 7>
  <dData1D:(new from dSpData1D) n=2672, refcount: 1>
refcount: 1>
new_DM -- step:   115
Re-using DM from previous geometries...
Number of DMs in history: 1
 DM extrapolation coefficients: 
1   1.00000
New DM after history re-use:
<dSpData2D:SpM extrapolated using coords
  <sparsity:sparsity for geom step 114
    nrows_g=52 nrows=52 sparsity=.9882 nnzs=2672, refcount: 9>
  <dData2D:(temp array for extrapolation) n=2672 m=1, refcount: 1>
refcount: 1>
No. of atoms with KB's overlaping orbs in proc 0. Max # of overlaps:       4      48

InitMesh: MESH = 120 x 120 x 128 = 1843200
InitMesh: Mesh cutoff (required, used) =   300.000   327.778 Ry
New grid distribution [1]: sub = 2

        iscf     Eharris(eV)        E_KS(eV)     FreeEng(eV)     dDmax    Ef(eV) dHmax(eV)
   scf:    1     -640.809407     -640.841025     -640.910335  0.023064 -6.090785  0.147856
   scf:    2     -640.736969     -640.810440     -640.879570  0.026098 -6.081400  0.681307
   scf:    3     -640.847921     -640.843708     -640.913022  0.021167 -6.089168  0.033029
   scf:    4     -640.844290     -640.844114     -640.913428  0.003008 -6.087427  0.015460
   scf:    5     -640.844123     -640.844119     -640.913433  0.000106 -6.087389  0.012591
   scf:    6     -640.844139     -640.844134     -640.913449  0.000583 -6.086201  0.003315
   scf:    7     -640.844136     -640.844136     -640.913450  0.000510 -6.085562  0.001054
   scf:    8     -640.844137     -640.844136     -640.913451  0.000107 -6.085556  0.000462
   scf:    9     -640.844136     -640.844136     -640.913451  0.000228 -6.085543  0.000226
   scf:   10     -640.844136     -640.844136     -640.913451  0.000005 -6.085547  0.000204

SCF Convergence by DM+H criterion
max |DM_out - DM_in|         :     0.0000051119
max |H_out - H_in|      (eV) :     0.0002042571
SCF cycle converged after 10 iterations

Using DM_out to compute the final energy and forces
No. of atoms with KB's overlaping orbs in proc 0. Max # of overlaps:       4      48

siesta: E_KS(eV) =             -640.8441

siesta: Atomic forces (eV/Ang):
----------------------------------------
   Tot    0.000158    0.000459    0.001567
----------------------------------------
   Max    0.210067
   Res    0.077880    sqrt( Sum f_i^2 / 3N )
----------------------------------------
   Max    0.210067    constrained

Stress tensor Voigt[x,y,z,yz,xz,xy] (kbar):       -0.07       -0.03       -0.64        0.12       -0.20        0.04
(Free)E + p*V (eV/cell)     -640.6992
Target enthalpy (eV/cell)     -640.9135

siesta: Stress tensor (static) (eV/Ang**3):
        -0.000041    0.000024   -0.000123
         0.000024   -0.000016    0.000075
        -0.000123    0.000075   -0.000399

siesta: Pressure (static):          0.24339738  kBar

siesta: Stress tensor (total) (eV/Ang**3):
        -0.000041    0.000024   -0.000123
         0.000024   -0.000016    0.000075
        -0.000123    0.000075   -0.000399

siesta: Pressure (total):          0.24339738  kBar

                     ====================================
                        Begin CG opt. move =    115
                     ====================================
k-point displ. along   3 input, could be:     0.00    0.50
 Kpoints in:          480 . Kpoints trimmed:          458

siesta: k-grid: Number of k-points = 458
siesta: k-points from Monkhorst-Pack grid
siesta: k-cutoff (effective) =    23.398 Ang
siesta: k-point supercell and displacements
siesta: k-grid:    15     0     0      0.000
siesta: k-grid:     0    15     0      0.000
siesta: k-grid:     0     0     4      0.000

outcell: Unit cell vectors (Ang):
       10.943726   -0.143817   -0.005758
       -0.146260   11.022270    0.001443
       -0.007126    0.001756   11.698939

outcell: Cell vector modules (Ang)   :   10.944673   11.023240   11.698941
outcell: Cell angles (23,13,12) (deg):     89.9834     90.0652     91.5132
outcell: Cell volume (Ang**3)        :   1410.9345
<dSpData1D:S at geom step 115
  <sparsity:sparsity for geom step 115
    nrows_g=52 nrows=52 sparsity=.9882 nnzs=2672, refcount: 7>
  <dData1D:(new from dSpData1D) n=2672, refcount: 1>
refcount: 1>
new_DM -- step:   116
Re-using DM from previous geometries...
Number of DMs in history: 1
 DM extrapolation coefficients: 
1   1.00000
New DM after history re-use:
<dSpData2D:SpM extrapolated using coords
  <sparsity:sparsity for geom step 115
    nrows_g=52 nrows=52 sparsity=.9882 nnzs=2672, refcount: 9>
  <dData2D:(temp array for extrapolation) n=2672 m=1, refcount: 1>
refcount: 1>
No. of atoms with KB's overlaping orbs in proc 0. Max # of overlaps:       4      48

InitMesh: MESH = 120 x 120 x 128 = 1843200
InitMesh: Mesh cutoff (required, used) =   300.000   327.755 Ry
New grid distribution [1]: sub = 2

        iscf     Eharris(eV)        E_KS(eV)     FreeEng(eV)     dDmax    Ef(eV) dHmax(eV)
   scf:    1     -640.856921     -640.843548     -640.912857  0.011739 -6.079694  0.074461
   scf:    2     -640.815652     -640.835321     -640.904585  0.013914 -6.082939  0.352352
   scf:    3     -640.845342     -640.844240     -640.913554  0.011208 -6.080472  0.016931
   scf:    4     -640.844397     -640.844338     -640.913652  0.001339 -6.081160  0.006223
   scf:    5     -640.844348     -640.844345     -640.913659  0.000404 -6.081562  0.005531
   scf:    6     -640.844348     -640.844347     -640.913661  0.000156 -6.081903  0.001582
   scf:    7     -640.844347     -640.844347     -640.913662  0.000224 -6.082237  0.000270
   scf:    8     -640.844348     -640.844347     -640.913662  0.000029 -6.082246  0.000320

SCF Convergence by DM+H criterion
max |DM_out - DM_in|         :     0.0000293299
max |H_out - H_in|      (eV) :     0.0003195367
SCF cycle converged after 8 iterations

Using DM_out to compute the final energy and forces
No. of atoms with KB's overlaping orbs in proc 0. Max # of overlaps:       4      48

siesta: E_KS(eV) =             -640.8443

siesta: Atomic forces (eV/Ang):
----------------------------------------
   Tot    0.000194    0.000467    0.001430
----------------------------------------
   Max    0.105780
   Res    0.049526    sqrt( Sum f_i^2 / 3N )
----------------------------------------
   Max    0.105780    constrained

Stress tensor Voigt[x,y,z,yz,xz,xy] (kbar):       -0.04       -0.02       -0.38        0.07       -0.12        0.02
(Free)E + p*V (eV/cell)     -640.7843
Target enthalpy (eV/cell)     -640.9137

siesta: Stress tensor (static) (eV/Ang**3):
        -0.000025    0.000015   -0.000074
         0.000015   -0.000011    0.000044
        -0.000074    0.000044   -0.000239

siesta: Pressure (static):          0.14693132  kBar

siesta: Stress tensor (total) (eV/Ang**3):
        -0.000025    0.000015   -0.000074
         0.000015   -0.000011    0.000044
        -0.000074    0.000044   -0.000239

siesta: Pressure (total):          0.14693132  kBar

cgvc: Finished line minimization   38.  Mean atomic displacement =    0.0233

                     ====================================
                        Begin CG opt. move =    116
                     ====================================
k-point displ. along   3 input, could be:     0.00    0.50
 Kpoints in:          480 . Kpoints trimmed:          458

siesta: k-grid: Number of k-points = 458
siesta: k-points from Monkhorst-Pack grid
siesta: k-cutoff (effective) =    23.406 Ang
siesta: k-point supercell and displacements
siesta: k-grid:    15     0     0      0.000
siesta: k-grid:     0    15     0      0.000
siesta: k-grid:     0     0     4      0.000

outcell: Unit cell vectors (Ang):
       10.944012   -0.144953   -0.004395
       -0.147416   11.021833    0.000839
       -0.005439    0.001021   11.703223

outcell: Cell vector modules (Ang)   :   10.944973   11.022819   11.703224
outcell: Cell angles (23,13,12) (deg):     89.9903     90.0497     91.5251
outcell: Cell volume (Ang**3)        :   1411.4284
<dSpData1D:S at geom step 116
  <sparsity:sparsity for geom step 116
    nrows_g=52 nrows=52 sparsity=.9882 nnzs=2672, refcount: 7>
  <dData1D:(new from dSpData1D) n=2672, refcount: 1>
refcount: 1>
new_DM -- step:   117
Re-using DM from previous geometries...
Number of DMs in history: 1
 DM extrapolation coefficients: 
1   1.00000
New DM after history re-use:
<dSpData2D:SpM extrapolated using coords
  <sparsity:sparsity for geom step 116
    nrows_g=52 nrows=52 sparsity=.9882 nnzs=2672, refcount: 9>
  <dData2D:(temp array for extrapolation) n=2672 m=1, refcount: 1>
refcount: 1>
No. of atoms with KB's overlaping orbs in proc 0. Max # of overlaps:       4      48

InitMesh: MESH = 120 x 120 x 128 = 1843200
InitMesh: Mesh cutoff (required, used) =   300.000   327.783 Ry
New grid distribution [1]: sub = 2

        iscf     Eharris(eV)        E_KS(eV)     FreeEng(eV)     dDmax    Ef(eV) dHmax(eV)
   scf:    1     -640.848727     -640.839360     -640.908674  0.026239 -6.042565  0.142895
   scf:    2     -640.739594     -640.810644     -640.879877  0.029403 -6.049310  0.639993
   scf:    3     -640.846932     -640.842638     -640.911953  0.023378 -6.044452  0.036236
   scf:    4     -640.843280     -640.843123     -640.912438  0.003587 -6.046212  0.023017
   scf:    5     -640.843140     -640.843136     -640.912451  0.000231 -6.046197  0.010505
   scf:    6     -640.843153     -640.843150     -640.912464  0.000519 -6.047118  0.005342
   scf:    7     -640.843152     -640.843152     -640.912466  0.000379 -6.047737  0.000775
   scf:    8     -640.843152     -640.843152     -640.912467  0.000087 -6.047766  0.000455

SCF Convergence by DM+H criterion
max |DM_out - DM_in|         :     0.0000865975
max |H_out - H_in|      (eV) :     0.0004548986
SCF cycle converged after 8 iterations

Using DM_out to compute the final energy and forces
No. of atoms with KB's overlaping orbs in proc 0. Max # of overlaps:       4      48

siesta: E_KS(eV) =             -640.8432

siesta: Atomic forces (eV/Ang):
----------------------------------------
   Tot    0.000224    0.000165    0.002021
----------------------------------------
   Max    0.600483
   Res    0.242282    sqrt( Sum f_i^2 / 3N )
----------------------------------------
   Max    0.600483    constrained

Stress tensor Voigt[x,y,z,yz,xz,xy] (kbar):       -0.00        0.00        0.10       -0.02        0.02       -0.00
(Free)E + p*V (eV/cell)     -640.9402
Target enthalpy (eV/cell)     -640.9125

siesta: Stress tensor (static) (eV/Ang**3):
        -0.000001   -0.000002    0.000011
        -0.000002    0.000000   -0.000013
         0.000012   -0.000013    0.000060

siesta: Pressure (static):         -0.03151166  kBar

siesta: Stress tensor (total) (eV/Ang**3):
        -0.000001   -0.000002    0.000011
        -0.000002    0.000000   -0.000013
         0.000012   -0.000013    0.000060

siesta: Pressure (total):         -0.03151166  kBar

                     ====================================
                        Begin CG opt. move =    117
                     ====================================
k-point displ. along   3 input, could be:     0.00    0.50
 Kpoints in:          480 . Kpoints trimmed:          458

siesta: k-grid: Number of k-points = 458
siesta: k-points from Monkhorst-Pack grid
siesta: k-cutoff (effective) =    23.400 Ang
siesta: k-point supercell and displacements
siesta: k-grid:    15     0     0      0.000
siesta: k-grid:     0    15     0      0.000
siesta: k-grid:     0     0     4      0.000

outcell: Unit cell vectors (Ang):
       10.943802   -0.144119   -0.005396
       -0.146567   11.022154    0.001282
       -0.006678    0.001560   11.700077

outcell: Cell vector modules (Ang)   :   10.944752   11.023128   11.700079
outcell: Cell angles (23,13,12) (deg):     89.9853     90.0611     91.5163
outcell: Cell volume (Ang**3)        :   1411.0656
<dSpData1D:S at geom step 117
  <sparsity:sparsity for geom step 117
    nrows_g=52 nrows=52 sparsity=.9882 nnzs=2672, refcount: 7>
  <dData1D:(new from dSpData1D) n=2672, refcount: 1>
refcount: 1>
new_DM -- step:   118
Re-using DM from previous geometries...
Number of DMs in history: 1
 DM extrapolation coefficients: 
1   1.00000
New DM after history re-use:
<dSpData2D:SpM extrapolated using coords
  <sparsity:sparsity for geom step 117
    nrows_g=52 nrows=52 sparsity=.9882 nnzs=2672, refcount: 9>
  <dData2D:(temp array for extrapolation) n=2672 m=1, refcount: 1>
refcount: 1>
No. of atoms with KB's overlaping orbs in proc 0. Max # of overlaps:       4      48

InitMesh: MESH = 120 x 120 x 128 = 1843200
InitMesh: Mesh cutoff (required, used) =   300.000   327.762 Ry
New grid distribution [1]: sub = 2

        iscf     Eharris(eV)        E_KS(eV)     FreeEng(eV)     dDmax    Ef(eV) dHmax(eV)
   scf:    1     -640.831631     -640.842439     -640.911749  0.019513 -6.077111  0.112779
   scf:    2     -640.782286     -640.824997     -640.894259  0.024661 -6.069284  0.492687
   scf:    3     -640.846773     -640.844280     -640.913595  0.019616 -6.075662  0.027132
   scf:    4     -640.844673     -640.844527     -640.913842  0.002309 -6.074651  0.012542
   scf:    5     -640.844557     -640.844547     -640.913862  0.000549 -6.074220  0.009382
   scf:    6     -640.844554     -640.844553     -640.913867  0.000204 -6.073683  0.004079
   scf:    7     -640.844554     -640.844554     -640.913869  0.000209 -6.073212  0.000398
   scf:    8     -640.844554     -640.844554     -640.913869  0.000034 -6.073208  0.000516

SCF Convergence by DM+H criterion
max |DM_out - DM_in|         :     0.0000341950
max |H_out - H_in|      (eV) :     0.0005160688
SCF cycle converged after 8 iterations

Using DM_out to compute the final energy and forces
No. of atoms with KB's overlaping orbs in proc 0. Max # of overlaps:       4      48

siesta: E_KS(eV) =             -640.8446

siesta: Atomic forces (eV/Ang):
----------------------------------------
   Tot    0.000160    0.000490    0.001291
----------------------------------------
   Max    0.132185
   Res    0.049482    sqrt( Sum f_i^2 / 3N )
----------------------------------------
   Max    0.132185    constrained

Stress tensor Voigt[x,y,z,yz,xz,xy] (kbar):       -0.03       -0.01       -0.26        0.05       -0.08        0.02
(Free)E + p*V (eV/cell)     -640.8257
Target enthalpy (eV/cell)     -640.9139

siesta: Stress tensor (static) (eV/Ang**3):
        -0.000019    0.000010   -0.000052
         0.000010   -0.000008    0.000030
        -0.000052    0.000030   -0.000160

siesta: Pressure (static):          0.10010720  kBar

siesta: Stress tensor (total) (eV/Ang**3):
        -0.000019    0.000010   -0.000052
         0.000010   -0.000008    0.000030
        -0.000052    0.000030   -0.000160

siesta: Pressure (total):          0.10010720  kBar

cgvc: Finished line minimization   39.  Mean atomic displacement =    0.0062

                     ====================================
                        Begin CG opt. move =    118
                     ====================================
k-point displ. along   3 input, could be:     0.00    0.50
 Kpoints in:          480 . Kpoints trimmed:          458

siesta: k-grid: Number of k-points = 458
siesta: k-points from Monkhorst-Pack grid
siesta: k-cutoff (effective) =    23.406 Ang
siesta: k-point supercell and displacements
siesta: k-grid:    15     0     0      0.000
siesta: k-grid:     0    15     0      0.000
siesta: k-grid:     0     0     4      0.000

outcell: Unit cell vectors (Ang):
       10.944071   -0.144503   -0.004528
       -0.146958   11.022130    0.000822
       -0.005603    0.001000   11.703179

outcell: Cell vector modules (Ang)   :   10.945026   11.023110   11.703181
outcell: Cell angles (23,13,12) (deg):     89.9905     90.0512     91.5204
outcell: Cell volume (Ang**3)        :   1411.4704
<dSpData1D:S at geom step 118
  <sparsity:sparsity for geom step 118
    nrows_g=52 nrows=52 sparsity=.9882 nnzs=2672, refcount: 7>
  <dData1D:(new from dSpData1D) n=2672, refcount: 1>
refcount: 1>
new_DM -- step:   119
Re-using DM from previous geometries...
Number of DMs in history: 1
 DM extrapolation coefficients: 
1   1.00000
New DM after history re-use:
<dSpData2D:SpM extrapolated using coords
  <sparsity:sparsity for geom step 118
    nrows_g=52 nrows=52 sparsity=.9882 nnzs=2672, refcount: 9>
  <dData2D:(temp array for extrapolation) n=2672 m=1, refcount: 1>
refcount: 1>
No. of atoms with KB's overlaping orbs in proc 0. Max # of overlaps:       4      48

InitMesh: MESH = 120 x 120 x 128 = 1843200
InitMesh: Mesh cutoff (required, used) =   300.000   327.765 Ry
New grid distribution [1]: sub = 2

        iscf     Eharris(eV)        E_KS(eV)     FreeEng(eV)     dDmax    Ef(eV) dHmax(eV)
   scf:    1     -640.860437     -640.844546     -640.913861  0.006831 -6.070610  0.046098
   scf:    2     -640.836885     -640.842342     -640.911653  0.007518 -6.074727  0.186124
   scf:    3     -640.845118     -640.844800     -640.914114  0.005982 -6.071547  0.012582
   scf:    4     -640.844851     -640.844831     -640.914146  0.000775 -6.072207  0.004564
   scf:    5     -640.844835     -640.844835     -640.914149  0.000345 -6.072770  0.004846
   scf:    6     -640.844835     -640.844835     -640.914150  0.000113 -6.073120  0.001433
   scf:    7     -640.844836     -640.844836     -640.914150  0.000069 -6.073385  0.000153

SCF Convergence by DM+H criterion
max |DM_out - DM_in|         :     0.0000685684
max |H_out - H_in|      (eV) :     0.0001530726
SCF cycle converged after 7 iterations

Using DM_out to compute the final energy and forces
No. of atoms with KB's overlaping orbs in proc 0. Max # of overlaps:       4      48

siesta: E_KS(eV) =             -640.8448

siesta: Atomic forces (eV/Ang):
----------------------------------------
   Tot    0.000293    0.000441    0.001825
----------------------------------------
   Max    0.049810
   Res    0.018626    sqrt( Sum f_i^2 / 3N )
----------------------------------------
   Max    0.049810    constrained

Stress tensor Voigt[x,y,z,yz,xz,xy] (kbar):       -0.00       -0.00        0.00       -0.00       -0.00        0.00
(Free)E + p*V (eV/cell)     -640.9129
Target enthalpy (eV/cell)     -640.9142

siesta: Stress tensor (static) (eV/Ang**3):
        -0.000003    0.000001   -0.000001
         0.000001   -0.000002   -0.000000
        -0.000000   -0.000000    0.000003

siesta: Pressure (static):          0.00137714  kBar

siesta: Stress tensor (total) (eV/Ang**3):
        -0.000003    0.000001   -0.000001
         0.000001   -0.000002   -0.000000
        -0.000000   -0.000000    0.000003

siesta: Pressure (total):          0.00137714  kBar

                     ====================================
                        Begin CG opt. move =    119
                     ====================================
k-point displ. along   3 input, could be:     0.00    0.50
 Kpoints in:          480 . Kpoints trimmed:          458

siesta: k-grid: Number of k-points = 458
siesta: k-points from Monkhorst-Pack grid
siesta: k-cutoff (effective) =    23.416 Ang
siesta: k-point supercell and displacements
siesta: k-grid:    15     0     0      0.000
siesta: k-grid:     0    15     0      0.000
siesta: k-grid:     0     0     4      0.000

outcell: Unit cell vectors (Ang):
       10.944502   -0.145118   -0.003137
       -0.147583   11.022093    0.000084
       -0.003883    0.000102   11.708143

outcell: Cell vector modules (Ang)   :   10.945464   11.023081   11.708144
outcell: Cell angles (23,13,12) (deg):     89.9988     90.0354     91.5268
outcell: Cell volume (Ang**3)        :   1412.1179
<dSpData1D:S at geom step 119
  <sparsity:sparsity for geom step 119
    nrows_g=52 nrows=52 sparsity=.9882 nnzs=2672, refcount: 7>
  <dData1D:(new from dSpData1D) n=2672, refcount: 1>
refcount: 1>
new_DM -- step:   120
Re-using DM from previous geometries...
Number of DMs in history: 1
 DM extrapolation coefficients: 
1   1.00000
New DM after history re-use:
<dSpData2D:SpM extrapolated using coords
  <sparsity:sparsity for geom step 119
    nrows_g=52 nrows=52 sparsity=.9882 nnzs=2672, refcount: 9>
  <dData2D:(temp array for extrapolation) n=2672 m=1, refcount: 1>
refcount: 1>
No. of atoms with KB's overlaping orbs in proc 0. Max # of overlaps:       4      48

InitMesh: MESH = 120 x 120 x 128 = 1843200
InitMesh: Mesh cutoff (required, used) =   300.000   327.768 Ry
New grid distribution [1]: sub = 2

        iscf     Eharris(eV)        E_KS(eV)     FreeEng(eV)     dDmax    Ef(eV) dHmax(eV)
   scf:    1     -640.869406     -640.843929     -640.913243  0.010633 -6.068669  0.076839
   scf:    2     -640.822183     -640.837620     -640.906908  0.013578 -6.075076  0.316692
   scf:    3     -640.845473     -640.844588     -640.913902  0.011098 -6.070133  0.019986
   scf:    4     -640.844719     -640.844667     -640.913982  0.001170 -6.071154  0.008314
   scf:    5     -640.844680     -640.844677     -640.913992  0.000527 -6.071958  0.008455
   scf:    6     -640.844680     -640.844680     -640.913995  0.000215 -6.072669  0.002200
   scf:    7     -640.844681     -640.844681     -640.913995  0.000162 -6.073105  0.000333
   scf:    8     -640.844681     -640.844681     -640.913995  0.000023 -6.073097  0.000210

SCF Convergence by DM+H criterion
max |DM_out - DM_in|         :     0.0000230436
max |H_out - H_in|      (eV) :     0.0002098226
SCF cycle converged after 8 iterations

Using DM_out to compute the final energy and forces
No. of atoms with KB's overlaping orbs in proc 0. Max # of overlaps:       4      48

siesta: E_KS(eV) =             -640.8447

siesta: Atomic forces (eV/Ang):
----------------------------------------
   Tot    0.000143    0.000451    0.001453
----------------------------------------
   Max    0.093074
   Res    0.046395    sqrt( Sum f_i^2 / 3N )
----------------------------------------
   Max    0.093074    constrained

Stress tensor Voigt[x,y,z,yz,xz,xy] (kbar):        0.04        0.01        0.43       -0.08        0.13       -0.02
(Free)E + p*V (eV/cell)     -641.0550
Target enthalpy (eV/cell)     -640.9140

siesta: Stress tensor (static) (eV/Ang**3):
         0.000023   -0.000015    0.000084
        -0.000015    0.000006   -0.000049
         0.000084   -0.000049    0.000270

siesta: Pressure (static):         -0.15996181  kBar

siesta: Stress tensor (total) (eV/Ang**3):
         0.000023   -0.000015    0.000084
        -0.000015    0.000006   -0.000049
         0.000084   -0.000049    0.000270

siesta: Pressure (total):         -0.15996181  kBar

                     ====================================
                        Begin CG opt. move =    120
                     ====================================
k-point displ. along   3 input, could be:     0.00    0.50
 Kpoints in:          480 . Kpoints trimmed:          458

siesta: k-grid: Number of k-points = 458
siesta: k-points from Monkhorst-Pack grid
siesta: k-cutoff (effective) =    23.410 Ang
siesta: k-point supercell and displacements
siesta: k-grid:    15     0     0      0.000
siesta: k-grid:     0    15     0      0.000
siesta: k-grid:     0     0     4      0.000

outcell: Unit cell vectors (Ang):
       10.944208   -0.144699   -0.004085
       -0.147157   11.022118    0.000587
       -0.005055    0.000714   11.704759

outcell: Cell vector modules (Ang)   :   10.945166   11.023101   11.704760
outcell: Cell angles (23,13,12) (deg):     89.9931     90.0462     91.5224
outcell: Cell volume (Ang**3)        :   1411.6764
<dSpData1D:S at geom step 120
  <sparsity:sparsity for geom step 120
    nrows_g=52 nrows=52 sparsity=.9882 nnzs=2672, refcount: 7>
  <dData1D:(new from dSpData1D) n=2672, refcount: 1>
refcount: 1>
new_DM -- step:   121
Re-using DM from previous geometries...
Number of DMs in history: 1
 DM extrapolation coefficients: 
1   1.00000
New DM after history re-use:
<dSpData2D:SpM extrapolated using coords
  <sparsity:sparsity for geom step 120
    nrows_g=52 nrows=52 sparsity=.9882 nnzs=2672, refcount: 9>
  <dData2D:(temp array for extrapolation) n=2672 m=1, refcount: 1>
refcount: 1>
No. of atoms with KB's overlaping orbs in proc 0. Max # of overlaps:       4      48

InitMesh: MESH = 120 x 120 x 128 = 1843200
InitMesh: Mesh cutoff (required, used) =   300.000   327.766 Ry
New grid distribution [1]: sub = 2

        iscf     Eharris(eV)        E_KS(eV)     FreeEng(eV)     dDmax    Ef(eV) dHmax(eV)
   scf:    1     -640.826363     -640.844527     -640.913841  0.007325 -6.076266  0.051439
   scf:    2     -640.835230     -640.841844     -640.911156  0.007831 -6.071474  0.206197
   scf:    3     -640.845225     -640.844825     -640.914140  0.006183 -6.075231  0.014562
   scf:    4     -640.844884     -640.844864     -640.914178  0.000935 -6.074375  0.005369
   scf:    5     -640.844864     -640.844864     -640.914179  0.000018 -6.074348  0.004737
   scf:    6     -640.844868     -640.844867     -640.914182  0.000323 -6.073493  0.001417
   scf:    7     -640.844867     -640.844867     -640.914182  0.000091 -6.073196  0.000186

SCF Convergence by DM+H criterion
max |DM_out - DM_in|         :     0.0000905963
max |H_out - H_in|      (eV) :     0.0001855298
SCF cycle converged after 7 iterations

Using DM_out to compute the final energy and forces
No. of atoms with KB's overlaping orbs in proc 0. Max # of overlaps:       4      48

siesta: E_KS(eV) =             -640.8449

siesta: Atomic forces (eV/Ang):
----------------------------------------
   Tot    0.000315    0.000408    0.001899
----------------------------------------
   Max    0.037331
   Res    0.015692    sqrt( Sum f_i^2 / 3N )
----------------------------------------
   Max    0.037331    constrained

Stress tensor Voigt[x,y,z,yz,xz,xy] (kbar):        0.01        0.00        0.14       -0.03        0.04       -0.01
(Free)E + p*V (eV/cell)     -640.9587
Target enthalpy (eV/cell)     -640.9142

siesta: Stress tensor (static) (eV/Ang**3):
         0.000006   -0.000004    0.000027
        -0.000004    0.000000   -0.000016
         0.000027   -0.000016    0.000089

siesta: Pressure (static):         -0.05057836  kBar

siesta: Stress tensor (total) (eV/Ang**3):
         0.000006   -0.000004    0.000027
        -0.000004    0.000000   -0.000016
         0.000027   -0.000016    0.000089

siesta: Pressure (total):         -0.05057836  kBar

cgvc: Finished line minimization   40.  Mean atomic displacement =    0.0093

                     ====================================
                        Begin CG opt. move =    121
                     ====================================
k-point displ. along   3 input, could be:     0.00    0.50
 Kpoints in:          480 . Kpoints trimmed:          458

siesta: k-grid: Number of k-points = 458
siesta: k-points from Monkhorst-Pack grid
siesta: k-cutoff (effective) =    23.403 Ang
siesta: k-point supercell and displacements
siesta: k-grid:    15     0     0      0.000
siesta: k-grid:     0    15     0      0.000
siesta: k-grid:     0     0     4      0.000

outcell: Unit cell vectors (Ang):
       10.944196   -0.144925   -0.004688
       -0.147387   11.022059    0.001036
       -0.005801    0.001260   11.701730

outcell: Cell vector modules (Ang)   :   10.945157   11.023045   11.701732
outcell: Cell angles (23,13,12) (deg):     89.9881     90.0530     91.5248
outcell: Cell volume (Ang**3)        :   1411.3011
<dSpData1D:S at geom step 121
  <sparsity:sparsity for geom step 121
    nrows_g=52 nrows=52 sparsity=.9882 nnzs=2672, refcount: 7>
  <dData1D:(new from dSpData1D) n=2672, refcount: 1>
refcount: 1>
new_DM -- step:   122
Re-using DM from previous geometries...
Number of DMs in history: 1
 DM extrapolation coefficients: 
1   1.00000
New DM after history re-use:
<dSpData2D:SpM extrapolated using coords
  <sparsity:sparsity for geom step 121
    nrows_g=52 nrows=52 sparsity=.9882 nnzs=2672, refcount: 9>
  <dData2D:(temp array for extrapolation) n=2672 m=1, refcount: 1>
refcount: 1>
No. of atoms with KB's overlaping orbs in proc 0. Max # of overlaps:       4      48

InitMesh: MESH = 120 x 120 x 128 = 1843200
InitMesh: Mesh cutoff (required, used) =   300.000   327.770 Ry
New grid distribution [1]: sub = 2

        iscf     Eharris(eV)        E_KS(eV)     FreeEng(eV)     dDmax    Ef(eV) dHmax(eV)
   scf:    1     -640.832076     -640.843731     -640.913045  0.011779 -6.091321  0.087774
   scf:    2     -640.794119     -640.828660     -640.897954  0.019730 -6.085980  0.473257
   scf:    3     -640.846603     -640.844556     -640.913870  0.016661 -6.090415  0.018865
   scf:    4     -640.844691     -640.844658     -640.913972  0.002063 -6.089310  0.009022
   scf:    5     -640.844661     -640.844660     -640.913975  0.000114 -6.089215  0.004346
   scf:    6     -640.844661     -640.844661     -640.913976  0.000418 -6.088454  0.001507
   scf:    7     -640.844662     -640.844662     -640.913977  0.000298 -6.088355  0.000449
   scf:    8     -640.844662     -640.844662     -640.913977  0.000058 -6.088361  0.000219

SCF Convergence by DM+H criterion
max |DM_out - DM_in|         :     0.0000583398
max |H_out - H_in|      (eV) :     0.0002186923
SCF cycle converged after 8 iterations

Using DM_out to compute the final energy and forces
No. of atoms with KB's overlaping orbs in proc 0. Max # of overlaps:       4      48

siesta: E_KS(eV) =             -640.8447

siesta: Atomic forces (eV/Ang):
----------------------------------------
   Tot    0.000088    0.000417    0.001553
----------------------------------------
   Max    0.251736
   Res    0.104511    sqrt( Sum f_i^2 / 3N )
----------------------------------------
   Max    0.251736    constrained

Stress tensor Voigt[x,y,z,yz,xz,xy] (kbar):       -0.02       -0.01       -0.16        0.03       -0.05        0.01
(Free)E + p*V (eV/cell)     -640.8598
Target enthalpy (eV/cell)     -640.9140

siesta: Stress tensor (static) (eV/Ang**3):
        -0.000012    0.000006   -0.000029
         0.000006   -0.000006    0.000019
        -0.000029    0.000019   -0.000098

siesta: Pressure (static):          0.06153011  kBar

siesta: Stress tensor (total) (eV/Ang**3):
        -0.000012    0.000006   -0.000029
         0.000006   -0.000006    0.000019
        -0.000029    0.000019   -0.000098

siesta: Pressure (total):          0.06153011  kBar

                     ====================================
                        Begin CG opt. move =    122
                     ====================================
k-point displ. along   3 input, could be:     0.00    0.50
 Kpoints in:          480 . Kpoints trimmed:          458

siesta: k-grid: Number of k-points = 458
siesta: k-points from Monkhorst-Pack grid
siesta: k-cutoff (effective) =    23.408 Ang
siesta: k-point supercell and displacements
siesta: k-grid:    15     0     0      0.000
siesta: k-grid:     0    15     0      0.000
siesta: k-grid:     0     0     4      0.000

outcell: Unit cell vectors (Ang):
       10.944205   -0.144765   -0.004263
       -0.147225   11.022101    0.000719
       -0.005275    0.000875   11.703867

outcell: Cell vector modules (Ang)   :   10.945163   11.023084   11.703868
outcell: Cell angles (23,13,12) (deg):     89.9916     90.0482     91.5231
outcell: Cell volume (Ang**3)        :   1411.5658
<dSpData1D:S at geom step 122
  <sparsity:sparsity for geom step 122
    nrows_g=52 nrows=52 sparsity=.9882 nnzs=2672, refcount: 7>
  <dData1D:(new from dSpData1D) n=2672, refcount: 1>
refcount: 1>
new_DM -- step:   123
Re-using DM from previous geometries...
Number of DMs in history: 1
 DM extrapolation coefficients: 
1   1.00000
New DM after history re-use:
<dSpData2D:SpM extrapolated using coords
  <sparsity:sparsity for geom step 122
    nrows_g=52 nrows=52 sparsity=.9882 nnzs=2672, refcount: 9>
  <dData2D:(temp array for extrapolation) n=2672 m=1, refcount: 1>
refcount: 1>
No. of atoms with KB's overlaping orbs in proc 0. Max # of overlaps:       4      48

InitMesh: MESH = 120 x 120 x 128 = 1843200
InitMesh: Mesh cutoff (required, used) =   300.000   327.767 Ry
New grid distribution [1]: sub = 2

        iscf     Eharris(eV)        E_KS(eV)     FreeEng(eV)     dDmax    Ef(eV) dHmax(eV)
   scf:    1     -640.851237     -640.844445     -640.913759  0.008454 -6.075659  0.061845
   scf:    2     -640.820693     -640.837251     -640.906562  0.012725 -6.078691  0.328318
   scf:    3     -640.845898     -640.844860     -640.914175  0.010491 -6.076315  0.013072
   scf:    4     -640.844932     -640.844910     -640.914225  0.001351 -6.077065  0.004701
   scf:    5     -640.844911     -640.844911     -640.914226  0.000149 -6.077221  0.003599
   scf:    6     -640.844912     -640.844912     -640.914227  0.000190 -6.077759  0.000995
   scf:    7     -640.844912     -640.844912     -640.914227  0.000132 -6.077819  0.000264
   scf:    8     -640.844912     -640.844912     -640.914227  0.000032 -6.077804  0.000125

SCF Convergence by DM+H criterion
max |DM_out - DM_in|         :     0.0000322015
max |H_out - H_in|      (eV) :     0.0001245317
SCF cycle converged after 8 iterations

Using DM_out to compute the final energy and forces
No. of atoms with KB's overlaping orbs in proc 0. Max # of overlaps:       4      48

siesta: E_KS(eV) =             -640.8449

siesta: Atomic forces (eV/Ang):
----------------------------------------
   Tot    0.000258    0.000392    0.001902
----------------------------------------
   Max    0.068050
   Res    0.027647    sqrt( Sum f_i^2 / 3N )
----------------------------------------
   Max    0.068050    constrained

Stress tensor Voigt[x,y,z,yz,xz,xy] (kbar):        0.00       -0.00        0.05       -0.01        0.02       -0.00
(Free)E + p*V (eV/cell)     -640.9289
Target enthalpy (eV/cell)     -640.9142

siesta: Stress tensor (static) (eV/Ang**3):
         0.000000   -0.000001    0.000010
        -0.000001   -0.000002   -0.000006
         0.000010   -0.000006    0.000032

siesta: Pressure (static):         -0.01670670  kBar

siesta: Stress tensor (total) (eV/Ang**3):
         0.000000   -0.000001    0.000010
        -0.000001   -0.000002   -0.000006
         0.000010   -0.000006    0.000032

siesta: Pressure (total):         -0.01670670  kBar

cgvc: Finished line minimization   41.  Mean atomic displacement =    0.0027

                     ====================================
                        Begin CG opt. move =    123
                     ====================================
k-point displ. along   3 input, could be:     0.00    0.50
 Kpoints in:          480 . Kpoints trimmed:          458

siesta: k-grid: Number of k-points = 458
siesta: k-points from Monkhorst-Pack grid
siesta: k-cutoff (effective) =    23.405 Ang
siesta: k-point supercell and displacements
siesta: k-grid:    15     0     0      0.000
siesta: k-grid:     0    15     0      0.000
siesta: k-grid:     0     0     4      0.000

outcell: Unit cell vectors (Ang):
       10.944198   -0.144821   -0.004503
       -0.147281   11.022096    0.000885
       -0.005573    0.001077   11.702732

outcell: Cell vector modules (Ang)   :   10.945157   11.023080   11.702734
outcell: Cell angles (23,13,12) (deg):     89.9898     90.0509     91.5237
outcell: Cell volume (Ang**3)        :   1411.4273
<dSpData1D:S at geom step 123
  <sparsity:sparsity for geom step 123
    nrows_g=52 nrows=52 sparsity=.9882 nnzs=2672, refcount: 7>
  <dData1D:(new from dSpData1D) n=2672, refcount: 1>
refcount: 1>
new_DM -- step:   124
Re-using DM from previous geometries...
Number of DMs in history: 1
 DM extrapolation coefficients: 
1   1.00000
New DM after history re-use:
<dSpData2D:SpM extrapolated using coords
  <sparsity:sparsity for geom step 123
    nrows_g=52 nrows=52 sparsity=.9882 nnzs=2672, refcount: 9>
  <dData2D:(temp array for extrapolation) n=2672 m=1, refcount: 1>
refcount: 1>
No. of atoms with KB's overlaping orbs in proc 0. Max # of overlaps:       4      48

InitMesh: MESH = 120 x 120 x 128 = 1843200
InitMesh: Mesh cutoff (required, used) =   300.000   327.767 Ry
New grid distribution [1]: sub = 2

        iscf     Eharris(eV)        E_KS(eV)     FreeEng(eV)     dDmax    Ef(eV) dHmax(eV)
   scf:    1     -640.839094     -640.844903     -640.914217  0.003806 -6.078011  0.017668
   scf:    2     -640.843457     -640.844500     -640.913812  0.005398 -6.076754  0.067219
   scf:    3     -640.845034     -640.844965     -640.914280  0.004272 -6.077706  0.004344
   scf:    4     -640.844973     -640.844970     -640.914285  0.000328 -6.077514  0.001658
   scf:    5     -640.844971     -640.844971     -640.914285  0.000066 -6.077368  0.001914
   scf:    6     -640.844971     -640.844971     -640.914286  0.000099 -6.077255  0.000606

SCF Convergence by DM+H criterion
max |DM_out - DM_in|         :     0.0000992098
max |H_out - H_in|      (eV) :     0.0006055077
SCF cycle converged after 6 iterations

Using DM_out to compute the final energy and forces
No. of atoms with KB's overlaping orbs in proc 0. Max # of overlaps:       4      48

siesta: E_KS(eV) =             -640.8450

siesta: Atomic forces (eV/Ang):
----------------------------------------
   Tot    0.000218    0.000361    0.001918
----------------------------------------
   Max    0.035115
   Res    0.016194    sqrt( Sum f_i^2 / 3N )
----------------------------------------
   Max    0.035115    constrained

Stress tensor Voigt[x,y,z,yz,xz,xy] (kbar):       -0.01       -0.01       -0.04        0.01       -0.01        0.00
(Free)E + p*V (eV/cell)     -640.9000
Target enthalpy (eV/cell)     -640.9143

siesta: Stress tensor (static) (eV/Ang**3):
        -0.000005    0.000002   -0.000007
         0.000002   -0.000003    0.000004
        -0.000008    0.000004   -0.000022

siesta: Pressure (static):          0.01626600  kBar

siesta: Stress tensor (total) (eV/Ang**3):
        -0.000005    0.000002   -0.000007
         0.000002   -0.000003    0.000004
        -0.000008    0.000004   -0.000022

siesta: Pressure (total):          0.01626600  kBar

                     ====================================
                        Begin CG opt. move =    124
                     ====================================
k-point displ. along   3 input, could be:     0.00    0.50
 Kpoints in:          480 . Kpoints trimmed:          458

siesta: k-grid: Number of k-points = 458
siesta: k-points from Monkhorst-Pack grid
siesta: k-cutoff (effective) =    23.402 Ang
siesta: k-point supercell and displacements
siesta: k-grid:    15     0     0      0.000
siesta: k-grid:     0    15     0      0.000
siesta: k-grid:     0     0     4      0.000

outcell: Unit cell vectors (Ang):
       10.944187   -0.144910   -0.004888
       -0.147372   11.022087    0.001151
       -0.006049    0.001400   11.700918

outcell: Cell vector modules (Ang)   :   10.945147   11.023073   11.700919
outcell: Cell angles (23,13,12) (deg):     89.9868     90.0553     91.5246
outcell: Cell volume (Ang**3)        :   1411.2056
<dSpData1D:S at geom step 124
  <sparsity:sparsity for geom step 124
    nrows_g=52 nrows=52 sparsity=.9882 nnzs=2672, refcount: 7>
  <dData1D:(new from dSpData1D) n=2672, refcount: 1>
refcount: 1>
new_DM -- step:   125
Re-using DM from previous geometries...
Number of DMs in history: 1
 DM extrapolation coefficients: 
1   1.00000
New DM after history re-use:
<dSpData2D:SpM extrapolated using coords
  <sparsity:sparsity for geom step 124
    nrows_g=52 nrows=52 sparsity=.9882 nnzs=2672, refcount: 9>
  <dData2D:(temp array for extrapolation) n=2672 m=1, refcount: 1>
refcount: 1>
No. of atoms with KB's overlaping orbs in proc 0. Max # of overlaps:       4      48

InitMesh: MESH = 120 x 120 x 128 = 1843200
InitMesh: Mesh cutoff (required, used) =   300.000   327.768 Ry
New grid distribution [1]: sub = 2

        iscf     Eharris(eV)        E_KS(eV)     FreeEng(eV)     dDmax    Ef(eV) dHmax(eV)
   scf:    1     -640.835531     -640.844799     -640.914113  0.006086 -6.077329  0.028896
   scf:    2     -640.840975     -640.843728     -640.913036  0.009276 -6.075467  0.112626
   scf:    3     -640.845130     -640.844958     -640.914273  0.007396 -6.076893  0.007190
   scf:    4     -640.844981     -640.844973     -640.914287  0.000573 -6.076600  0.002748
   scf:    5     -640.844973     -640.844973     -640.914288  0.000111 -6.076477  0.002888
   scf:    6     -640.844974     -640.844974     -640.914289  0.000199 -6.076242  0.000870
   scf:    7     -640.844974     -640.844974     -640.914289  0.000058 -6.076077  0.000147

SCF Convergence by DM+H criterion
max |DM_out - DM_in|         :     0.0000576901
max |H_out - H_in|      (eV) :     0.0001465923
SCF cycle converged after 7 iterations

Using DM_out to compute the final energy and forces
No. of atoms with KB's overlaping orbs in proc 0. Max # of overlaps:       4      48

siesta: E_KS(eV) =             -640.8450

siesta: Atomic forces (eV/Ang):
----------------------------------------
   Tot    0.000129    0.000322    0.001809
----------------------------------------
   Max    0.062006
   Res    0.025180    sqrt( Sum f_i^2 / 3N )
----------------------------------------
   Max    0.062006    constrained

Stress tensor Voigt[x,y,z,yz,xz,xy] (kbar):       -0.02       -0.01       -0.17        0.03       -0.06        0.01
(Free)E + p*V (eV/cell)     -640.8539
Target enthalpy (eV/cell)     -640.9143

siesta: Stress tensor (static) (eV/Ang**3):
        -0.000014    0.000007   -0.000035
         0.000007   -0.000006    0.000020
        -0.000035    0.000020   -0.000108

siesta: Pressure (static):          0.06857964  kBar

siesta: Stress tensor (total) (eV/Ang**3):
        -0.000014    0.000007   -0.000035
         0.000007   -0.000006    0.000020
        -0.000035    0.000020   -0.000108

siesta: Pressure (total):          0.06857964  kBar

                     ====================================
                        Begin CG opt. move =    125
                     ====================================
k-point displ. along   3 input, could be:     0.00    0.50
 Kpoints in:          480 . Kpoints trimmed:          458

siesta: k-grid: Number of k-points = 458
siesta: k-points from Monkhorst-Pack grid
siesta: k-cutoff (effective) =    23.403 Ang
siesta: k-point supercell and displacements
siesta: k-grid:    15     0     0      0.000
siesta: k-grid:     0    15     0      0.000
siesta: k-grid:     0     0     4      0.000

outcell: Unit cell vectors (Ang):
       10.944192   -0.144871   -0.004719
       -0.147332   11.022091    0.001034
       -0.005840    0.001259   11.701714

outcell: Cell vector modules (Ang)   :   10.945152   11.023076   11.701715
outcell: Cell angles (23,13,12) (deg):     89.9881     90.0534     91.5242
outcell: Cell volume (Ang**3)        :   1411.3028
<dSpData1D:S at geom step 125
  <sparsity:sparsity for geom step 125
    nrows_g=52 nrows=52 sparsity=.9882 nnzs=2672, refcount: 7>
  <dData1D:(new from dSpData1D) n=2672, refcount: 1>
refcount: 1>
new_DM -- step:   126
Re-using DM from previous geometries...
Number of DMs in history: 1
 DM extrapolation coefficients: 
1   1.00000
New DM after history re-use:
<dSpData2D:SpM extrapolated using coords
  <sparsity:sparsity for geom step 125
    nrows_g=52 nrows=52 sparsity=.9882 nnzs=2672, refcount: 9>
  <dData2D:(temp array for extrapolation) n=2672 m=1, refcount: 1>
refcount: 1>
No. of atoms with KB's overlaping orbs in proc 0. Max # of overlaps:       4      48

InitMesh: MESH = 120 x 120 x 128 = 1843200
InitMesh: Mesh cutoff (required, used) =   300.000   327.768 Ry
New grid distribution [1]: sub = 2

        iscf     Eharris(eV)        E_KS(eV)     FreeEng(eV)     dDmax    Ef(eV) dHmax(eV)
   scf:    1     -640.848895     -640.844953     -640.914268  0.002680 -6.075988  0.012294
   scf:    2     -640.844266     -640.844762     -640.914077  0.003428 -6.076830  0.046601
   scf:    3     -640.845018     -640.844984     -640.914299  0.002679 -6.076200  0.003078
   scf:    4     -640.844988     -640.844986     -640.914301  0.000219 -6.076332  0.001092
   scf:    5     -640.844987     -640.844987     -640.914301  0.000120 -6.076473  0.001040
   scf:    6     -640.844987     -640.844987     -640.914302  0.000027 -6.076510  0.000380

SCF Convergence by DM+H criterion
max |DM_out - DM_in|         :     0.0000272464
max |H_out - H_in|      (eV) :     0.0003796899
SCF cycle converged after 6 iterations

Using DM_out to compute the final energy and forces
No. of atoms with KB's overlaping orbs in proc 0. Max # of overlaps:       4      48

siesta: E_KS(eV) =             -640.8450

siesta: Atomic forces (eV/Ang):
----------------------------------------
   Tot    0.000156    0.000346    0.001797
----------------------------------------
   Max    0.042084
   Res    0.016928    sqrt( Sum f_i^2 / 3N )
----------------------------------------
   Max    0.042084    constrained

Stress tensor Voigt[x,y,z,yz,xz,xy] (kbar):       -0.02       -0.01       -0.11        0.02       -0.04        0.01
(Free)E + p*V (eV/cell)     -640.8738
Target enthalpy (eV/cell)     -640.9143

siesta: Stress tensor (static) (eV/Ang**3):
        -0.000010    0.000005   -0.000023
         0.000005   -0.000005    0.000013
        -0.000023    0.000013   -0.000071

siesta: Pressure (static):          0.04594500  kBar

siesta: Stress tensor (total) (eV/Ang**3):
        -0.000010    0.000005   -0.000023
         0.000005   -0.000005    0.000013
        -0.000023    0.000013   -0.000071

siesta: Pressure (total):          0.04594500  kBar

cgvc: Finished line minimization   42.  Mean atomic displacement =    0.0052

                     ====================================
                        Begin CG opt. move =    126
                     ====================================
k-point displ. along   3 input, could be:     0.00    0.50
 Kpoints in:          480 . Kpoints trimmed:          458

siesta: k-grid: Number of k-points = 458
siesta: k-points from Monkhorst-Pack grid
siesta: k-cutoff (effective) =    23.405 Ang
siesta: k-point supercell and displacements
siesta: k-grid:    15     0     0      0.000
siesta: k-grid:     0    15     0      0.000
siesta: k-grid:     0     0     4      0.000

outcell: Unit cell vectors (Ang):
       10.944478   -0.145108   -0.004455
       -0.147573   11.022223    0.000935
       -0.005513    0.001138   11.702328

outcell: Cell vector modules (Ang)   :   10.945441   11.023211   11.702329
outcell: Cell angles (23,13,12) (deg):     89.9892     90.0504     91.5267
outcell: Cell volume (Ang**3)        :   1411.4299
<dSpData1D:S at geom step 126
  <sparsity:sparsity for geom step 126
    nrows_g=52 nrows=52 sparsity=.9882 nnzs=2672, refcount: 7>
  <dData1D:(new from dSpData1D) n=2672, refcount: 1>
refcount: 1>
new_DM -- step:   127
Re-using DM from previous geometries...
Number of DMs in history: 1
 DM extrapolation coefficients: 
1   1.00000
New DM after history re-use:
<dSpData2D:SpM extrapolated using coords
  <sparsity:sparsity for geom step 126
    nrows_g=52 nrows=52 sparsity=.9882 nnzs=2672, refcount: 9>
  <dData2D:(temp array for extrapolation) n=2672 m=1, refcount: 1>
refcount: 1>
No. of atoms with KB's overlaping orbs in proc 0. Max # of overlaps:       4      48

InitMesh: MESH = 120 x 120 x 128 = 1843200
InitMesh: Mesh cutoff (required, used) =   300.000   327.761 Ry
New grid distribution [1]: sub = 2

        iscf     Eharris(eV)        E_KS(eV)     FreeEng(eV)     dDmax    Ef(eV) dHmax(eV)
   scf:    1     -640.846639     -640.844310     -640.913625  0.007607 -6.072521  0.090750
   scf:    2     -640.794059     -640.828862     -640.898167  0.013638 -6.073451  0.486060
   scf:    3     -640.847369     -640.844976     -640.914290  0.011500 -6.072808  0.011860
   scf:    4     -640.845032     -640.845013     -640.914327  0.001063 -6.073090  0.001632
   scf:    5     -640.845014     -640.845014     -640.914328  0.000144 -6.073146  0.001392
   scf:    6     -640.845014     -640.845014     -640.914329  0.000192 -6.073359  0.000542
   scf:    7     -640.845014     -640.845014     -640.914329  0.000219 -6.073418  0.000378
   scf:    8     -640.845014     -640.845014     -640.914329  0.000050 -6.073413  0.000109

SCF Convergence by DM+H criterion
max |DM_out - DM_in|         :     0.0000500545
max |H_out - H_in|      (eV) :     0.0001086252
SCF cycle converged after 8 iterations

Using DM_out to compute the final energy and forces
No. of atoms with KB's overlaping orbs in proc 0. Max # of overlaps:       4      48

siesta: E_KS(eV) =             -640.8450

siesta: Atomic forces (eV/Ang):
----------------------------------------
   Tot    0.000064    0.000314    0.001953
----------------------------------------
   Max    0.099608
   Res    0.036092    sqrt( Sum f_i^2 / 3N )
----------------------------------------
   Max    0.099608    constrained

Stress tensor Voigt[x,y,z,yz,xz,xy] (kbar):       -0.01       -0.00       -0.03        0.01       -0.01        0.00
(Free)E + p*V (eV/cell)     -640.9019
Target enthalpy (eV/cell)     -640.9143

siesta: Stress tensor (static) (eV/Ang**3):
        -0.000005    0.000002   -0.000007
         0.000002   -0.000003    0.000003
        -0.000007    0.000003   -0.000018

siesta: Pressure (static):          0.01408740  kBar

siesta: Stress tensor (total) (eV/Ang**3):
        -0.000005    0.000002   -0.000007
         0.000002   -0.000003    0.000003
        -0.000007    0.000003   -0.000018

siesta: Pressure (total):          0.01408740  kBar

                     ====================================
                        Begin CG opt. move =    127
                     ====================================
k-point displ. along   3 input, could be:     0.00    0.50
 Kpoints in:          480 . Kpoints trimmed:          458

siesta: k-grid: Number of k-points = 458
siesta: k-points from Monkhorst-Pack grid
siesta: k-cutoff (effective) =    23.404 Ang
siesta: k-point supercell and displacements
siesta: k-grid:    15     0     0      0.000
siesta: k-grid:     0    15     0      0.000
siesta: k-grid:     0     0     4      0.000

outcell: Unit cell vectors (Ang):
       10.944369   -0.145018   -0.004556
       -0.147481   11.022173    0.000973
       -0.005638    0.001184   11.702094

outcell: Cell vector modules (Ang)   :   10.945331   11.023159   11.702095
outcell: Cell angles (23,13,12) (deg):     89.9888     90.0515     91.5257
outcell: Cell volume (Ang**3)        :   1411.3815
<dSpData1D:S at geom step 127
  <sparsity:sparsity for geom step 127
    nrows_g=52 nrows=52 sparsity=.9882 nnzs=2672, refcount: 7>
  <dData1D:(new from dSpData1D) n=2672, refcount: 1>
refcount: 1>
new_DM -- step:   128
Re-using DM from previous geometries...
Number of DMs in history: 1
 DM extrapolation coefficients: 
1   1.00000
New DM after history re-use:
<dSpData2D:SpM extrapolated using coords
  <sparsity:sparsity for geom step 127
    nrows_g=52 nrows=52 sparsity=.9882 nnzs=2672, refcount: 9>
  <dData2D:(temp array for extrapolation) n=2672 m=1, refcount: 1>
refcount: 1>
No. of atoms with KB's overlaping orbs in proc 0. Max # of overlaps:       4      48

InitMesh: MESH = 120 x 120 x 128 = 1843200
InitMesh: Mesh cutoff (required, used) =   300.000   327.763 Ry
New grid distribution [1]: sub = 2

        iscf     Eharris(eV)        E_KS(eV)     FreeEng(eV)     dDmax    Ef(eV) dHmax(eV)
   scf:    1     -640.843374     -640.844928     -640.914242  0.002949 -6.074982  0.034815
   scf:    2     -640.837590     -640.842671     -640.911986  0.004617 -6.074318  0.185436
   scf:    3     -640.845373     -640.845025     -640.914339  0.003818 -6.074868  0.004693
   scf:    4     -640.845033     -640.845031     -640.914345  0.000501 -6.074736  0.000668
   scf:    5     -640.845031     -640.845031     -640.914345  0.000020 -6.074727  0.000522

SCF Convergence by DM+H criterion
max |DM_out - DM_in|         :     0.0000202838
max |H_out - H_in|      (eV) :     0.0005218263
SCF cycle converged after 5 iterations

Using DM_out to compute the final energy and forces
No. of atoms with KB's overlaping orbs in proc 0. Max # of overlaps:       4      48

siesta: E_KS(eV) =             -640.8450

siesta: Atomic forces (eV/Ang):
----------------------------------------
   Tot    0.000078    0.000332    0.001832
----------------------------------------
   Max    0.060051
   Res    0.020874    sqrt( Sum f_i^2 / 3N )
----------------------------------------
   Max    0.060051    constrained

Stress tensor Voigt[x,y,z,yz,xz,xy] (kbar):       -0.01       -0.01       -0.06        0.01       -0.02        0.00
(Free)E + p*V (eV/cell)     -640.8911
Target enthalpy (eV/cell)     -640.9143

siesta: Stress tensor (static) (eV/Ang**3):
        -0.000007    0.000003   -0.000013
         0.000003   -0.000004    0.000007
        -0.000013    0.000007   -0.000039

siesta: Pressure (static):          0.02636212  kBar

siesta: Stress tensor (total) (eV/Ang**3):
        -0.000007    0.000003   -0.000013
         0.000003   -0.000004    0.000007
        -0.000013    0.000007   -0.000039

siesta: Pressure (total):          0.02636212  kBar

cgvc: Finished line minimization   43.  Mean atomic displacement =    0.0032

                     ====================================
                        Begin CG opt. move =    128
                     ====================================
k-point displ. along   3 input, could be:     0.00    0.50
 Kpoints in:          480 . Kpoints trimmed:          458

siesta: k-grid: Number of k-points = 458
siesta: k-points from Monkhorst-Pack grid
siesta: k-cutoff (effective) =    23.406 Ang
siesta: k-point supercell and displacements
siesta: k-grid:    15     0     0      0.000
siesta: k-grid:     0    15     0      0.000
siesta: k-grid:     0     0     4      0.000

outcell: Unit cell vectors (Ang):
       10.944624   -0.145194   -0.004238
       -0.147660   11.022298    0.000823
       -0.005245    0.001001   11.703056

outcell: Cell vector modules (Ang)   :   10.945588   11.023287   11.703057
outcell: Cell angles (23,13,12) (deg):     89.9905     90.0479     91.5276
outcell: Cell volume (Ang**3)        :   1411.5459
<dSpData1D:S at geom step 128
  <sparsity:sparsity for geom step 128
    nrows_g=52 nrows=52 sparsity=.9882 nnzs=2672, refcount: 7>
  <dData1D:(new from dSpData1D) n=2672, refcount: 1>
refcount: 1>
new_DM -- step:   129
Re-using DM from previous geometries...
Number of DMs in history: 1
 DM extrapolation coefficients: 
1   1.00000
New DM after history re-use:
<dSpData2D:SpM extrapolated using coords
  <sparsity:sparsity for geom step 128
    nrows_g=52 nrows=52 sparsity=.9882 nnzs=2672, refcount: 9>
  <dData2D:(temp array for extrapolation) n=2672 m=1, refcount: 1>
refcount: 1>
No. of atoms with KB's overlaping orbs in proc 0. Max # of overlaps:       4      48

InitMesh: MESH = 120 x 120 x 128 = 1843200
InitMesh: Mesh cutoff (required, used) =   300.000   327.756 Ry
New grid distribution [1]: sub = 2

        iscf     Eharris(eV)        E_KS(eV)     FreeEng(eV)     dDmax    Ef(eV) dHmax(eV)
   scf:    1     -640.851496     -640.844968     -640.914283  0.004760 -6.076027  0.016780
   scf:    2     -640.843390     -640.844550     -640.913862  0.005842 -6.077459  0.055939
   scf:    3     -640.845178     -640.845064     -640.914379  0.004262 -6.076456  0.002774
   scf:    4     -640.845069     -640.845067     -640.914382  0.000311 -6.076763  0.002020
   scf:    5     -640.845068     -640.845067     -640.914382  0.000040 -6.076769  0.001483
   scf:    6     -640.845068     -640.845068     -640.914382  0.000081 -6.076914  0.000772

SCF Convergence by DM+H criterion
max |DM_out - DM_in|         :     0.0000813408
max |H_out - H_in|      (eV) :     0.0007717293
SCF cycle converged after 6 iterations

Using DM_out to compute the final energy and forces
No. of atoms with KB's overlaping orbs in proc 0. Max # of overlaps:       4      48

siesta: E_KS(eV) =             -640.8451

siesta: Atomic forces (eV/Ang):
----------------------------------------
   Tot    0.000099    0.000299    0.001987
----------------------------------------
   Max    0.052820
   Res    0.020059    sqrt( Sum f_i^2 / 3N )
----------------------------------------
   Max    0.052820    constrained

Stress tensor Voigt[x,y,z,yz,xz,xy] (kbar):       -0.00       -0.00        0.03       -0.00        0.01       -0.00
(Free)E + p*V (eV/cell)     -640.9210
Target enthalpy (eV/cell)     -640.9144

siesta: Stress tensor (static) (eV/Ang**3):
        -0.000001   -0.000000    0.000005
        -0.000000   -0.000002   -0.000003
         0.000005   -0.000003    0.000017

siesta: Pressure (static):         -0.00746265  kBar

siesta: Stress tensor (total) (eV/Ang**3):
        -0.000001   -0.000000    0.000005
        -0.000000   -0.000002   -0.000003
         0.000005   -0.000003    0.000017

siesta: Pressure (total):         -0.00746265  kBar

                     ====================================
                        Begin CG opt. move =    129
                     ====================================
k-point displ. along   3 input, could be:     0.00    0.50
 Kpoints in:          480 . Kpoints trimmed:          458

siesta: k-grid: Number of k-points = 458
siesta: k-points from Monkhorst-Pack grid
siesta: k-cutoff (effective) =    23.406 Ang
siesta: k-point supercell and displacements
siesta: k-grid:    15     0     0      0.000
siesta: k-grid:     0    15     0      0.000
siesta: k-grid:     0     0     4      0.000

outcell: Unit cell vectors (Ang):
       10.944608   -0.145182   -0.004259
       -0.147649   11.022290    0.000832
       -0.005270    0.001013   11.702994

outcell: Cell vector modules (Ang)   :   10.945571   11.023278   11.702995
outcell: Cell angles (23,13,12) (deg):     89.9904     90.0482     91.5275
outcell: Cell volume (Ang**3)        :   1411.5353
<dSpData1D:S at geom step 129
  <sparsity:sparsity for geom step 129
    nrows_g=52 nrows=52 sparsity=.9882 nnzs=2672, refcount: 7>
  <dData1D:(new from dSpData1D) n=2672, refcount: 1>
refcount: 1>
new_DM -- step:   130
Re-using DM from previous geometries...
Number of DMs in history: 1
 DM extrapolation coefficients: 
1   1.00000
New DM after history re-use:
<dSpData2D:SpM extrapolated using coords
  <sparsity:sparsity for geom step 129
    nrows_g=52 nrows=52 sparsity=.9882 nnzs=2672, refcount: 9>
  <dData2D:(temp array for extrapolation) n=2672 m=1, refcount: 1>
refcount: 1>
No. of atoms with KB's overlaping orbs in proc 0. Max # of overlaps:       4      48

InitMesh: MESH = 120 x 120 x 128 = 1843200
InitMesh: Mesh cutoff (required, used) =   300.000   327.757 Ry
New grid distribution [1]: sub = 2

        iscf     Eharris(eV)        E_KS(eV)     FreeEng(eV)     dDmax    Ef(eV) dHmax(eV)
   scf:    1     -640.844636     -640.845067     -640.914382  0.000248 -6.077000  0.002883
   scf:    2     -640.845038     -640.845059     -640.914373  0.000455 -6.076783  0.012710
   scf:    3     -640.845069     -640.845068     -640.914383  0.000380 -6.076956  0.000507
   scf:    4     -640.845068     -640.845068     -640.914383  0.000030 -6.076917  0.000182

SCF Convergence by DM+H criterion
max |DM_out - DM_in|         :     0.0000298318
max |H_out - H_in|      (eV) :     0.0001820486
SCF cycle converged after 4 iterations

Using DM_out to compute the final energy and forces
No. of atoms with KB's overlaping orbs in proc 0. Max # of overlaps:       4      48

siesta: E_KS(eV) =             -640.8451

siesta: Atomic forces (eV/Ang):
----------------------------------------
   Tot    0.000099    0.000299    0.001979
----------------------------------------
   Max    0.048104
   Res    0.018646    sqrt( Sum f_i^2 / 3N )
----------------------------------------
   Max    0.048104    constrained

Stress tensor Voigt[x,y,z,yz,xz,xy] (kbar):       -0.00       -0.00        0.02       -0.00        0.01        0.00
(Free)E + p*V (eV/cell)     -640.9187
Target enthalpy (eV/cell)     -640.9144

siesta: Stress tensor (static) (eV/Ang**3):
        -0.000002    0.000000    0.000004
         0.000000   -0.000002   -0.000002
         0.000004   -0.000002    0.000013

siesta: Pressure (static):         -0.00492918  kBar

siesta: Stress tensor (total) (eV/Ang**3):
        -0.000002    0.000000    0.000004
         0.000000   -0.000002   -0.000002
         0.000004   -0.000002    0.000013

siesta: Pressure (total):         -0.00492918  kBar

cgvc: Finished line minimization   44.  Mean atomic displacement =    0.0030

                     ====================================
                        Begin CG opt. move =    130
                     ====================================
k-point displ. along   3 input, could be:     0.00    0.50
 Kpoints in:          480 . Kpoints trimmed:          458

siesta: k-grid: Number of k-points = 458
siesta: k-points from Monkhorst-Pack grid
siesta: k-cutoff (effective) =    23.407 Ang
siesta: k-point supercell and displacements
siesta: k-grid:    15     0     0      0.000
siesta: k-grid:     0    15     0      0.000
siesta: k-grid:     0     0     4      0.000

outcell: Unit cell vectors (Ang):
       10.944852   -0.145336   -0.004036
       -0.147805   11.022428    0.000730
       -0.004995    0.000889   11.703601

outcell: Cell vector modules (Ang)   :   10.945817   11.023419   11.703603
outcell: Cell angles (23,13,12) (deg):     89.9915     90.0456     91.5290
outcell: Cell volume (Ang**3)        :   1411.6572
<dSpData1D:S at geom step 130
  <sparsity:sparsity for geom step 130
    nrows_g=52 nrows=52 sparsity=.9882 nnzs=2672, refcount: 7>
  <dData1D:(new from dSpData1D) n=2672, refcount: 1>
refcount: 1>
new_DM -- step:   131
Re-using DM from previous geometries...
Number of DMs in history: 1
 DM extrapolation coefficients: 
1   1.00000
New DM after history re-use:
<dSpData2D:SpM extrapolated using coords
  <sparsity:sparsity for geom step 130
    nrows_g=52 nrows=52 sparsity=.9882 nnzs=2672, refcount: 9>
  <dData2D:(temp array for extrapolation) n=2672 m=1, refcount: 1>
refcount: 1>
No. of atoms with KB's overlaping orbs in proc 0. Max # of overlaps:       4      48

InitMesh: MESH = 120 x 120 x 128 = 1843200
InitMesh: Mesh cutoff (required, used) =   300.000   327.749 Ry
New grid distribution [1]: sub = 2

        iscf     Eharris(eV)        E_KS(eV)     FreeEng(eV)     dDmax    Ef(eV) dHmax(eV)
   scf:    1     -640.847854     -640.844795     -640.914110  0.004494 -6.073680  0.061216
   scf:    2     -640.822909     -640.838054     -640.907367  0.010297 -6.074856  0.324460
   scf:    3     -640.846100     -640.845074     -640.914389  0.008656 -6.073952  0.007196
   scf:    4     -640.845093     -640.845089     -640.914403  0.000851 -6.074278  0.001868
   scf:    5     -640.845089     -640.845089     -640.914403  0.000051 -6.074289  0.001128
   scf:    6     -640.845089     -640.845089     -640.914404  0.000108 -6.074533  0.000315
   scf:    7     -640.845089     -640.845089     -640.914404  0.000089 -6.074557  0.000080

SCF Convergence by DM+H criterion
max |DM_out - DM_in|         :     0.0000893691
max |H_out - H_in|      (eV) :     0.0000798523
SCF cycle converged after 7 iterations

Using DM_out to compute the final energy and forces
No. of atoms with KB's overlaping orbs in proc 0. Max # of overlaps:       4      48

siesta: E_KS(eV) =             -640.8451

siesta: Atomic forces (eV/Ang):
----------------------------------------
   Tot    0.000034    0.000283    0.001716
----------------------------------------
   Max    0.039951
   Res    0.014264    sqrt( Sum f_i^2 / 3N )
----------------------------------------
   Max    0.039951    constrained

Stress tensor Voigt[x,y,z,yz,xz,xy] (kbar):        0.00       -0.00        0.10       -0.02        0.03       -0.00
(Free)E + p*V (eV/cell)     -640.9447
Target enthalpy (eV/cell)     -640.9144

siesta: Stress tensor (static) (eV/Ang**3):
         0.000003   -0.000003    0.000019
        -0.000003   -0.000000   -0.000011
         0.000019   -0.000011    0.000062

siesta: Pressure (static):         -0.03440835  kBar

siesta: Stress tensor (total) (eV/Ang**3):
         0.000003   -0.000003    0.000019
        -0.000003   -0.000000   -0.000011
         0.000019   -0.000011    0.000062

siesta: Pressure (total):         -0.03440835  kBar

                     ====================================
                        Begin CG opt. move =    131
                     ====================================
k-point displ. along   3 input, could be:     0.00    0.50
 Kpoints in:          480 . Kpoints trimmed:          458

siesta: k-grid: Number of k-points = 458
siesta: k-points from Monkhorst-Pack grid
siesta: k-cutoff (effective) =    23.407 Ang
siesta: k-point supercell and displacements
siesta: k-grid:    15     0     0      0.000
siesta: k-grid:     0    15     0      0.000
siesta: k-grid:     0     0     4      0.000

outcell: Unit cell vectors (Ang):
       10.944788   -0.145296   -0.004094
       -0.147764   11.022392    0.000757
       -0.005066    0.000921   11.703443

outcell: Cell vector modules (Ang)   :   10.945753   11.023382   11.703444
outcell: Cell angles (23,13,12) (deg):     89.9912     90.0463     91.5286
outcell: Cell volume (Ang**3)        :   1411.6254
<dSpData1D:S at geom step 131
  <sparsity:sparsity for geom step 131
    nrows_g=52 nrows=52 sparsity=.9882 nnzs=2672, refcount: 7>
  <dData1D:(new from dSpData1D) n=2672, refcount: 1>
refcount: 1>
new_DM -- step:   132
Re-using DM from previous geometries...
Number of DMs in history: 1
 DM extrapolation coefficients: 
1   1.00000
New DM after history re-use:
<dSpData2D:SpM extrapolated using coords
  <sparsity:sparsity for geom step 131
    nrows_g=52 nrows=52 sparsity=.9882 nnzs=2672, refcount: 9>
  <dData2D:(temp array for extrapolation) n=2672 m=1, refcount: 1>
refcount: 1>
No. of atoms with KB's overlaping orbs in proc 0. Max # of overlaps:       4      48

InitMesh: MESH = 120 x 120 x 128 = 1843200
InitMesh: Mesh cutoff (required, used) =   300.000   327.751 Ry
New grid distribution [1]: sub = 2

        iscf     Eharris(eV)        E_KS(eV)     FreeEng(eV)     dDmax    Ef(eV) dHmax(eV)
   scf:    1     -640.844093     -640.845072     -640.914387  0.001174 -6.075379  0.016042
   scf:    2     -640.843578     -640.844612     -640.913927  0.002076 -6.075001  0.084761
   scf:    3     -640.845162     -640.845092     -640.914406  0.001730 -6.075309  0.001839
   scf:    4     -640.845093     -640.845092     -640.914407  0.000211 -6.075229  0.000327
   scf:    5     -640.845093     -640.845093     -640.914407  0.000016 -6.075202  0.000356

SCF Convergence by DM+H criterion
max |DM_out - DM_in|         :     0.0000162038
max |H_out - H_in|      (eV) :     0.0003561526
SCF cycle converged after 5 iterations

Using DM_out to compute the final energy and forces
No. of atoms with KB's overlaping orbs in proc 0. Max # of overlaps:       4      48

siesta: E_KS(eV) =             -640.8451

siesta: Atomic forces (eV/Ang):
----------------------------------------
   Tot    0.000043    0.000294    0.001750
----------------------------------------
   Max    0.022770
   Res    0.009009    sqrt( Sum f_i^2 / 3N )
----------------------------------------
   Max    0.022770    constrained

Stress tensor Voigt[x,y,z,yz,xz,xy] (kbar):        0.00       -0.00        0.08       -0.01        0.02       -0.00
(Free)E + p*V (eV/cell)     -640.9379
Target enthalpy (eV/cell)     -640.9144

siesta: Stress tensor (static) (eV/Ang**3):
         0.000002   -0.000002    0.000015
        -0.000002   -0.000001   -0.000009
         0.000015   -0.000009    0.000049

siesta: Pressure (static):         -0.02667894  kBar

siesta: Stress tensor (total) (eV/Ang**3):
         0.000002   -0.000002    0.000015
        -0.000002   -0.000001   -0.000009
         0.000015   -0.000009    0.000049

siesta: Pressure (total):         -0.02667894  kBar

cgvc: Finished line minimization   45.  Mean atomic displacement =    0.0022

                     ====================================
                        Begin CG opt. move =    132
                     ====================================
k-point displ. along   3 input, could be:     0.00    0.50
 Kpoints in:          480 . Kpoints trimmed:          458

siesta: k-grid: Number of k-points = 458
siesta: k-points from Monkhorst-Pack grid
siesta: k-cutoff (effective) =    23.404 Ang
siesta: k-point supercell and displacements
siesta: k-grid:    15     0     0      0.000
siesta: k-grid:     0    15     0      0.000
siesta: k-grid:     0     0     4      0.000

outcell: Unit cell vectors (Ang):
       10.944889   -0.145333   -0.004373
       -0.147802   11.022499    0.000946
       -0.005411    0.001151   11.702102

outcell: Cell vector modules (Ang)   :   10.945855   11.023490   11.702103
outcell: Cell angles (23,13,12) (deg):     89.9891     90.0495     91.5290
outcell: Cell volume (Ang**3)        :   1411.4903
<dSpData1D:S at geom step 132
  <sparsity:sparsity for geom step 132
    nrows_g=52 nrows=52 sparsity=.9882 nnzs=2672, refcount: 7>
  <dData1D:(new from dSpData1D) n=2672, refcount: 1>
refcount: 1>
new_DM -- step:   133
Re-using DM from previous geometries...
Number of DMs in history: 1
 DM extrapolation coefficients: 
1   1.00000
New DM after history re-use:
<dSpData2D:SpM extrapolated using coords
  <sparsity:sparsity for geom step 132
    nrows_g=52 nrows=52 sparsity=.9882 nnzs=2672, refcount: 9>
  <dData2D:(temp array for extrapolation) n=2672 m=1, refcount: 1>
refcount: 1>
No. of atoms with KB's overlaping orbs in proc 0. Max # of overlaps:       4      48

InitMesh: MESH = 120 x 120 x 128 = 1843200
InitMesh: Mesh cutoff (required, used) =   300.000   327.745 Ry
New grid distribution [1]: sub = 2

        iscf     Eharris(eV)        E_KS(eV)     FreeEng(eV)     dDmax    Ef(eV) dHmax(eV)
   scf:    1     -640.838739     -640.845051     -640.914366  0.003547 -6.075013  0.013987
   scf:    2     -640.843977     -640.844760     -640.914074  0.004579 -6.073735  0.046242
   scf:    3     -640.845182     -640.845109     -640.914423  0.003462 -6.074655  0.002293
   scf:    4     -640.845112     -640.845111     -640.914425  0.000214 -6.074441  0.001370
   scf:    5     -640.845111     -640.845111     -640.914425  0.000056 -6.074315  0.001131
   scf:    6     -640.845111     -640.845111     -640.914425  0.000075 -6.074205  0.000636

SCF Convergence by DM+H criterion
max |DM_out - DM_in|         :     0.0000749084
max |H_out - H_in|      (eV) :     0.0006358162
SCF cycle converged after 6 iterations

Using DM_out to compute the final energy and forces
No. of atoms with KB's overlaping orbs in proc 0. Max # of overlaps:       4      48

siesta: E_KS(eV) =             -640.8451

siesta: Atomic forces (eV/Ang):
----------------------------------------
   Tot    0.000032    0.000270    0.001808
----------------------------------------
   Max    0.044900
   Res    0.016998    sqrt( Sum f_i^2 / 3N )
----------------------------------------
   Max    0.044900    constrained

Stress tensor Voigt[x,y,z,yz,xz,xy] (kbar):       -0.01       -0.00       -0.01        0.00       -0.01        0.00
(Free)E + p*V (eV/cell)     -640.9068
Target enthalpy (eV/cell)     -640.9144

siesta: Stress tensor (static) (eV/Ang**3):
        -0.000004    0.000001   -0.000004
         0.000001   -0.000003    0.000002
        -0.000004    0.000002   -0.000009

siesta: Pressure (static):          0.00860923  kBar

siesta: Stress tensor (total) (eV/Ang**3):
        -0.000004    0.000001   -0.000004
         0.000001   -0.000003    0.000002
        -0.000004    0.000002   -0.000009

siesta: Pressure (total):          0.00860923  kBar

                     ====================================
                        Begin CG opt. move =    133
                     ====================================
k-point displ. along   3 input, could be:     0.00    0.50
 Kpoints in:          480 . Kpoints trimmed:          458

siesta: k-grid: Number of k-points = 458
siesta: k-points from Monkhorst-Pack grid
siesta: k-cutoff (effective) =    23.405 Ang
siesta: k-point supercell and displacements
siesta: k-grid:    15     0     0      0.000
siesta: k-grid:     0    15     0      0.000
siesta: k-grid:     0     0     4      0.000

outcell: Unit cell vectors (Ang):
       10.944872   -0.145327   -0.004325
       -0.147796   11.022481    0.000914
       -0.005352    0.001112   11.702332

outcell: Cell vector modules (Ang)   :   10.945838   11.023471   11.702334
outcell: Cell angles (23,13,12) (deg):     89.9895     90.0489     91.5289
outcell: Cell volume (Ang**3)        :   1411.5135
<dSpData1D:S at geom step 133
  <sparsity:sparsity for geom step 133
    nrows_g=52 nrows=52 sparsity=.9882 nnzs=2672, refcount: 7>
  <dData1D:(new from dSpData1D) n=2672, refcount: 1>
refcount: 1>
new_DM -- step:   134
Re-using DM from previous geometries...
Number of DMs in history: 1
 DM extrapolation coefficients: 
1   1.00000
New DM after history re-use:
<dSpData2D:SpM extrapolated using coords
  <sparsity:sparsity for geom step 133
    nrows_g=52 nrows=52 sparsity=.9882 nnzs=2672, refcount: 9>
  <dData2D:(temp array for extrapolation) n=2672 m=1, refcount: 1>
refcount: 1>
No. of atoms with KB's overlaping orbs in proc 0. Max # of overlaps:       4      48

InitMesh: MESH = 120 x 120 x 128 = 1843200
InitMesh: Mesh cutoff (required, used) =   300.000   327.746 Ry
New grid distribution [1]: sub = 2

        iscf     Eharris(eV)        E_KS(eV)     FreeEng(eV)     dDmax    Ef(eV) dHmax(eV)
   scf:    1     -640.846180     -640.845110     -640.914425  0.000524 -6.074120  0.003179
   scf:    2     -640.845074     -640.845100     -640.914414  0.000539 -6.074439  0.012142
   scf:    3     -640.845113     -640.845111     -640.914426  0.000426 -6.074194  0.000853
   scf:    4     -640.845111     -640.845111     -640.914426  0.000039 -6.074241  0.000312

SCF Convergence by DM+H criterion
max |DM_out - DM_in|         :     0.0000394710
max |H_out - H_in|      (eV) :     0.0003123377
SCF cycle converged after 4 iterations

Using DM_out to compute the final energy and forces
No. of atoms with KB's overlaping orbs in proc 0. Max # of overlaps:       4      48

siesta: E_KS(eV) =             -640.8451

siesta: Atomic forces (eV/Ang):
----------------------------------------
   Tot    0.000070    0.000258    0.001854
----------------------------------------
   Max    0.036694
   Res    0.013986    sqrt( Sum f_i^2 / 3N )
----------------------------------------
   Max    0.036694    constrained

Stress tensor Voigt[x,y,z,yz,xz,xy] (kbar):       -0.00       -0.00        0.00       -0.00       -0.00        0.00
(Free)E + p*V (eV/cell)     -640.9125
Target enthalpy (eV/cell)     -640.9144

siesta: Stress tensor (static) (eV/Ang**3):
        -0.000003    0.000001   -0.000000
         0.000001   -0.000002   -0.000000
        -0.000000   -0.000000    0.000001

siesta: Pressure (static):          0.00216940  kBar

siesta: Stress tensor (total) (eV/Ang**3):
        -0.000003    0.000001   -0.000000
         0.000001   -0.000002   -0.000000
        -0.000000   -0.000000    0.000001

siesta: Pressure (total):          0.00216940  kBar

cgvc: Finished line minimization   46.  Mean atomic displacement =    0.0018

                     ====================================
                        Begin CG opt. move =    134
                     ====================================
k-point displ. along   3 input, could be:     0.00    0.50
 Kpoints in:          480 . Kpoints trimmed:          458

siesta: k-grid: Number of k-points = 458
siesta: k-points from Monkhorst-Pack grid
siesta: k-cutoff (effective) =    23.403 Ang
siesta: k-point supercell and displacements
siesta: k-grid:    15     0     0      0.000
siesta: k-grid:     0    15     0      0.000
siesta: k-grid:     0     0     4      0.000

outcell: Unit cell vectors (Ang):
       10.944986   -0.145364   -0.004533
       -0.147833   11.022591    0.001061
       -0.005609    0.001290   11.701294

outcell: Cell vector modules (Ang)   :   10.945953   11.023582   11.701295
outcell: Cell angles (23,13,12) (deg):     89.9878     90.0513     91.5293
outcell: Cell volume (Ang**3)        :   1411.4170
<dSpData1D:S at geom step 134
  <sparsity:sparsity for geom step 134
    nrows_g=52 nrows=52 sparsity=.9882 nnzs=2672, refcount: 7>
  <dData1D:(new from dSpData1D) n=2672, refcount: 1>
refcount: 1>
new_DM -- step:   135
Re-using DM from previous geometries...
Number of DMs in history: 1
 DM extrapolation coefficients: 
1   1.00000
New DM after history re-use:
<dSpData2D:SpM extrapolated using coords
  <sparsity:sparsity for geom step 134
    nrows_g=52 nrows=52 sparsity=.9882 nnzs=2672, refcount: 9>
  <dData2D:(temp array for extrapolation) n=2672 m=1, refcount: 1>
refcount: 1>
No. of atoms with KB's overlaping orbs in proc 0. Max # of overlaps:       4      48

InitMesh: MESH = 120 x 120 x 128 = 1843200
InitMesh: Mesh cutoff (required, used) =   300.000   327.739 Ry
New grid distribution [1]: sub = 2

        iscf     Eharris(eV)        E_KS(eV)     FreeEng(eV)     dDmax    Ef(eV) dHmax(eV)
   scf:    1     -640.841516     -640.845074     -640.914388  0.003206 -6.078657  0.016574
   scf:    2     -640.843414     -640.844581     -640.913895  0.004156 -6.077201  0.079323
   scf:    3     -640.845178     -640.845112     -640.914427  0.003383 -6.078370  0.004600
   scf:    4     -640.845119     -640.845118     -640.914432  0.000477 -6.078046  0.001171
   scf:    5     -640.845118     -640.845118     -640.914432  0.000013 -6.077995  0.001063
   scf:    6     -640.845118     -640.845118     -640.914432  0.000078 -6.077734  0.000190

SCF Convergence by DM+H criterion
max |DM_out - DM_in|         :     0.0000775211
max |H_out - H_in|      (eV) :     0.0001902878
SCF cycle converged after 6 iterations

Using DM_out to compute the final energy and forces
No. of atoms with KB's overlaping orbs in proc 0. Max # of overlaps:       4      48

siesta: E_KS(eV) =             -640.8451

siesta: Atomic forces (eV/Ang):
----------------------------------------
   Tot    0.000029    0.000231    0.001881
----------------------------------------
   Max    0.026826
   Res    0.012822    sqrt( Sum f_i^2 / 3N )
----------------------------------------
   Max    0.026826    constrained

Stress tensor Voigt[x,y,z,yz,xz,xy] (kbar):       -0.01       -0.01       -0.08        0.02       -0.03        0.01
(Free)E + p*V (eV/cell)     -640.8841
Target enthalpy (eV/cell)     -640.9144

siesta: Stress tensor (static) (eV/Ang**3):
        -0.000008    0.000004   -0.000017
         0.000004   -0.000004    0.000010
        -0.000017    0.000010   -0.000052

siesta: Pressure (static):          0.03440090  kBar

siesta: Stress tensor (total) (eV/Ang**3):
        -0.000008    0.000004   -0.000017
         0.000004   -0.000004    0.000010
        -0.000017    0.000010   -0.000052

siesta: Pressure (total):          0.03440090  kBar

                     ====================================
                        Begin CG opt. move =    135
                     ====================================
k-point displ. along   3 input, could be:     0.00    0.50
 Kpoints in:          480 . Kpoints trimmed:          458

siesta: k-grid: Number of k-points = 458
siesta: k-points from Monkhorst-Pack grid
siesta: k-cutoff (effective) =    23.403 Ang
siesta: k-point supercell and displacements
siesta: k-grid:    15     0     0      0.000
siesta: k-grid:     0    15     0      0.000
siesta: k-grid:     0     0     4      0.000

outcell: Unit cell vectors (Ang):
       10.944945   -0.145350   -0.004457
       -0.147820   11.022551    0.001007
       -0.005516    0.001226   11.701670

outcell: Cell vector modules (Ang)   :   10.945911   11.023542   11.701671
outcell: Cell angles (23,13,12) (deg):     89.9884     90.0504     91.5292
outcell: Cell volume (Ang**3)        :   1411.4520
<dSpData1D:S at geom step 135
  <sparsity:sparsity for geom step 135
    nrows_g=52 nrows=52 sparsity=.9882 nnzs=2672, refcount: 7>
  <dData1D:(new from dSpData1D) n=2672, refcount: 1>
refcount: 1>
new_DM -- step:   136
Re-using DM from previous geometries...
Number of DMs in history: 1
 DM extrapolation coefficients: 
1   1.00000
New DM after history re-use:
<dSpData2D:SpM extrapolated using coords
  <sparsity:sparsity for geom step 135
    nrows_g=52 nrows=52 sparsity=.9882 nnzs=2672, refcount: 9>
  <dData2D:(temp array for extrapolation) n=2672 m=1, refcount: 1>
refcount: 1>
No. of atoms with KB's overlaping orbs in proc 0. Max # of overlaps:       4      48

InitMesh: MESH = 120 x 120 x 128 = 1843200
InitMesh: Mesh cutoff (required, used) =   300.000   327.742 Ry
New grid distribution [1]: sub = 2

        iscf     Eharris(eV)        E_KS(eV)     FreeEng(eV)     dDmax    Ef(eV) dHmax(eV)
   scf:    1     -640.846373     -640.845116     -640.914430  0.001138 -6.076200  0.005884
   scf:    2     -640.844890     -640.845049     -640.914362  0.001754 -6.076701  0.028136
   scf:    3     -640.845129     -640.845121     -640.914436  0.001448 -6.076302  0.001586
   scf:    4     -640.845122     -640.845121     -640.914436  0.000168 -6.076415  0.000430
   scf:    5     -640.845121     -640.845121     -640.914436  0.000045 -6.076479  0.000233

SCF Convergence by DM+H criterion
max |DM_out - DM_in|         :     0.0000449278
max |H_out - H_in|      (eV) :     0.0002333784
SCF cycle converged after 5 iterations

Using DM_out to compute the final energy and forces
No. of atoms with KB's overlaping orbs in proc 0. Max # of overlaps:       4      48

siesta: E_KS(eV) =             -640.8451

siesta: Atomic forces (eV/Ang):
----------------------------------------
   Tot    0.000041    0.000240    0.001866
----------------------------------------
   Max    0.012476
   Res    0.006168    sqrt( Sum f_i^2 / 3N )
----------------------------------------
   Max    0.012476    constrained

Stress tensor Voigt[x,y,z,yz,xz,xy] (kbar):       -0.01       -0.01       -0.05        0.01       -0.02        0.00
(Free)E + p*V (eV/cell)     -640.8944
Target enthalpy (eV/cell)     -640.9144

siesta: Stress tensor (static) (eV/Ang**3):
        -0.000006    0.000003   -0.000011
         0.000003   -0.000004    0.000006
        -0.000011    0.000006   -0.000033

siesta: Pressure (static):          0.02278490  kBar

siesta: Stress tensor (total) (eV/Ang**3):
        -0.000006    0.000003   -0.000011
         0.000003   -0.000004    0.000006
        -0.000011    0.000006   -0.000033

siesta: Pressure (total):          0.02278490  kBar

outcoor: Relaxed atomic coordinates (Ang):                  
    0.09447671    0.61991907    2.66756156   1       1  C
    0.48664243    0.40187848    3.90139716   1       2  C
   -0.29337395    0.85426413    1.41327802   1       3  C
    0.87752238    0.16745408    5.15469671   1       4  C

outcell: Unit cell vectors (Ang):
       10.944945   -0.145350   -0.004457
       -0.147820   11.022551    0.001007
       -0.005516    0.001226   11.701670

outcell: Cell vector modules (Ang)   :   10.945911   11.023542   11.701671
outcell: Cell angles (23,13,12) (deg):     89.9884     90.0504     91.5292
outcell: Cell volume (Ang**3)        :   1411.4520

coxmol: Writing XMOL coordinates into file graphite.xyz                                                                                                                                                                                                                        

siesta: Program's energy decomposition (eV):
siesta: Ebs     =      -183.472576
siesta: Eions   =      1128.646832
siesta: Ena     =       299.124693
siesta: Ekin    =       416.114736
siesta: Enl     =        -5.532200
siesta: Eso     =         0.000000
siesta: Edftu   =         0.000000
siesta: DEna    =        -1.028954
siesta: DUscf   =         1.251166
siesta: DUext   =         0.000000
siesta: Ex      =      -204.328325
siesta: Ec      =       -17.799405
siesta: Exc     =      -222.127730
siesta: EbV     =         0.000000
siesta: eta*DQ  =         0.000000
siesta: Emadel  =         0.000000
siesta: Emeta   =         0.000000
siesta: Emolmec =         0.000000
siesta: Ekinion =         0.000000
siesta: Eharris =      -640.845121
siesta: Etot    =      -640.845121
siesta: FreeEng =      -640.914436

siesta: Final energy (eV):
siesta:  Band Struct. =    -183.472576
siesta:       Kinetic =     416.114736
siesta:       Hartree =     778.011401
siesta:         Edftu =       0.000000
siesta:       Eso     =       0.000000
siesta:    Ext. field =       0.000000
siesta:         Exch. =    -204.328325
siesta:         Corr. =     -17.799405
siesta:     Bulk bias =       0.000000
siesta:   Exch.-corr. =    -222.127730
siesta:  Ion-electron =   -1915.458340
siesta:       Ion-ion =     302.614812
siesta:       Ekinion =       0.000000
siesta: D3 dispersion =       0.000000
siesta:         Total =    -640.845121
siesta:         Fermi =      -6.076479

siesta: Stress tensor (static) (eV/Ang**3):
siesta:    -0.000006    0.000003   -0.000011
siesta:     0.000003   -0.000004    0.000006
siesta:    -0.000011    0.000006   -0.000033

siesta: Constrained stress tensor (static) (eV/Ang**3):
siesta:    -0.000006    0.000003   -0.000011
siesta:     0.000003   -0.000004    0.000006
siesta:    -0.000011    0.000006   -0.000033

siesta: Cell volume =       1411.451977 Ang**3

siesta: Pressure (static):
siesta:                Solid            Molecule  Units
siesta:           0.00000015          0.00000001  Ry/Bohr**3
siesta:           0.00001422          0.00000095  eV/Ang**3
siesta:           0.02278490          0.00151531  kBar

Basis Enthalpy Calculation:
    Basis Pressure for species 1(C) :      0.2000000 GPa

    Orbital volume contribution        =           1.085894 eV
    (Free)E + p_basis*V_orbitals       =        -639.828542 eV
    (Free)Eharris+ p_basis*V_orbitals  =        -639.828542 eV
WARNING: BASIS_ENTHALPY and BASIS_HARRIS_ENTHALPY files are deprecated. They will be removed in future releases.
Please use system_label.BASIS_ENTHALPY in your scripts instead.

siesta: Electric dipole (a.u.)  =   -0.001471    0.000058    0.000433
siesta: Electric dipole (Debye) =   -0.003738    0.000148    0.001101

cite: Please indicate the Siesta version in published work: 5.4.2
cite: This calculation has made use of features in the following articles
cite: which we encourage you to cite in published work.
cite: (Please see "graphite.bib" for a BibTeX file.)
        Primary SIESTA paper
          DOI: www.doi.org/10.1088/0953-8984/14/11/302
        PSML pseudopotential format
          DOI: www.doi.org/10.1016/j.cpc.2018.02.011


timer: Elapsed wall time (sec) =    1302.335
timer: CPU execution times (sec):

Routine            Calls   Time/call    Tot.time        %
siesta                 1    1300.997    1300.997   100.00
Setup                  1       0.062       0.062     0.00
bands                  1       0.000       0.000     0.00
KSV_init               1       0.000       0.000     0.00
IterGeom             136       9.566    1300.919    99.99
geom_init            136       0.514      69.888     5.37
state_init           136       0.008       1.052     0.08
hsparse              136       0.000       0.009     0.00
overlap              136       0.000       0.067     0.01
Setup_H0             136       0.251      34.114     2.62
naefs                272       0.000       0.005     0.00
dnaefs               136       0.000       0.002     0.00
two-body             136       0.000       0.000     0.00
MolMec               272       0.000       0.000     0.00
kinefsm              272       0.000       0.134     0.01
nlefsm               272       0.001       0.164     0.01
DHSCF_Init           136       0.250      33.984     2.61
DHSCF1               136       0.012       1.613     0.12
InitMesh             136       0.012       1.611     0.12
INITMESH             136       0.000       0.001     0.00
DHSCF2               136       0.238      32.371     2.49
REMESH               136       0.009       1.226     0.09
REORD               6736       0.002      14.563     1.12
PHION                136       0.126      17.099     1.31
COMM_BSC            9800       0.002      15.728     1.21
POISON              2484       0.079     196.480    15.10
fft                 4968       0.032     157.437    12.10
setup_H             2212       0.258     569.668    43.79
DHSCF               2348       0.268     628.615    48.32
DHSCF3              2348       0.257     602.751    46.33
rhoofd              2348       0.025      58.978     4.53
XC                  2348       0.109     254.863    19.59
GXC-CellXC          2348       0.104     243.854    18.74
gridxc@cellXC       2348       0.104     243.841    18.74
vmat                2348       0.018      42.323     3.25
IterSCF             2076       0.564    1170.163    89.94
compute_dm          2076       0.306     634.773    48.79
diagon              2076       0.306     634.758    48.79
c-eigval          950808       0.000     182.403    14.02
c-buildHS         950808       0.000      27.249     2.09
cdiag            1901616       0.000     524.639    40.33
cdiag1           1901616       0.000      30.797     2.37
cdiag2           1901616       0.000      82.500     6.34
cdiag3           1901616       0.000     393.884    30.28
c-eigvec          950808       0.000     397.602    30.56
cdiag4            950808       0.000      10.847     0.83
c-buildD          950808       0.000      48.145     3.70
MIXER               1940       0.000       0.119     0.01
PostSCF              136       0.447      60.771     4.67
FINAL_HF             136       0.447      60.768     4.67
DHSCF4               136       0.190      25.861     1.99
dfscf                136       0.151      20.485     1.57
overfsm              136       0.000       0.066     0.01
writeHSX             136       0.000       0.017     0.00
state_analysis       136       0.000       0.023     0.00
siesta_move          136       0.000       0.039     0.00
Analysis               1       0.010       0.010     0.00
optical                1       0.000       0.000     0.00
  

>> End of run:  21-MAY-2026  12:34:41
Job completed
Job completed
